date,temperature_c,humidity_pct,wind_speed_kmh,solar_radiation_w_m2,pressure_hpa,rainfall_mm,heat_index_c,wbgt_c,apparent_temperature_c,thermal_stress_score,thermal_stress_level,heatwave
2020-01-01 00:00:00,37.5,32.6,4.3,423.0,1018.7,0.2,38.6,35.3,39.6,27.41,Low,0
2020-01-01 06:00:00,33.0,34.2,6.1,599.0,1007.5,0.3,34.0,31.5,33.5,26.78,Low,0
2020-01-01 12:00:00,38.5,54.6,3.4,777.0,1000.4,2.5,40.8,37.3,46.1,37.0,Moderate,0
2020-01-01 18:00:00,44.7,41.5,7.1,620.0,991.8,0.4,45.9,42.3,52.2,33.86,Moderate,1
2020-01-02 00:00:00,32.4,38.6,12.8,623.0,992.7,0.5,32.8,31.1,32.1,26.52,Low,0
2020-01-02 06:00:00,32.4,68.4,8.4,459.0,1009.1,4.0,34.8,32.0,37.7,34.84,Moderate,0
2020-01-02 12:00:00,45.1,68.8,11.2,492.0,993.9,1.6,47.2,43.5,60.7,39.51,High,1
2020-01-02 18:00:00,39.4,81.8,7.9,310.0,1006.0,0.2,42.5,38.6,53.1,39.0,High,0
2020-01-03 00:00:00,30.7,51.3,14.7,762.0,1025.4,0.2,31.5,30.2,31.3,29.49,Moderate,0
2020-01-03 06:00:00,37.8,25.5,2.3,115.0,1001.5,0.5,38.8,35.0,38.8,23.96,Low,0
2020-01-03 12:00:00,30.8,40.5,13.5,793.0,995.4,1.4,31.2,29.9,30.1,27.72,Low,0
2020-01-03 18:00:00,30.7,93.5,23.7,199.0,1008.8,2.1,32.5,31.1,35.7,34.68,Moderate,0
2020-01-04 00:00:00,35.7,64.7,5.5,791.0,992.7,0.5,38.3,35.2,43.1,37.25,Moderate,0
2020-01-04 06:00:00,20.6,73.2,21.7,462.0,1022.2,3.1,21.7,21.6,18.2,27.78,Low,0
2020-01-04 12:00:00,21.9,20.6,11.6,242.0,1019.0,0.2,21.5,20.7,17.4,14.57,Low,0
2020-01-04 18:00:00,30.1,58.9,9.0,695.0,1003.4,0.3,32.0,29.8,32.6,31.79,Moderate,0
2020-01-05 00:00:00,26.9,22.8,7.4,782.0,996.0,5.3,27.2,25.8,24.1,24.04,Low,0
2020-01-05 06:00:00,36.2,62.7,22.2,440.0,1000.7,0.2,36.7,35.2,40.3,30.9,Moderate,0
2020-01-05 12:00:00,27.6,89.1,7.9,730.0,1002.0,3.3,31.1,28.7,32.9,39.75,High,0
2020-01-05 18:00:00,24.1,92.6,26.0,50.0,1008.8,1.8,25.6,25.0,24.2,29.8,Moderate,0
2020-01-06 00:00:00,44.3,60.5,24.1,220.0,1015.4,0.1,44.4,42.2,54.0,31.92,Moderate,1
2020-01-06 06:00:00,32.4,54.4,6.6,873.0,994.6,1.0,34.3,31.9,35.8,33.76,Moderate,0
2020-01-06 12:00:00,34.5,90.9,8.3,494.0,1015.1,1.1,38.0,34.7,45.2,40.68,High,0
2020-01-06 18:00:00,24.0,70.5,1.6,84.0,1011.2,4.0,27.3,24.2,26.6,30.14,Moderate,0
2020-01-07 00:00:00,30.2,24.9,9.2,375.0,999.9,0.8,30.3,28.4,27.9,21.07,Low,0
2020-01-07 06:00:00,34.8,54.9,10.0,319.0,994.1,0.9,36.3,33.6,38.9,30.09,Moderate,0
2020-01-07 12:00:00,25.9,38.0,19.8,509.0,1006.2,0.2,25.4,25.1,22.2,21.08,Low,0
2020-01-07 18:00:00,36.6,55.2,24.9,457.0,994.4,1.5,36.4,35.3,38.9,29.24,Moderate,0
2020-01-08 00:00:00,29.8,54.2,15.6,595.0,1015.2,0.4,30.6,29.3,30.2,28.44,Moderate,0
2020-01-08 06:00:00,32.0,63.7,18.8,533.0,993.8,0.1,32.9,31.6,34.3,30.6,Moderate,0
2020-01-08 12:00:00,29.8,46.8,8.3,890.0,1010.5,8.7,31.1,29.3,30.6,33.17,Moderate,0
2020-01-08 18:00:00,47.0,32.3,3.5,656.0,1004.2,0.5,48.2,44.1,53.6,33.62,Moderate,1
2020-01-09 00:00:00,33.9,57.8,11.6,664.0,999.4,0.2,35.4,33.2,37.7,32.43,Moderate,0
2020-01-09 06:00:00,26.6,82.3,19.6,841.0,1004.0,1.8,28.4,27.7,28.2,35.56,Moderate,0
2020-01-09 12:00:00,39.8,69.8,0.5,453.0,1015.8,2.6,43.2,38.7,52.4,39.57,High,0
2020-01-09 18:00:00,25.5,45.4,10.4,235.0,993.1,0.1,26.5,24.8,24.4,22.54,Low,0
2020-01-10 00:00:00,35.5,90.2,1.9,852.0,1000.9,0.2,39.8,36.0,48.3,44.6,High,0
2020-01-10 06:00:00,20.3,88.4,5.2,584.0,997.5,0.1,24.1,21.9,22.2,34.61,Moderate,0
2020-01-10 12:00:00,24.7,35.7,10.7,585.0,1004.6,0.1,25.2,24.1,22.3,22.32,Low,0
2020-01-10 18:00:00,35.4,23.0,25.2,392.0,998.2,1.6,33.5,33.1,30.8,20.14,Low,0
2020-01-11 00:00:00,39.2,75.6,9.7,396.0,987.3,1.3,41.8,38.3,50.9,38.02,High,0
2020-01-11 06:00:00,35.2,82.1,14.9,762.0,994.4,1.6,37.5,35.3,43.6,39.66,High,0
2020-01-11 12:00:00,33.2,92.6,11.5,796.0,1021.4,1.1,36.4,33.9,42.5,42.14,High,0
2020-01-11 18:00:00,31.9,86.7,5.4,746.0,1007.5,2.6,35.6,32.5,40.3,41.46,High,0
2020-01-12 00:00:00,23.7,65.0,13.1,748.0,1007.1,1.2,25.4,24.4,23.4,30.32,Moderate,0
2020-01-12 06:00:00,29.0,59.8,3.4,692.0,1002.2,3.8,31.6,28.9,32.2,33.84,Moderate,0
2020-01-12 12:00:00,30.8,22.1,9.6,583.0,1004.5,1.0,30.8,29.1,28.2,22.19,Low,0
2020-01-12 18:00:00,41.4,38.5,21.9,506.0,1000.7,2.3,40.7,39.1,43.2,28.48,Moderate,0
2020-01-13 00:00:00,36.4,54.5,10.9,853.0,1010.3,0.8,37.8,35.5,41.2,34.5,Moderate,0
2020-01-13 06:00:00,21.7,67.1,11.5,457.0,1006.0,0.9,23.7,22.3,21.2,27.98,Low,0
2020-01-13 12:00:00,36.3,61.8,7.4,642.0,993.3,2.8,38.5,35.5,43.1,36.1,Moderate,0
2020-01-13 18:00:00,31.3,75.7,2.4,349.0,1007.5,0.2,34.8,31.2,38.2,35.22,Moderate,0
2020-01-14 00:00:00,29.3,41.0,8.1,385.0,980.4,1.2,30.4,28.2,29.2,25.12,Low,0
2020-01-14 06:00:00,38.3,62.4,16.9,491.0,1009.1,1.9,39.4,37.1,44.8,33.8,Moderate,0
2020-01-14 12:00:00,41.2,26.6,12.5,349.0,990.9,2.1,41.0,38.4,41.6,26.04,Low,0
2020-01-14 18:00:00,40.5,51.0,3.6,749.0,1004.0,1.3,42.6,39.0,48.5,36.33,Moderate,1
2020-01-15 00:00:00,28.1,76.3,1.8,213.0,993.1,0.9,31.7,28.2,33.3,33.27,Moderate,0
2020-01-15 06:00:00,31.8,72.0,5.4,575.0,1005.0,0.5,34.8,31.7,37.9,35.72,Moderate,0
2020-01-15 12:00:00,36.3,94.3,8.1,583.0,1010.8,3.6,40.0,36.6,49.4,43.92,High,0
2020-01-15 18:00:00,40.8,40.8,8.6,97.0,1020.0,0.7,41.8,38.2,45.4,27.81,Low,0
2020-01-16 00:00:00,30.6,57.4,8.7,440.0,989.6,2.4,32.4,30.0,33.2,30.52,Moderate,0
2020-01-16 06:00:00,32.7,44.7,9.6,614.0,1014.8,0.0,33.8,31.6,34.1,28.58,Moderate,0
2020-01-16 12:00:00,26.3,53.0,12.8,657.0,1006.3,0.4,27.4,26.2,25.8,27.59,Low,0
2020-01-16 18:00:00,25.6,84.3,7.0,499.0,1000.5,0.6,29.0,26.5,29.3,35.15,Moderate,0
2020-01-17 00:00:00,39.7,71.3,4.5,719.0,1012.6,1.7,42.7,38.9,51.8,40.78,High,0
2020-01-17 06:00:00,43.5,86.2,13.8,523.0,1002.6,0.6,46.2,42.7,61.9,42.5,High,1
2020-01-17 12:00:00,33.5,35.3,17.2,553.0,1012.2,0.1,33.2,31.9,32.2,24.64,Low,0
2020-01-17 18:00:00,41.0,85.5,6.2,613.0,995.1,0.3,44.5,40.5,57.6,43.29,High,1
2020-01-18 00:00:00,36.5,24.5,31.6,782.0,998.7,0.4,33.9,34.5,31.3,22.24,Low,0
2020-01-18 06:00:00,29.5,86.6,24.3,381.0,1014.4,0.3,30.9,30.0,32.5,33.03,Moderate,0
2020-01-18 12:00:00,36.5,44.7,3.8,428.0,1019.9,0.3,38.3,34.8,40.7,30.16,Moderate,0
2020-01-18 18:00:00,44.8,43.6,1.9,383.0,1004.6,2.2,46.8,42.2,54.0,34.32,Moderate,1
2020-01-19 00:00:00,33.7,58.4,8.4,467.0,977.1,0.8,35.6,32.8,38.1,31.87,Moderate,0
2020-01-19 06:00:00,45.0,90.6,11.6,907.0,1003.0,0.8,48.1,44.6,67.3,47.66,High,1
2020-01-19 12:00:00,18.0,23.6,31.3,693.0,1005.3,5.1,15.4,17.7,9.5,14.72,Low,0
2020-01-19 18:00:00,39.8,46.4,30.6,267.0,1002.7,0.9,38.4,37.7,41.0,25.71,Low,0
2020-01-20 00:00:00,34.6,84.2,15.0,400.0,1008.4,3.9,37.0,34.5,42.9,37.99,Moderate,0
2020-01-20 06:00:00,31.9,49.7,7.2,643.0,1000.2,0.5,33.5,31.1,34.2,30.34,Moderate,0
2020-01-20 12:00:00,34.6,34.9,20.4,323.0,1013.4,0.8,33.9,32.7,32.9,22.92,Low,0
2020-01-20 18:00:00,20.1,51.9,10.4,369.0,993.3,0.8,21.4,20.3,18.1,22.99,Low,0
2020-01-21 00:00:00,32.5,48.9,3.1,886.0,1017.4,1.2,34.6,31.8,35.8,33.3,Moderate,0
2020-01-21 06:00:00,36.5,88.7,3.2,397.0,1020.5,1.3,40.6,36.4,49.7,41.39,High,0
2020-01-21 12:00:00,44.3,77.1,7.2,789.0,995.9,0.4,47.3,43.4,62.3,43.83,High,1
2020-01-21 18:00:00,30.4,57.9,18.2,864.0,995.9,2.4,31.1,30.3,31.1,31.83,Moderate,0
2020-01-22 00:00:00,28.3,94.1,4.1,367.0,1009.1,1.0,32.5,29.1,35.4,38.54,High,0
2020-01-22 06:00:00,30.5,54.9,7.2,328.0,993.1,0.0,32.4,29.7,33.0,28.47,Moderate,0
2020-01-22 12:00:00,40.4,24.4,24.2,481.0,1000.1,1.3,38.7,37.7,37.7,23.5,Low,0
2020-01-22 18:00:00,36.3,39.7,12.5,278.0,1016.0,2.4,36.8,34.3,37.8,26.68,Low,0
2020-01-23 00:00:00,30.3,52.7,13.5,580.0,1012.4,0.4,31.3,29.7,31.2,28.6,Moderate,0
2020-01-23 06:00:00,37.6,31.8,18.6,499.0,1024.8,0.1,37.0,35.5,36.8,24.93,Low,0
2020-01-23 12:00:00,34.7,91.1,7.3,640.0,1006.7,2.5,38.4,35.1,45.8,42.6,High,0
2020-01-23 18:00:00,40.8,77.5,25.3,899.0,998.9,5.6,41.6,40.3,51.5,41.38,High,0
2020-01-24 00:00:00,29.1,40.1,15.3,754.0,1005.5,0.1,29.3,28.3,27.4,25.75,Low,0
2020-01-24 06:00:00,31.7,64.3,8.8,672.0,1003.5,4.2,33.9,31.5,35.9,35.09,Moderate,0
2020-01-24 12:00:00,31.3,74.1,22.3,58.0,1003.6,0.7,32.3,30.8,34.1,28.83,Moderate,0
2020-01-24 18:00:00,23.8,90.6,14.8,661.0,1004.8,4.3,26.6,25.3,25.7,36.86,Moderate,0
2020-01-25 00:00:00,36.1,86.1,9.4,981.0,995.7,1.6,39.3,36.5,47.2,43.81,High,0
2020-01-25 06:00:00,35.8,58.6,13.8,50.0,1007.8,3.3,37.1,34.3,40.4,29.53,Moderate,0
2020-01-25 12:00:00,34.0,78.1,4.8,722.0,990.9,2.3,37.3,34.1,42.7,40.08,High,0
2020-01-25 18:00:00,32.4,62.2,20.4,510.0,997.8,0.0,33.1,31.8,34.4,29.88,Moderate,0
2020-01-26 00:00:00,24.1,61.5,31.0,338.0,1003.8,0.1,23.5,24.2,20.1,22.59,Low,0
2020-01-26 06:00:00,31.1,28.6,2.3,750.0,982.4,1.1,32.3,29.7,30.9,26.7,Low,0
2020-01-26 12:00:00,31.6,29.5,6.2,977.0,1012.7,0.2,32.3,30.4,30.9,27.75,Low,0
2020-01-26 18:00:00,28.4,59.7,5.8,744.0,984.5,0.9,30.7,28.4,30.9,32.44,Moderate,0
2020-01-27 00:00:00,32.9,40.2,15.9,457.0,1011.7,4.6,33.0,31.5,32.4,26.71,Low,0
2020-01-27 06:00:00,36.8,21.6,11.1,314.0,992.1,0.5,36.5,34.2,35.0,22.27,Low,0
2020-01-27 12:00:00,47.2,74.2,6.9,586.0,1001.0,1.0,50.1,45.7,68.0,43.16,High,1
2020-01-27 18:00:00,35.2,22.4,7.7,768.0,1010.2,0.7,35.4,33.2,33.9,25.91,Low,0
2020-01-28 00:00:00,35.8,64.6,6.4,453.0,1027.0,1.5,38.3,34.9,43.0,34.9,Moderate,0
2020-01-28 06:00:00,33.5,60.4,14.6,477.0,1006.2,0.3,34.8,32.7,36.9,30.94,Moderate,0
2020-01-28 12:00:00,20.6,92.7,11.0,1100.0,985.2,0.5,23.9,22.9,21.9,38.67,High,0
2020-01-28 18:00:00,33.8,56.3,7.5,820.0,1014.5,2.9,35.7,33.2,38.1,34.95,Moderate,0
2020-01-29 00:00:00,34.4,24.8,6.5,838.0,1002.7,2.5,34.9,32.7,33.6,27.54,Low,0
2020-01-29 06:00:00,50.0,61.4,22.5,185.0,1005.7,2.3,50.4,47.3,66.5,35.54,Moderate,1
2020-01-29 12:00:00,32.7,83.1,20.1,373.0,1010.6,2.2,34.4,32.7,38.3,35.04,Moderate,0
2020-01-29 18:00:00,36.1,94.8,14.7,569.0,982.7,0.9,39.1,36.4,47.9,41.59,High,0
2020-01-30 00:00:00,33.8,52.3,18.7,300.0,1005.1,2.0,34.2,32.6,35.2,27.49,Low,0
2020-01-30 06:00:00,25.8,44.0,3.1,950.0,1000.9,0.7,27.6,25.7,26.0,29.36,Moderate,0
2020-01-30 12:00:00,42.0,88.0,4.0,903.0,1017.2,0.2,45.9,41.8,60.9,46.94,High,1
2020-01-30 18:00:00,39.3,34.3,3.7,417.0,1012.3,0.7,40.6,37.0,42.6,28.89,Moderate,0
2020-01-31 00:00:00,39.5,66.2,9.6,996.0,988.7,0.3,41.7,38.9,49.3,39.98,High,0
2020-01-31 06:00:00,27.6,50.4,19.1,549.0,1017.6,0.7,27.8,27.2,26.0,25.56,Low,0
2020-01-31 12:00:00,43.8,23.1,7.0,1100.0,1009.5,0.5,44.1,41.3,45.3,32.51,Moderate,1
2020-01-31 18:00:00,24.2,46.0,20.8,586.0,989.5,1.4,24.0,24.0,20.7,23.12,Low,0
2020-02-01 00:00:00,38.1,39.9,6.1,694.0,1005.6,0.7,39.4,36.4,41.6,31.35,Moderate,0
2020-02-01 06:00:00,49.3,71.5,8.7,900.0,1015.3,1.8,51.8,47.8,71.6,45.7,High,1
2020-02-01 12:00:00,27.1,91.2,6.9,869.0,992.9,1.1,30.8,28.5,32.5,40.52,High,0
2020-02-01 18:00:00,30.0,40.1,8.2,678.0,1018.8,3.8,31.0,29.1,30.0,28.3,Moderate,0
2020-02-02 00:00:00,34.7,80.9,8.9,515.0,989.9,0.1,37.7,34.6,43.7,37.96,Moderate,0
2020-02-02 06:00:00,30.5,24.2,1.8,679.0,997.1,1.7,31.5,29.0,29.6,25.1,Low,0
2020-02-02 12:00:00,23.1,60.4,12.3,346.0,995.6,1.7,24.6,23.2,22.3,26.22,Low,0
2020-02-02 18:00:00,34.5,25.3,8.7,588.0,1018.8,4.5,34.7,32.5,33.4,26.1,Low,0
2020-02-03 00:00:00,26.6,90.1,25.2,273.0,1000.1,0.7,28.1,27.4,28.0,31.75,Moderate,0
2020-02-03 06:00:00,37.3,77.5,14.2,105.0,993.4,0.5,39.5,36.4,46.8,34.28,Moderate,0
2020-02-03 12:00:00,27.6,69.3,11.9,563.0,1009.5,0.3,29.6,27.8,29.7,31.69,Moderate,0
2020-02-03 18:00:00,44.8,81.8,24.3,866.0,1011.6,0.5,46.0,44.0,61.6,42.42,High,1
2020-02-04 00:00:00,28.5,68.6,22.7,781.0,1011.7,1.0,29.2,28.8,28.9,31.64,Moderate,0
2020-02-04 06:00:00,31.7,92.7,25.9,530.0,1002.3,2.7,33.2,32.3,36.9,37.18,Moderate,0
2020-02-04 12:00:00,39.7,73.5,6.4,987.0,1007.5,0.5,42.6,39.3,52.0,42.54,High,0
2020-02-04 18:00:00,25.4,89.3,3.6,408.0,998.5,0.3,29.4,26.4,30.2,36.2,Moderate,0
2020-02-05 00:00:00,35.6,58.8,1.9,71.0,1021.7,0.5,38.3,34.2,42.5,31.05,Moderate,0
2020-02-05 06:00:00,43.1,28.8,18.5,50.0,1016.4,0.2,42.3,39.8,43.7,23.34,Low,1
2020-02-05 12:00:00,22.7,59.6,1.6,255.0,1015.8,3.9,25.5,22.8,23.8,28.07,Moderate,0
2020-02-05 18:00:00,35.3,29.5,11.1,754.0,1012.9,3.1,35.4,33.6,34.7,27.78,Low,0
2020-02-06 00:00:00,35.8,64.4,2.5,391.0,1010.2,0.6,38.7,34.9,43.8,34.85,Moderate,0
2020-02-06 06:00:00,39.5,56.2,20.3,665.0,992.6,0.4,39.9,38.2,44.8,32.89,Moderate,0
2020-02-06 12:00:00,25.3,66.7,13.5,962.0,1011.3,3.5,27.0,26.1,25.8,33.8,Moderate,0
2020-02-06 18:00:00,24.8,20.8,20.2,275.0,1006.1,0.0,23.4,23.3,19.0,14.38,Low,0
2020-02-07 00:00:00,37.7,34.6,11.3,670.0,1017.6,1.4,38.1,35.8,38.9,28.87,Moderate,0
2020-02-07 06:00:00,36.1,56.8,4.4,685.0,1013.1,3.7,38.4,35.2,42.4,36.0,Moderate,0
2020-02-07 12:00:00,35.8,91.3,6.8,335.0,1010.5,1.1,39.5,35.8,48.1,40.47,High,0
2020-02-07 18:00:00,36.4,48.8,17.3,889.0,988.2,0.0,36.8,35.4,38.8,31.79,Moderate,0
2020-02-08 00:00:00,29.2,51.8,2.3,478.0,1004.1,0.4,31.5,28.6,31.7,29.36,Moderate,0
2020-02-08 06:00:00,35.6,73.6,6.4,454.0,999.4,3.8,38.5,35.1,44.4,37.88,Moderate,0
2020-02-08 12:00:00,36.1,65.3,5.7,1078.0,1007.5,0.0,38.7,35.9,43.8,39.52,High,0
2020-02-08 18:00:00,29.0,42.4,9.0,681.0,1000.8,0.8,30.0,28.3,28.8,27.24,Low,0
2020-02-09 00:00:00,47.1,50.8,14.5,781.0,1002.2,2.3,47.9,44.9,58.1,37.66,Moderate,1
2020-02-09 06:00:00,37.3,36.3,19.9,889.0,1009.6,2.7,36.7,35.7,37.0,29.49,Moderate,0
2020-02-09 12:00:00,25.7,92.5,2.9,387.0,1000.7,1.0,30.0,26.8,31.2,37.36,Moderate,0
2020-02-09 18:00:00,38.6,29.8,4.7,862.0,1006.2,0.4,39.5,36.6,40.4,30.48,Moderate,0
2020-02-10 00:00:00,27.2,47.9,3.3,425.0,989.8,1.4,29.2,26.6,28.2,27.23,Low,0
2020-02-10 06:00:00,39.5,21.9,9.2,414.0,996.7,0.5,39.5,36.7,38.9,24.69,Low,0
2020-02-10 12:00:00,42.1,36.6,3.6,482.0,1011.6,0.4,43.5,39.7,47.3,31.13,Moderate,1
2020-02-10 18:00:00,28.3,78.5,12.2,394.0,992.7,2.5,30.8,28.6,31.9,33.75,Moderate,0
2020-02-11 00:00:00,40.7,35.1,21.7,756.0,1017.5,0.3,39.9,38.6,41.3,28.53,Moderate,0
2020-02-11 06:00:00,36.9,26.0,1.9,617.0,1014.7,0.0,38.0,34.7,37.9,27.35,Low,0
2020-02-11 12:00:00,39.8,55.6,4.8,427.0,1002.3,0.6,42.0,38.2,48.2,34.26,Moderate,0
2020-02-11 18:00:00,47.3,20.7,26.1,719.0,1035.0,1.0,45.2,44.0,45.6,26.98,Low,1
2020-02-12 00:00:00,32.3,26.4,10.9,481.0,1017.4,1.8,32.3,30.5,30.4,23.19,Low,0
2020-02-12 06:00:00,28.7,80.6,6.4,468.0,995.5,2.3,32.0,29.1,33.9,36.1,Moderate,0
2020-02-12 12:00:00,27.8,77.9,35.0,562.0,1012.5,1.6,27.5,28.3,26.6,29.76,Moderate,0
2020-02-12 18:00:00,28.3,88.6,7.7,666.0,1005.7,1.5,31.8,29.2,34.0,38.86,High,0
2020-02-13 00:00:00,33.5,84.1,14.2,647.0,997.2,1.6,36.0,33.7,41.0,38.67,High,0
2020-02-13 06:00:00,36.4,71.2,5.0,459.0,994.3,0.5,39.4,35.7,45.6,36.8,Moderate,0
2020-02-13 12:00:00,35.9,23.9,4.3,762.0,1014.9,0.7,36.6,33.9,35.7,27.23,Low,0
2020-02-13 18:00:00,39.8,78.7,14.7,494.0,999.0,1.4,42.0,39.1,51.8,38.84,High,0
2020-02-14 00:00:00,34.1,83.4,27.6,386.0,1004.0,0.1,35.0,34.0,39.4,33.6,Moderate,0
2020-02-14 06:00:00,44.2,79.9,6.7,183.0,995.8,0.5,47.4,42.8,63.0,40.07,High,1
2020-02-14 12:00:00,32.1,58.1,4.0,796.0,997.5,0.8,34.5,31.7,36.5,34.42,Moderate,0
2020-02-14 18:00:00,50.0,37.5,18.3,553.0,1003.7,1.1,49.7,46.9,57.6,32.75,Moderate,1
2020-02-15 00:00:00,38.4,83.4,6.7,603.0,1008.9,1.0,41.8,38.1,51.7,41.66,High,0
2020-02-15 06:00:00,28.0,74.5,12.3,811.0,979.1,1.9,30.2,28.6,30.9,35.51,Moderate,0
2020-02-15 12:00:00,26.5,93.6,6.5,431.0,1005.2,1.0,30.4,27.6,31.9,37.61,Moderate,0
2020-02-15 18:00:00,37.4,31.7,7.4,206.0,997.5,3.5,38.1,35.0,38.6,26.04,Low,0
2020-02-16 00:00:00,32.4,36.9,4.7,567.0,1019.0,0.7,33.7,31.0,33.4,27.36,Low,0
2020-02-16 06:00:00,39.0,35.9,15.0,627.0,1034.4,1.1,39.0,37.0,40.3,28.61,Moderate,0
2020-02-16 12:00:00,37.3,79.4,12.6,484.0,1001.4,0.0,39.8,36.8,47.5,37.75,Moderate,0
2020-02-16 18:00:00,33.5,34.0,12.3,918.0,987.8,0.6,33.7,32.3,32.9,28.21,Moderate,0
2020-02-17 00:00:00,28.1,25.0,5.5,50.0,1006.2,3.0,28.7,26.2,26.2,19.22,Low,0
2020-02-17 06:00:00,23.4,94.9,11.8,830.0,1002.9,0.6,26.7,25.2,26.1,38.33,High,0
2020-02-17 12:00:00,30.9,21.9,30.0,748.0,1024.7,0.4,28.4,29.3,24.3,19.13,Low,0
2020-02-17 18:00:00,40.0,82.6,4.1,664.0,1021.7,1.2,43.6,39.6,55.2,43.23,High,1
2020-02-18 00:00:00,35.5,47.4,5.0,50.0,1013.7,0.1,37.3,33.7,39.5,27.24,Low,0
2020-02-18 06:00:00,25.3,83.1,5.3,871.0,999.1,1.1,28.8,26.5,29.1,38.02,High,0
2020-02-18 12:00:00,35.2,61.6,10.2,293.0,1011.8,0.5,37.1,34.1,40.7,31.57,Moderate,0
2020-02-18 18:00:00,36.7,87.6,3.8,423.0,1007.7,0.7,40.6,36.5,49.7,41.07,High,0
2020-02-19 00:00:00,27.8,89.5,13.5,507.0,1007.4,2.4,30.7,28.7,32.2,36.83,Moderate,0
2020-02-19 06:00:00,35.1,20.7,1.7,652.0,989.4,1.6,35.9,33.0,34.6,26.08,Low,0
2020-02-19 12:00:00,34.4,25.7,16.2,710.0,1015.6,0.9,33.7,32.6,31.8,24.31,Low,0
2020-02-19 18:00:00,26.0,38.8,12.1,773.0,1006.1,1.3,26.5,25.5,23.9,25.23,Low,0
2020-02-20 00:00:00,36.5,70.2,29.6,754.0,1004.0,2.2,36.5,36.1,40.8,34.48,Moderate,0
2020-02-20 06:00:00,37.9,86.6,4.2,613.0,999.0,2.1,41.7,37.8,51.8,43.2,High,0
2020-02-20 12:00:00,41.6,54.5,18.8,654.0,997.1,0.3,42.1,40.0,48.3,33.6,Moderate,1
2020-02-20 18:00:00,41.4,65.5,8.8,277.0,1008.2,0.5,43.6,39.8,52.8,35.5,Moderate,1
2020-02-21 00:00:00,24.4,34.1,7.5,362.0,987.5,0.6,25.2,23.5,22.4,20.93,Low,0
2020-02-21 06:00:00,27.4,80.4,4.0,774.0,1012.9,0.3,30.9,28.2,32.3,37.54,Moderate,0
2020-02-21 12:00:00,37.6,92.5,6.6,759.0,994.5,0.0,41.4,37.8,52.0,44.42,High,0
2020-02-21 18:00:00,37.6,40.1,6.8,731.0,984.4,0.3,38.8,36.0,40.8,31.17,Moderate,0
2020-02-22 00:00:00,37.6,57.1,2.5,421.0,1023.2,2.5,40.2,36.3,45.3,34.73,Moderate,0
2020-02-22 06:00:00,50.0,26.5,12.0,778.0,996.4,1.2,49.9,46.7,54.4,32.98,Moderate,1
2020-02-22 12:00:00,38.0,61.9,11.0,260.0,997.8,0.6,39.8,36.6,45.3,32.54,Moderate,0
2020-02-22 18:00:00,41.9,57.7,14.1,819.0,1016.3,1.4,43.1,40.5,50.6,37.09,Moderate,1
2020-02-23 00:00:00,40.7,30.8,5.9,485.0,1023.5,2.0,41.5,38.2,43.3,29.17,Moderate,0
2020-02-23 06:00:00,38.6,53.2,16.6,971.0,989.7,0.7,39.3,37.6,43.3,34.88,Moderate,0
2020-02-23 12:00:00,31.8,45.1,22.4,170.0,995.4,0.9,31.4,30.4,30.4,22.7,Low,0
2020-02-23 18:00:00,39.3,59.1,8.0,991.0,996.2,0.1,41.3,38.4,47.5,38.33,High,0
2020-02-24 00:00:00,28.6,63.9,4.3,460.0,1014.3,1.4,31.3,28.4,32.0,31.92,Moderate,0
2020-02-24 06:00:00,32.3,20.6,9.9,455.0,1021.4,0.7,32.1,30.2,29.7,21.36,Low,0
2020-02-24 12:00:00,30.6,77.1,9.5,599.0,994.2,0.9,33.3,30.8,35.9,35.95,Moderate,0
2020-02-24 18:00:00,34.6,73.5,8.3,376.0,1019.1,0.8,37.3,34.1,42.3,35.39,Moderate,0
2020-02-25 00:00:00,50.0,47.5,14.1,532.0,997.9,1.5,50.7,47.2,62.5,36.07,Moderate,1
2020-02-25 06:00:00,20.9,24.0,7.2,366.0,1008.4,1.3,21.2,20.0,17.5,17.16,Low,0
2020-02-25 12:00:00,38.8,76.6,4.0,375.0,992.3,0.8,42.2,38.0,51.4,38.9,High,0
2020-02-25 18:00:00,22.7,91.6,10.5,672.0,1003.8,0.0,26.0,24.3,25.0,36.05,Moderate,0
2020-02-26 00:00:00,30.7,38.0,14.6,325.0,1003.9,1.5,30.8,29.3,29.4,23.36,Low,0
2020-02-26 06:00:00,41.6,44.3,15.4,358.0,1001.8,3.2,42.0,39.3,46.3,30.52,Moderate,1
2020-02-26 12:00:00,34.4,33.8,6.9,207.0,1008.8,2.2,35.3,32.3,35.1,24.87,Low,0
2020-02-26 18:00:00,26.5,63.3,11.6,424.0,994.9,6.0,28.3,26.5,27.5,30.71,Moderate,0
2020-02-27 00:00:00,29.0,31.6,22.7,878.0,996.2,0.2,27.9,28.1,24.7,23.07,Low,0
2020-02-27 06:00:00,38.8,46.7,19.2,339.0,1009.4,0.4,38.8,36.9,41.7,27.98,Low,0
2020-02-27 12:00:00,28.9,72.3,2.4,367.0,1018.4,1.2,32.2,28.9,33.9,33.77,Moderate,0
2020-02-27 18:00:00,35.5,62.0,7.3,598.0,1004.8,0.4,37.7,34.7,41.9,34.64,Moderate,0
2020-02-28 00:00:00,34.3,49.0,21.8,457.0,1010.0,0.1,34.1,33.0,34.8,26.79,Low,0
2020-02-28 06:00:00,29.4,51.5,2.4,1100.0,1012.6,0.8,31.7,29.4,31.9,34.16,Moderate,0
2020-02-28 12:00:00,49.0,62.2,9.0,509.0,1013.3,0.5,51.0,46.8,67.2,39.79,High,1
2020-02-28 18:00:00,38.4,20.4,5.9,634.0,995.5,0.5,38.7,35.9,37.8,26.13,Low,0
2020-02-29 00:00:00,19.8,25.9,11.8,786.0,997.2,4.6,19.7,19.5,15.5,20.53,Low,0
2020-02-29 06:00:00,35.3,86.1,1.1,781.0,998.1,0.4,39.5,35.6,47.3,43.19,High,0
2020-02-29 12:00:00,29.4,25.8,20.4,608.0,1024.3,0.2,28.2,28.0,24.9,20.23,Low,0
2020-02-29 18:00:00,40.0,73.0,9.3,510.0,1010.1,0.2,42.5,39.1,51.9,38.29,High,1
2020-03-01 00:00:00,28.5,89.0,3.8,1056.0,1009.6,2.5,32.5,29.8,35.2,43.11,High,0
2020-03-01 06:00:00,33.2,40.3,5.2,525.0,1008.7,1.9,34.6,31.8,34.9,28.58,Moderate,0
2020-03-01 12:00:00,37.5,47.8,12.1,440.0,991.8,0.2,38.4,35.9,41.3,29.78,Moderate,0
2020-03-01 18:00:00,40.1,62.7,4.9,389.0,1024.4,0.4,42.6,38.7,50.4,35.8,Moderate,1
2020-03-02 00:00:00,25.6,86.1,27.1,118.0,1009.8,2.1,26.7,26.2,25.6,29.24,Moderate,0
2020-03-02 06:00:00,31.7,90.6,8.5,755.0,1012.2,0.5,35.2,32.5,40.0,41.05,High,0
2020-03-02 12:00:00,30.7,75.5,24.0,50.0,987.3,6.0,31.6,30.3,33.0,30.36,Moderate,0
2020-03-02 18:00:00,29.4,26.5,10.5,549.0,1012.8,1.2,29.5,27.9,26.9,22.29,Low,0
2020-03-03 00:00:00,46.4,70.2,15.0,499.0,1001.4,0.3,48.1,44.7,63.2,39.28,High,1
2020-03-03 06:00:00,36.8,50.8,14.4,1100.0,991.8,2.9,37.6,36.0,40.4,35.64,Moderate,0
2020-03-03 12:00:00,25.2,55.3,6.4,92.0,995.5,0.6,27.2,24.7,25.8,24.78,Low,0
2020-03-03 18:00:00,40.4,23.7,15.1,325.0,992.4,0.5,39.8,37.5,39.3,23.7,Low,0
2020-03-04 00:00:00,48.9,34.3,6.9,516.0,992.2,0.6,49.8,45.7,56.7,33.28,Moderate,1
2020-03-04 06:00:00,41.2,79.3,2.1,501.0,1005.6,2.2,44.9,40.4,57.3,42.47,High,1
2020-03-04 12:00:00,23.4,54.0,8.0,413.0,1001.1,0.3,25.1,23.4,23.0,25.63,Low,0
2020-03-04 18:00:00,30.6,42.6,3.3,530.0,1008.3,0.7,32.3,29.6,32.1,27.98,Low,0
2020-03-05 00:00:00,42.9,48.8,6.7,235.0,1021.8,0.0,44.5,40.6,51.4,31.93,Moderate,1
2020-03-05 06:00:00,29.0,84.1,9.1,639.0,1003.7,2.6,32.1,29.7,34.3,37.96,Moderate,0
2020-03-05 12:00:00,37.1,76.2,4.4,50.0,982.6,0.6,40.4,36.1,48.0,35.45,Moderate,0
2020-03-05 18:00:00,39.4,40.4,13.7,544.0,1002.6,0.4,39.8,37.4,42.2,29.31,Moderate,0
2020-03-06 00:00:00,27.5,28.8,6.8,400.0,1016.9,1.3,28.1,26.2,25.7,21.67,Low,0
2020-03-06 06:00:00,33.6,38.9,3.2,804.0,1004.1,1.8,35.2,32.4,35.6,30.86,Moderate,0
2020-03-06 12:00:00,18.0,89.1,4.5,989.0,1020.3,2.5,21.9,20.3,19.2,37.77,Moderate,0
2020-03-06 18:00:00,26.8,63.6,10.1,467.0,1009.5,0.6,28.8,26.8,28.2,29.65,Moderate,0
2020-03-07 00:00:00,32.2,60.0,7.7,898.0,986.6,2.5,34.3,32.0,36.2,35.56,Moderate,0
2020-03-07 06:00:00,25.3,64.7,11.5,471.0,1006.1,0.9,27.2,25.5,25.9,29.11,Moderate,0
2020-03-07 12:00:00,45.4,47.5,10.1,308.0,1008.0,0.2,46.6,42.8,54.7,32.66,Moderate,1
2020-03-07 18:00:00,24.0,80.5,4.1,986.0,1015.8,2.8,27.5,25.4,27.1,38.48,High,0
2020-03-08 00:00:00,30.9,59.2,5.7,680.0,1023.2,1.2,33.2,30.6,34.5,33.08,Moderate,0
2020-03-08 06:00:00,34.9,28.8,16.6,551.0,1014.1,1.4,34.3,33.0,33.0,24.21,Low,0
2020-03-08 12:00:00,44.1,29.7,4.7,722.0,1009.4,4.2,45.0,41.5,48.1,33.22,Moderate,1
2020-03-08 18:00:00,23.9,60.3,24.3,619.0,1011.8,1.2,24.0,24.2,21.1,26.03,Low,0
2020-03-09 00:00:00,42.1,90.2,2.6,533.0,1003.3,0.0,46.3,41.6,62.0,44.97,High,1
2020-03-09 06:00:00,34.1,43.1,16.2,218.0,990.4,3.1,34.3,32.4,34.5,25.6,Low,0
2020-03-09 12:00:00,27.1,85.2,8.6,482.0,1005.4,0.5,30.3,27.9,31.5,35.57,Moderate,0
2020-03-09 18:00:00,37.2,77.3,4.1,706.0,1008.7,1.0,40.6,36.9,48.5,40.89,High,0
2020-03-10 00:00:00,35.4,38.6,9.9,519.0,993.0,0.3,36.1,33.7,36.8,27.6,Low,0
2020-03-10 06:00:00,29.8,22.7,4.9,776.0,1018.3,0.5,30.3,28.4,28.0,24.1,Low,0
2020-03-10 12:00:00,34.5,27.6,6.0,646.0,1015.1,1.7,35.2,32.7,34.3,26.66,Low,0
2020-03-10 18:00:00,31.3,74.6,7.0,330.0,991.3,0.8,34.2,31.1,37.1,34.09,Moderate,0
2020-03-11 00:00:00,34.8,35.0,15.4,220.0,1018.7,1.5,34.7,32.8,34.2,23.5,Low,0
2020-03-11 06:00:00,38.6,47.8,5.7,511.0,1001.9,2.6,40.3,36.9,44.2,32.92,Moderate,0
2020-03-11 12:00:00,45.1,57.6,11.0,419.0,997.2,0.6,46.7,43.0,57.2,35.85,Moderate,1
2020-03-11 18:00:00,25.3,74.4,15.8,634.0,1015.8,1.3,27.1,26.0,26.1,32.04,Moderate,0
2020-03-12 00:00:00,48.9,28.5,9.7,370.0,1004.5,2.3,49.2,45.4,53.9,30.77,Moderate,1
2020-03-12 06:00:00,20.3,50.5,12.2,396.0,1024.0,1.9,21.4,20.4,17.9,22.95,Low,0
2020-03-12 12:00:00,32.9,56.4,9.1,813.0,996.5,1.2,34.6,32.4,36.4,33.6,Moderate,0
2020-03-12 18:00:00,38.1,60.6,13.5,587.0,987.7,0.7,39.5,37.0,44.7,34.24,Moderate,0
2020-03-13 00:00:00,36.0,81.4,3.1,374.0,1002.2,0.8,39.7,35.6,47.3,39.02,High,0
2020-03-13 06:00:00,29.6,32.9,23.0,554.0,1012.9,0.9,28.5,28.3,25.6,21.42,Low,0
2020-03-13 12:00:00,32.5,80.6,5.4,895.0,995.7,0.6,35.9,33.0,40.4,40.62,High,0
2020-03-13 18:00:00,30.5,72.0,8.7,623.0,991.7,1.8,33.1,30.6,35.1,35.29,Moderate,0
2020-03-14 00:00:00,29.9,61.7,1.5,698.0,1007.3,0.2,32.8,29.8,34.2,33.89,Moderate,0
2020-03-14 06:00:00,39.9,72.5,6.3,362.0,990.4,5.1,42.8,38.8,52.2,39.32,High,0
2020-03-14 12:00:00,36.5,50.9,11.3,807.0,1008.1,2.3,37.7,35.4,40.5,33.75,Moderate,0
2020-03-14 18:00:00,29.1,30.4,25.0,1100.0,1001.6,0.5,27.6,28.4,24.3,24.12,Low,0
2020-03-15 00:00:00,40.3,69.9,13.9,352.0,1009.9,0.1,42.1,39.1,50.8,35.5,Moderate,1
2020-03-15 06:00:00,36.2,59.4,6.7,255.0,991.2,1.9,38.4,34.9,42.6,32.38,Moderate,0
2020-03-15 12:00:00,39.7,68.0,2.4,594.0,1018.0,2.0,42.8,38.7,51.5,39.54,High,0
2020-03-15 18:00:00,38.4,45.3,21.3,769.0,1003.2,5.0,38.1,36.9,40.3,31.86,Moderate,0
2020-03-16 00:00:00,28.2,88.0,6.4,527.0,1012.6,0.4,31.8,29.0,34.0,37.5,Moderate,0
2020-03-16 06:00:00,30.1,64.1,11.3,287.0,1014.6,0.1,31.9,29.6,32.9,29.5,Moderate,0
2020-03-16 12:00:00,39.2,26.4,6.7,523.0,993.4,3.7,39.7,36.7,40.0,28.12,Moderate,0
2020-03-16 18:00:00,38.3,53.7,12.3,700.0,1013.8,0.4,39.5,37.0,43.8,33.59,Moderate,0
2020-03-17 00:00:00,33.9,76.7,20.7,448.0,990.7,1.9,35.3,33.6,39.2,34.32,Moderate,0
2020-03-17 06:00:00,34.8,79.6,15.2,702.0,991.3,0.1,37.0,34.8,42.4,37.82,Moderate,0
2020-03-17 12:00:00,42.9,57.1,7.6,841.0,1024.6,2.1,44.8,41.4,53.5,39.1,High,1
2020-03-17 18:00:00,29.9,87.1,21.6,610.0,1016.1,0.2,31.7,30.6,33.8,35.56,Moderate,0
2020-03-18 00:00:00,37.8,40.1,28.5,543.0,1025.7,1.8,36.4,36.0,36.9,26.04,Low,0
2020-03-18 06:00:00,32.6,50.8,17.9,757.0,1001.3,1.1,33.0,31.9,33.3,29.85,Moderate,0
2020-03-18 12:00:00,32.5,87.4,6.8,336.0,1006.0,4.7,36.1,32.6,41.2,39.28,High,0
2020-03-18 18:00:00,41.7,87.2,16.2,311.0,1010.3,0.1,44.1,40.9,57.7,39.69,High,1
2020-03-19 00:00:00,39.8,71.4,17.7,483.0,1004.9,0.5,41.2,38.8,49.5,36.02,Moderate,0
2020-03-19 06:00:00,39.7,84.4,7.7,427.0,997.5,0.1,43.0,39.1,54.3,40.66,High,0
2020-03-19 12:00:00,43.1,26.7,28.5,349.0,996.0,3.2,41.0,40.1,41.2,24.11,Low,0
2020-03-19 18:00:00,34.1,84.9,20.1,1008.0,1007.1,1.4,35.9,34.7,41.1,40.6,High,0
2020-03-20 00:00:00,38.8,44.0,8.0,1093.0,994.3,1.1,40.0,37.6,43.2,35.44,Moderate,0
2020-03-20 06:00:00,31.8,33.4,6.8,462.0,994.1,0.2,32.7,30.3,31.6,24.84,Low,0
2020-03-20 12:00:00,36.3,38.0,17.5,573.0,1008.9,1.0,36.1,34.6,36.4,26.98,Low,0
2020-03-20 18:00:00,33.1,51.3,33.4,503.0,1004.0,0.8,31.7,32.1,31.1,25.09,Low,0
2020-03-21 00:00:00,34.7,38.8,3.3,827.0,1014.4,0.6,36.2,33.4,37.1,31.07,Moderate,0
2020-03-21 06:00:00,38.2,44.0,12.7,876.0,1000.8,2.2,38.9,36.8,41.4,32.99,Moderate,0
2020-03-21 12:00:00,28.3,30.1,16.0,106.0,999.2,0.1,27.9,26.6,25.0,17.89,Low,0
2020-03-21 18:00:00,48.6,42.2,20.5,669.0,1009.2,1.6,48.2,45.9,56.6,33.9,Moderate,1
2020-03-22 00:00:00,27.0,62.9,16.1,223.0,996.9,2.6,28.2,26.7,27.2,27.24,Low,0
2020-03-22 06:00:00,25.5,53.1,6.5,990.0,998.4,3.6,27.4,25.8,25.9,32.14,Moderate,0
2020-03-22 12:00:00,42.1,46.0,3.0,660.0,998.8,2.1,44.0,40.2,50.0,35.53,Moderate,1
2020-03-22 18:00:00,39.5,76.0,7.4,344.0,1002.9,0.5,42.4,38.6,52.0,38.05,High,0
2020-03-23 00:00:00,38.4,87.0,15.8,490.0,1022.7,1.4,40.9,38.1,50.7,40.04,High,0
2020-03-23 06:00:00,38.4,76.8,6.0,478.0,991.2,0.2,41.5,37.7,50.3,38.94,High,0
2020-03-23 12:00:00,33.9,44.9,22.6,681.0,1018.0,0.2,33.4,32.8,33.3,27.14,Low,0
2020-03-23 18:00:00,27.7,75.8,8.5,810.0,1012.4,1.5,30.5,28.4,31.3,36.32,Moderate,0
2020-03-24 00:00:00,34.5,31.4,5.7,263.0,1020.7,2.9,35.4,32.4,35.0,25.22,Low,0
2020-03-24 06:00:00,29.3,29.8,13.7,1010.0,1036.4,0.1,29.1,28.4,26.6,25.5,Low,0
2020-03-24 12:00:00,40.8,45.9,7.9,951.0,1019.3,0.2,42.1,39.3,46.9,35.46,Moderate,1
2020-03-24 18:00:00,33.0,80.6,6.7,331.0,1014.3,1.3,36.2,32.9,41.0,36.6,Moderate,0
2020-03-25 00:00:00,28.2,38.5,30.9,568.0,991.9,0.4,26.4,27.3,23.0,20.53,Low,0
2020-03-25 06:00:00,31.8,24.7,5.9,978.0,993.1,1.4,32.3,30.5,30.5,27.13,Low,0
2020-03-25 12:00:00,36.9,29.9,7.2,858.0,1008.6,0.4,37.5,35.1,37.6,29.21,Moderate,0
2020-03-25 18:00:00,30.1,84.4,13.8,466.0,988.0,0.2,32.7,30.5,35.3,35.45,Moderate,0
2020-03-26 00:00:00,28.2,67.5,22.4,754.0,1011.2,1.2,28.9,28.5,28.3,31.16,Moderate,0
2020-03-26 06:00:00,35.7,39.0,12.9,1100.0,983.7,3.0,36.1,34.6,36.7,32.53,Moderate,0
2020-03-26 12:00:00,35.7,61.6,10.1,576.0,1016.5,1.7,37.6,34.9,41.6,34.36,Moderate,0
2020-03-26 18:00:00,30.5,59.6,33.2,392.0,1001.8,2.6,29.5,29.9,28.6,25.84,Low,0
2020-03-27 00:00:00,30.7,69.2,7.0,593.0,1006.3,0.5,33.3,30.6,35.4,34.34,Moderate,0
2020-03-27 06:00:00,35.6,37.5,7.0,612.0,997.5,3.3,36.6,34.0,37.4,29.74,Moderate,0
2020-03-27 12:00:00,23.9,84.8,6.0,419.0,986.0,0.7,27.4,24.9,27.0,34.14,Moderate,0
2020-03-27 18:00:00,24.1,43.2,12.4,660.0,1017.3,2.9,24.8,23.9,22.0,25.13,Low,0
2020-03-28 00:00:00,29.0,72.1,4.7,236.0,1018.4,1.0,32.0,28.9,33.6,32.25,Moderate,0
2020-03-28 06:00:00,32.5,21.2,3.7,384.0,1001.5,0.5,33.1,30.4,31.2,22.24,Low,0
2020-03-28 12:00:00,36.2,47.9,7.2,740.0,1011.6,0.5,37.7,35.0,40.3,32.55,Moderate,0
2020-03-28 18:00:00,44.3,46.4,2.3,111.0,1001.1,1.3,46.3,41.6,53.9,32.36,Moderate,1
2020-03-29 00:00:00,40.0,60.8,11.3,776.0,1007.9,0.1,41.7,38.9,48.5,36.8,Moderate,0
2020-03-29 06:00:00,32.9,25.5,12.4,50.0,1012.6,4.0,32.7,30.6,30.7,20.47,Low,0
2020-03-29 12:00:00,33.9,79.3,13.9,117.0,1010.6,0.5,36.2,33.4,41.0,33.35,Moderate,0
2020-03-29 18:00:00,27.0,36.3,16.7,425.0,1018.4,0.6,26.8,26.0,24.0,21.28,Low,0
2020-03-30 00:00:00,33.9,70.8,7.4,622.0,1010.2,0.4,36.6,33.6,40.8,36.28,Moderate,0
2020-03-30 06:00:00,32.0,80.2,20.8,881.0,1005.3,0.0,33.5,32.5,36.5,36.9,Moderate,0
2020-03-30 12:00:00,36.3,62.1,19.4,564.0,997.4,1.8,37.1,35.4,40.9,32.84,Moderate,0
2020-03-30 18:00:00,28.2,75.6,4.1,488.0,1000.2,1.3,31.5,28.5,32.9,34.88,Moderate,0
2020-03-31 00:00:00,37.6,69.6,9.1,695.0,1013.1,2.5,40.0,37.0,46.7,38.59,High,0
2020-03-31 06:00:00,44.7,46.7,0.9,332.0,990.0,0.1,46.9,42.2,55.0,34.14,Moderate,1
2020-03-31 12:00:00,33.2,80.7,21.0,585.0,1016.1,4.0,34.7,33.3,38.6,36.7,Moderate,0
2020-03-31 18:00:00,36.8,42.1,16.5,250.0,1002.2,0.6,36.9,34.8,38.2,25.87,Low,0
2020-04-01 00:00:00,38.8,62.8,24.1,571.0,996.8,3.7,39.0,37.7,44.4,33.92,Moderate,0
2020-04-01 06:00:00,31.2,75.9,2.6,518.0,994.0,0.2,34.7,31.3,38.0,36.45,Moderate,0
2020-04-01 12:00:00,35.6,48.4,13.2,349.0,1011.7,2.0,36.4,34.1,38.3,28.8,Moderate,0
2020-04-01 18:00:00,34.1,42.7,6.3,591.0,1004.9,1.3,35.5,32.8,36.4,29.65,Moderate,0
2020-04-02 00:00:00,34.7,54.5,1.5,590.0,1020.9,0.7,37.2,33.7,40.3,33.61,Moderate,0
2020-04-02 06:00:00,28.6,81.3,18.1,844.0,992.4,0.1,30.5,29.4,31.5,35.94,Moderate,0
2020-04-02 12:00:00,34.2,89.7,3.4,149.0,999.2,1.4,38.3,34.1,45.4,38.74,High,0
2020-04-02 18:00:00,37.5,60.9,12.0,531.0,1004.1,0.0,39.1,36.4,44.1,33.68,Moderate,0
2020-04-03 00:00:00,44.2,69.6,6.3,360.0,997.5,1.0,46.9,42.6,60.0,39.08,High,1
2020-04-03 06:00:00,40.7,87.7,10.6,767.0,1005.1,1.4,43.8,40.5,56.7,44.36,High,1
2020-04-03 12:00:00,49.1,27.4,16.8,738.0,1008.2,2.0,48.5,45.9,52.5,31.82,Moderate,1
2020-04-03 18:00:00,28.6,37.4,10.7,677.0,1009.8,7.1,29.2,27.7,27.3,27.64,Low,0
2020-04-04 00:00:00,40.1,73.2,4.6,374.0,1020.1,0.5,43.2,39.0,53.0,38.4,High,1
2020-04-04 06:00:00,35.3,81.8,31.4,771.0,992.0,0.6,35.6,35.4,40.6,36.05,Moderate,0
2020-04-04 12:00:00,49.3,84.3,7.4,167.0,1008.4,0.6,52.6,47.5,76.9,43.24,High,1
2020-04-04 18:00:00,28.3,51.1,5.4,116.0,998.5,2.0,30.2,27.4,29.7,26.0,Low,0
2020-04-05 00:00:00,28.1,26.7,8.9,231.0,1009.3,4.0,28.4,26.5,25.7,20.67,Low,0
2020-04-05 06:00:00,29.8,52.8,2.6,542.0,1009.3,5.5,32.1,29.2,32.6,32.08,Moderate,0
2020-04-05 12:00:00,19.1,37.3,5.8,719.0,995.1,4.4,20.3,19.2,16.7,23.69,Low,0
2020-04-05 18:00:00,30.3,41.8,7.8,50.0,996.0,3.2,31.5,28.8,30.7,24.02,Low,0
2020-04-06 00:00:00,28.7,77.9,11.3,881.0,1010.1,7.1,31.2,29.4,32.6,39.22,High,0
2020-04-06 06:00:00,35.1,25.7,9.8,583.0,1005.2,0.7,35.2,33.1,34.0,24.88,Low,0
2020-04-06 12:00:00,36.4,82.1,13.2,158.0,1002.8,4.4,38.9,35.8,46.2,36.99,Moderate,0
2020-04-06 18:00:00,47.1,52.1,9.1,575.0,1011.6,2.1,48.6,44.8,59.6,37.45,Moderate,1
2020-04-07 00:00:00,40.7,64.7,19.3,823.0,1012.3,0.3,41.6,39.7,49.2,36.91,Moderate,0
2020-04-07 06:00:00,30.0,26.7,14.8,700.0,999.7,0.1,29.6,28.6,26.8,22.5,Low,0
2020-04-07 12:00:00,27.7,45.3,12.5,825.0,996.5,0.4,28.5,27.3,26.8,27.62,Low,0
2020-04-07 18:00:00,37.4,26.7,21.4,208.0,992.4,2.3,36.2,34.8,34.9,21.59,Low,0
2020-04-08 00:00:00,24.8,92.1,21.4,446.0,1005.3,1.5,26.8,26.0,26.1,33.78,Moderate,0
2020-04-08 06:00:00,46.8,80.5,10.3,319.0,990.8,0.4,49.6,45.3,68.6,41.66,High,1
2020-04-08 12:00:00,42.3,54.5,7.2,979.0,1006.0,2.0,44.2,41.0,51.8,39.26,High,1
2020-04-08 18:00:00,30.7,36.8,11.0,710.0,1017.2,0.2,31.2,29.6,29.9,26.21,Low,0
2020-04-09 00:00:00,22.0,90.0,8.6,1100.0,1001.5,2.6,25.5,24.0,24.2,39.84,High,0
2020-04-09 06:00:00,43.5,45.8,7.0,433.0,999.6,2.4,44.9,41.2,51.5,33.71,Moderate,1
2020-04-09 12:00:00,33.2,32.1,10.7,369.0,1025.0,5.4,33.5,31.4,32.5,25.48,Low,0
2020-04-09 18:00:00,42.7,62.2,12.2,514.0,1020.1,0.2,44.3,41.1,53.7,36.25,Moderate,1
2020-04-10 00:00:00,22.8,90.8,14.3,895.0,997.4,3.6,25.6,24.6,24.3,38.07,High,0
2020-04-10 06:00:00,29.8,20.3,23.6,458.0,1006.4,0.6,28.0,28.0,24.0,17.41,Low,0
2020-04-10 12:00:00,34.0,37.9,11.4,581.0,1008.3,0.8,34.5,32.5,34.4,27.13,Low,0
2020-04-10 18:00:00,34.3,90.4,9.3,574.0,1007.0,0.9,37.7,34.6,44.6,40.79,High,0
2020-04-11 00:00:00,30.8,32.8,17.8,560.0,1023.1,1.5,30.3,29.4,28.1,23.22,Low,0
2020-04-11 06:00:00,38.4,28.5,5.0,387.0,1005.9,7.9,39.2,35.9,39.8,29.07,Moderate,0
2020-04-11 12:00:00,26.5,62.8,2.3,516.0,1007.4,1.4,29.4,26.6,29.2,31.52,Moderate,0
2020-04-11 18:00:00,33.0,84.6,13.1,505.0,1011.9,3.9,35.7,33.2,40.4,38.53,High,0
2020-04-12 00:00:00,34.8,55.8,7.4,548.0,1016.9,0.4,36.7,33.8,39.6,32.38,Moderate,0
2020-04-12 06:00:00,37.6,94.6,7.8,786.0,1014.4,0.8,41.4,37.9,52.2,45.18,High,0
2020-04-12 12:00:00,39.0,70.9,4.9,990.0,1010.4,1.1,42.0,38.6,50.3,42.1,High,0
2020-04-12 18:00:00,26.1,25.6,20.2,340.0,989.4,0.6,25.0,24.7,21.0,16.87,Low,0
2020-04-13 00:00:00,23.3,94.5,2.4,452.0,1000.1,5.6,27.7,24.7,27.7,38.98,High,0
2020-04-13 06:00:00,42.9,50.6,13.9,344.0,1013.2,1.9,43.8,40.7,50.5,32.42,Moderate,1
2020-04-13 12:00:00,36.3,41.6,9.4,597.0,1007.5,1.0,37.3,34.7,38.7,29.68,Moderate,0
2020-04-13 18:00:00,28.8,61.8,24.5,415.0,1013.3,2.1,29.0,28.5,28.1,27.36,Low,0
2020-04-14 00:00:00,44.9,42.8,17.9,610.0,1023.9,0.9,44.9,42.5,50.8,32.21,Moderate,1
2020-04-14 06:00:00,34.8,26.5,3.9,826.0,993.2,0.0,35.7,33.1,34.9,27.7,Low,0
2020-04-14 12:00:00,42.3,20.1,14.8,50.0,1016.4,1.2,41.5,38.8,40.9,21.9,Low,0
2020-04-14 18:00:00,34.5,53.7,12.8,673.0,1001.7,1.5,35.6,33.6,37.7,31.96,Moderate,0
2020-04-15 00:00:00,48.4,82.8,8.9,435.0,1014.4,6.0,51.5,46.9,73.6,46.06,High,1
2020-04-15 06:00:00,46.3,62.9,14.0,665.0,1004.6,0.1,47.8,44.5,60.7,38.78,High,1
2020-04-15 12:00:00,32.3,94.9,5.7,326.0,1026.3,1.1,36.4,32.7,42.3,39.95,High,0
2020-04-15 18:00:00,40.8,41.5,10.1,849.0,1006.3,0.2,41.7,39.0,45.3,33.15,Moderate,0
2020-04-16 00:00:00,38.5,41.0,9.5,778.0,998.6,0.2,39.4,36.9,41.8,31.58,Moderate,0
2020-04-16 06:00:00,43.6,32.0,5.1,692.0,1009.2,1.4,44.6,41.1,48.0,32.28,Moderate,1
2020-04-16 12:00:00,27.2,32.3,7.4,748.0,1008.2,0.4,27.9,26.4,25.6,24.58,Low,0
2020-04-16 18:00:00,38.8,41.4,6.5,364.0,1016.4,2.1,40.1,36.7,42.9,29.98,Moderate,0
2020-04-17 00:00:00,41.4,79.5,12.2,395.0,1009.5,1.1,43.9,40.4,55.8,39.41,High,1
2020-04-17 06:00:00,21.7,87.9,21.0,738.0,1029.8,0.4,23.6,23.3,21.1,33.22,Moderate,0
2020-04-17 12:00:00,25.7,93.1,3.1,358.0,1003.9,1.0,30.0,26.7,31.2,37.26,Moderate,0
2020-04-17 18:00:00,19.7,37.4,12.5,911.0,1004.0,0.0,20.1,20.0,16.1,22.55,Low,0
2020-04-18 00:00:00,32.1,86.1,6.3,469.0,999.0,3.0,35.6,32.4,40.4,39.28,High,0
2020-04-18 06:00:00,39.0,44.6,17.2,675.0,1005.9,0.0,39.2,37.3,41.9,30.32,Moderate,0
2020-04-18 12:00:00,44.5,28.5,12.4,1075.0,1007.3,0.0,44.4,42.1,46.8,32.73,Moderate,1
2020-04-18 18:00:00,34.5,85.3,2.5,373.0,1007.8,1.4,38.5,34.4,45.4,39.64,High,0
2020-04-19 00:00:00,45.4,67.7,10.7,567.0,1005.7,5.4,47.5,43.8,61.1,41.36,High,1
2020-04-19 06:00:00,24.3,32.4,8.6,814.0,998.9,2.9,24.9,23.8,21.9,24.44,Low,0
2020-04-19 12:00:00,22.1,52.2,3.5,788.0,996.2,0.4,24.3,22.5,22.0,28.35,Moderate,0
2020-04-19 18:00:00,33.6,41.5,6.4,468.0,1001.2,0.3,34.9,32.2,35.5,27.83,Low,0
2020-04-20 00:00:00,36.7,75.3,10.3,421.0,1016.4,1.5,39.2,36.1,46.0,36.96,Moderate,0
2020-04-20 06:00:00,33.8,54.0,6.5,492.0,1018.6,2.6,35.7,32.8,37.9,32.01,Moderate,0
2020-04-20 12:00:00,19.5,94.2,18.5,912.0,1004.2,0.7,22.0,21.8,18.9,35.71,Moderate,0
2020-04-20 18:00:00,33.4,24.1,8.5,480.0,995.6,0.8,33.6,31.4,31.8,23.24,Low,0
2020-04-21 00:00:00,24.9,46.6,6.1,570.0,1004.2,0.2,26.5,24.6,24.5,25.98,Low,0
2020-04-21 06:00:00,38.7,56.1,10.8,443.0,1025.9,0.2,40.2,37.2,45.3,32.67,Moderate,0
2020-04-21 12:00:00,36.6,57.7,11.7,726.0,1015.0,1.3,38.1,35.7,42.0,34.46,Moderate,0
2020-04-21 18:00:00,27.4,43.7,17.3,589.0,1010.5,0.2,27.5,26.8,25.3,24.28,Low,0
2020-04-22 00:00:00,30.4,74.7,9.8,299.0,1014.6,0.3,33.0,30.3,35.2,32.74,Moderate,0
2020-04-22 06:00:00,26.6,85.6,11.4,308.0,1020.4,0.4,29.5,27.2,30.2,33.54,Moderate,0
2020-04-22 12:00:00,33.6,90.4,7.4,50.0,993.5,0.9,37.2,33.5,43.6,36.93,Moderate,0
2020-04-22 18:00:00,40.7,80.4,24.9,342.0,1001.1,0.1,41.7,39.8,52.1,36.03,Moderate,0
2020-04-23 00:00:00,27.1,83.8,12.3,748.0,999.7,1.0,29.8,28.1,30.6,36.64,Moderate,0
2020-04-23 06:00:00,37.5,61.3,10.5,881.0,1010.9,4.0,39.3,36.8,44.5,38.11,High,0
2020-04-23 12:00:00,30.3,81.9,6.5,721.0,1006.6,0.0,33.6,30.9,36.7,38.22,High,0
2020-04-23 18:00:00,28.4,42.8,18.7,689.0,1012.6,1.5,28.3,27.7,26.2,25.43,Low,0
2020-04-24 00:00:00,33.3,49.9,2.3,518.0,999.9,2.7,35.5,32.2,37.2,31.83,Moderate,0
2020-04-24 06:00:00,26.8,43.8,10.8,744.0,1018.7,0.6,27.7,26.4,25.8,26.64,Low,0
2020-04-24 12:00:00,30.1,55.1,5.8,622.0,1004.3,0.2,32.2,29.6,32.7,30.9,Moderate,0
2020-04-24 18:00:00,25.6,41.4,16.2,1001.0,1011.9,0.1,25.7,25.5,22.9,26.17,Low,0
2020-04-25 00:00:00,47.8,92.1,11.8,525.0,1017.0,1.5,51.0,46.8,74.9,46.64,High,1
2020-04-25 06:00:00,34.2,43.5,10.6,886.0,1016.2,1.2,35.1,33.2,35.8,31.21,Moderate,0
2020-04-25 12:00:00,29.1,27.4,4.2,769.0,1008.6,0.4,30.0,27.9,27.9,25.01,Low,0
2020-04-25 18:00:00,35.5,59.5,9.0,734.0,1013.2,2.7,37.4,34.8,41.1,35.5,Moderate,0
2020-04-26 00:00:00,33.2,24.3,12.1,50.0,1022.4,2.0,33.0,30.8,30.9,19.67,Low,0
2020-04-26 06:00:00,32.5,28.3,17.3,782.0,1010.1,0.5,31.8,31.0,29.7,24.28,Low,0
2020-04-26 12:00:00,38.3,36.5,13.2,518.0,997.7,2.1,38.5,36.3,39.8,28.34,Moderate,0
2020-04-26 18:00:00,39.3,54.8,16.2,439.0,1010.8,0.4,40.1,37.7,44.9,31.58,Moderate,0
2020-04-27 00:00:00,30.3,52.5,2.9,179.0,1004.6,1.7,32.6,29.3,33.2,28.12,Moderate,0
2020-04-27 06:00:00,30.0,80.0,10.5,549.0,981.5,0.2,32.7,30.3,35.1,35.59,Moderate,0
2020-04-27 12:00:00,32.1,75.5,17.7,558.0,1009.6,1.8,33.8,32.1,36.5,34.6,Moderate,0
2020-04-27 18:00:00,18.0,52.0,1.1,224.0,1006.2,0.4,20.5,18.2,17.3,22.7,Low,0
2020-04-28 00:00:00,23.4,45.0,8.0,182.0,1016.6,1.3,24.7,22.8,22.1,22.0,Low,0
2020-04-28 06:00:00,43.6,43.7,12.2,672.0,997.5,0.3,44.3,41.4,50.0,33.25,Moderate,1
2020-04-28 12:00:00,45.5,78.0,19.3,768.0,989.9,1.9,47.1,44.4,62.9,42.54,High,1
2020-04-28 18:00:00,32.3,23.9,10.1,598.0,1006.7,0.1,32.3,30.5,30.1,23.01,Low,0
2020-04-29 00:00:00,38.0,21.0,9.3,838.0,1008.8,0.3,37.9,35.8,36.8,26.88,Low,0
2020-04-29 06:00:00,36.2,79.7,11.5,528.0,1005.9,0.3,38.8,35.9,45.7,37.98,Moderate,0
2020-04-29 12:00:00,50.0,55.8,12.3,536.0,1005.2,0.1,51.3,47.5,66.2,38.04,High,1
2020-04-29 18:00:00,41.8,29.8,4.8,321.0,994.3,2.0,42.7,39.0,44.8,28.41,Moderate,1
2020-04-30 00:00:00,33.1,37.7,6.5,160.0,1003.6,5.9,34.2,31.3,34.1,26.28,Low,0
2020-04-30 06:00:00,27.3,89.9,1.9,1014.0,1001.5,2.3,31.6,28.7,33.7,42.79,High,0
2020-04-30 12:00:00,22.8,84.5,5.8,833.0,1015.7,3.0,26.3,24.3,25.4,37.52,Moderate,0
2020-04-30 18:00:00,35.4,73.2,4.0,202.0,1008.8,0.0,38.6,34.6,44.5,34.95,Moderate,0
2020-05-01 00:00:00,28.7,56.2,4.8,589.0,1002.2,0.2,30.9,28.4,31.0,30.49,Moderate,0
2020-05-01 06:00:00,24.0,59.0,33.3,525.0,1022.2,1.2,23.0,24.2,19.3,23.25,Low,0
2020-05-01 12:00:00,29.5,93.1,18.6,482.0,1002.3,5.7,31.9,30.3,34.5,38.44,High,0
2020-05-01 18:00:00,26.4,92.4,4.0,448.0,1010.6,1.6,30.5,27.4,32.1,38.1,High,0
2020-05-02 00:00:00,45.8,36.1,3.2,645.0,1003.3,0.7,47.2,43.1,53.0,34.08,Moderate,1
2020-05-02 06:00:00,40.2,80.8,6.1,755.0,1021.3,0.2,43.5,39.8,54.8,42.8,High,1
2020-05-02 12:00:00,33.9,34.8,3.1,651.0,1005.9,0.2,35.3,32.4,35.3,28.29,Moderate,0
2020-05-02 18:00:00,44.4,36.0,11.3,520.0,1006.2,0.7,44.8,41.7,49.2,30.86,Moderate,1
2020-05-03 00:00:00,34.5,70.7,11.2,511.0,1003.6,1.9,36.7,34.0,41.0,35.46,Moderate,0
2020-05-03 06:00:00,28.0,50.4,4.7,784.0,1007.0,0.0,30.0,27.7,29.4,30.14,Moderate,0
2020-05-03 12:00:00,44.7,89.9,14.8,666.0,1017.0,2.9,47.4,44.0,65.7,45.64,High,1
2020-05-03 18:00:00,37.8,26.7,14.9,568.0,1013.5,4.3,37.3,35.5,36.7,26.47,Low,0
2020-05-04 00:00:00,26.7,58.4,5.6,541.0,1005.3,3.3,28.9,26.6,28.3,30.71,Moderate,0
2020-05-04 06:00:00,32.7,88.9,4.6,636.0,1022.0,3.7,36.6,33.2,42.3,42.09,High,0
2020-05-04 12:00:00,27.9,87.8,6.9,433.0,1013.7,0.0,31.5,28.6,33.4,36.37,Moderate,0
2020-05-04 18:00:00,24.3,31.7,13.7,755.0,1000.6,5.7,24.2,23.7,20.8,23.78,Low,0
2020-05-05 00:00:00,40.5,47.5,31.6,281.0,991.2,0.7,39.1,38.4,42.2,26.13,Low,0
2020-05-05 06:00:00,47.4,66.4,13.4,447.0,1000.8,3.1,49.1,45.4,64.4,39.69,High,1
2020-05-05 12:00:00,24.2,32.0,3.8,703.0,1009.1,0.3,25.3,23.6,22.6,23.51,Low,0
2020-05-05 18:00:00,37.9,92.6,11.7,267.0,1011.0,0.9,41.1,37.6,51.7,40.18,High,0
2020-05-06 00:00:00,29.4,88.6,10.2,157.0,1018.6,0.1,32.6,29.7,35.4,34.55,Moderate,0
2020-05-06 06:00:00,30.6,32.5,9.7,566.0,994.1,0.1,31.1,29.2,29.4,24.24,Low,0
2020-05-06 12:00:00,29.9,29.1,3.2,126.0,1000.6,4.3,31.0,28.1,29.3,22.54,Low,0
2020-05-06 18:00:00,28.0,26.4,11.7,225.0,993.2,2.5,27.9,26.3,25.0,19.42,Low,0
2020-05-07 00:00:00,34.3,88.2,9.2,739.0,991.6,1.1,37.6,34.7,44.2,41.57,High,0
2020-05-07 06:00:00,28.2,34.5,3.6,499.0,998.7,1.1,29.5,27.1,27.8,24.72,Low,0
2020-05-07 12:00:00,35.9,51.2,26.6,871.0,1008.7,2.1,35.3,35.0,36.7,30.9,Moderate,0
2020-05-07 18:00:00,33.6,53.7,3.3,249.0,1012.7,0.6,35.9,32.4,38.1,29.96,Moderate,0
2020-05-08 00:00:00,32.3,64.9,12.7,527.0,995.5,2.2,34.0,31.9,36.2,32.94,Moderate,0
2020-05-08 06:00:00,27.6,25.4,8.4,650.0,996.9,1.0,27.9,26.4,25.1,22.32,Low,0
2020-05-08 12:00:00,30.0,37.0,7.2,257.0,987.2,1.5,31.0,28.6,29.8,23.76,Low,0
2020-05-08 18:00:00,39.3,89.9,20.8,808.0,1007.1,5.0,41.3,39.3,52.2,43.81,High,0
2020-05-09 00:00:00,37.5,88.1,17.1,678.0,997.7,1.0,39.9,37.5,48.8,40.92,High,0
2020-05-09 06:00:00,27.2,78.6,8.4,148.0,1021.6,0.8,30.1,27.4,30.9,31.6,Moderate,0
2020-05-09 12:00:00,34.7,21.5,5.0,541.0,1009.1,3.5,35.2,32.5,33.6,25.27,Low,0
2020-05-09 18:00:00,39.3,44.5,6.6,646.0,1003.3,3.5,40.7,37.6,44.4,33.56,Moderate,0
2020-05-10 00:00:00,22.3,67.1,7.6,402.0,998.6,7.3,24.7,22.8,22.8,30.86,Moderate,0
2020-05-10 06:00:00,37.8,40.6,17.3,180.0,990.1,1.2,37.8,35.6,39.2,25.47,Low,0
2020-05-10 12:00:00,29.4,88.2,12.1,620.0,991.3,0.6,32.4,30.2,34.9,37.72,Moderate,0
2020-05-10 18:00:00,38.0,67.5,17.7,1100.0,998.8,0.4,39.3,37.7,45.3,38.83,High,0
2020-05-11 00:00:00,28.7,25.4,3.1,453.0,998.0,0.1,29.6,27.2,27.4,22.08,Low,0
2020-05-11 06:00:00,21.4,88.2,18.6,942.0,995.0,1.9,23.6,23.3,21.2,35.69,Moderate,0
2020-05-11 12:00:00,22.6,91.8,22.7,362.0,1008.8,0.4,24.5,23.9,22.5,31.44,Moderate,0
2020-05-11 18:00:00,34.3,25.8,5.2,604.0,1010.1,1.4,35.0,32.4,33.9,25.86,Low,0
2020-05-12 00:00:00,35.8,59.9,15.9,743.0,1000.4,3.7,36.9,35.1,40.3,34.77,Moderate,0
2020-05-12 06:00:00,27.7,42.8,21.5,548.0,1024.4,4.5,27.3,27.0,24.7,24.55,Low,0
2020-05-12 12:00:00,38.5,49.5,6.1,476.0,987.5,0.0,40.2,36.9,44.4,32.05,Moderate,0
2020-05-12 18:00:00,22.4,33.5,3.9,732.0,1005.6,0.6,23.6,22.1,20.6,23.38,Low,0
2020-05-13 00:00:00,33.5,63.4,11.0,1023.0,1002.8,2.7,35.4,33.4,38.1,37.34,Moderate,0
2020-05-13 06:00:00,25.5,91.8,1.8,625.0,999.5,1.2,29.9,26.8,31.0,39.17,High,0
2020-05-13 12:00:00,29.4,57.7,18.5,421.0,998.0,2.5,30.1,28.9,29.6,27.99,Low,0
2020-05-13 18:00:00,34.3,26.2,4.7,503.0,1004.9,2.9,35.0,32.3,34.0,25.83,Low,0
2020-05-14 00:00:00,28.0,66.5,7.8,1100.0,1002.7,0.9,30.4,28.6,30.8,36.23,Moderate,0
2020-05-14 06:00:00,31.3,45.5,14.9,584.0,1001.1,0.7,31.8,30.3,31.2,27.1,Low,0
2020-05-14 12:00:00,41.0,84.2,13.6,401.0,992.0,0.9,43.6,40.2,55.9,40.1,High,1
2020-05-14 18:00:00,30.0,52.6,14.6,264.0,988.8,1.6,30.9,29.1,30.5,26.27,Low,0
2020-05-15 00:00:00,39.8,34.5,5.2,94.0,1002.1,0.7,40.9,37.1,43.1,26.44,Low,0
2020-05-15 06:00:00,26.1,34.3,11.6,641.0,1001.0,2.2,26.4,25.3,23.7,23.58,Low,0
2020-05-15 12:00:00,37.7,77.7,16.5,714.0,1003.0,3.5,39.6,37.4,47.1,39.67,High,0
2020-05-15 18:00:00,44.1,39.9,6.0,451.0,1003.9,0.5,45.4,41.5,50.9,32.18,Moderate,1
2020-05-16 00:00:00,18.0,77.5,27.8,546.0,999.8,5.0,18.5,19.5,13.9,27.76,Low,0
2020-05-16 06:00:00,28.4,35.4,8.1,257.0,1002.9,1.5,29.2,27.1,27.3,22.46,Low,0
2020-05-16 12:00:00,38.0,44.1,1.7,583.0,996.5,3.2,40.0,36.3,43.3,33.28,Moderate,0
2020-05-16 18:00:00,32.6,54.9,8.0,670.0,1020.2,0.2,34.4,31.9,35.9,31.89,Moderate,0
2020-05-17 00:00:00,36.6,90.7,21.3,416.0,997.0,0.4,38.6,36.5,46.8,38.15,High,0
2020-05-17 06:00:00,29.8,89.9,4.5,973.0,1001.3,0.6,33.8,30.9,37.3,42.49,High,0
2020-05-17 12:00:00,34.6,35.5,4.2,341.0,997.8,0.5,35.9,32.7,36.2,26.34,Low,0
2020-05-17 18:00:00,32.9,46.9,12.3,621.0,997.6,0.3,33.8,31.9,34.2,28.83,Moderate,0
2020-05-18 00:00:00,42.2,31.2,3.9,762.0,1005.2,3.0,43.3,39.8,45.9,32.78,Moderate,1
2020-05-18 06:00:00,35.8,58.2,3.8,531.0,1004.0,0.8,38.3,34.8,42.3,34.16,Moderate,0
2020-05-18 12:00:00,36.4,54.5,4.9,503.0,1000.4,5.0,38.5,35.2,42.3,34.55,Moderate,0
2020-05-18 18:00:00,31.1,87.6,24.9,193.0,1002.2,1.3,32.5,31.2,35.3,32.82,Moderate,0
2020-05-19 00:00:00,30.6,89.8,13.2,889.0,997.8,0.2,33.5,31.6,37.0,40.32,High,0
2020-05-19 06:00:00,31.0,48.8,9.8,508.0,1009.0,1.2,32.3,30.1,32.3,28.42,Moderate,0
2020-05-19 12:00:00,36.8,56.9,5.2,684.0,1025.6,7.6,39.0,35.8,43.4,37.53,Moderate,0
2020-05-19 18:00:00,31.1,87.2,16.4,718.0,996.3,1.2,33.5,31.8,36.9,38.32,High,0
2020-05-20 00:00:00,36.0,80.5,14.1,393.0,1008.9,0.0,38.3,35.6,45.0,36.45,Moderate,0
2020-05-20 06:00:00,48.5,20.3,26.1,501.0,1005.4,4.1,46.4,44.9,47.1,26.87,Low,1
2020-05-20 12:00:00,40.1,44.0,4.4,884.0,1011.7,0.4,41.8,38.5,46.0,34.94,Moderate,0
2020-05-20 18:00:00,31.7,51.6,4.0,271.0,1012.0,1.7,33.8,30.6,34.9,28.99,Moderate,0
2020-05-21 00:00:00,42.4,37.2,1.7,1082.0,1007.1,1.1,44.1,40.5,48.3,36.54,Moderate,1
2020-05-21 06:00:00,31.1,35.0,13.4,364.0,1004.6,0.6,31.2,29.6,29.7,23.01,Low,0
2020-05-21 12:00:00,19.7,22.8,11.1,255.0,1000.7,0.5,19.5,18.8,15.3,14.43,Low,0
2020-05-21 18:00:00,26.9,68.3,7.0,583.0,997.4,4.0,29.5,27.2,29.5,33.55,Moderate,0
2020-05-22 00:00:00,20.9,39.7,1.7,1100.0,1004.0,3.6,22.7,21.3,19.8,28.5,Moderate,0
2020-05-22 06:00:00,31.5,23.9,23.0,72.0,992.2,1.1,29.9,29.3,26.7,16.47,Low,0
2020-05-22 12:00:00,34.1,37.3,10.7,515.0,999.1,0.4,34.7,32.5,34.6,26.53,Low,0
2020-05-22 18:00:00,45.7,80.1,20.1,669.0,1016.1,0.2,47.3,44.6,63.9,41.66,High,1
2020-05-23 00:00:00,36.3,83.9,21.3,558.0,1006.0,0.3,37.9,36.2,44.8,37.34,Moderate,0
2020-05-23 06:00:00,32.5,56.2,13.1,645.0,1013.9,1.1,33.7,31.9,35.0,31.28,Moderate,0
2020-05-23 12:00:00,39.8,51.2,14.5,370.0,1019.7,0.6,40.6,38.0,45.3,30.8,Moderate,0
2020-05-23 18:00:00,18.5,93.3,5.8,400.0,1003.2,0.1,22.5,20.3,19.9,33.52,Moderate,0
2020-05-24 00:00:00,35.6,35.0,10.1,513.0,1007.1,0.9,36.1,33.8,36.3,26.91,Low,0
2020-05-24 06:00:00,39.4,36.2,18.0,268.0,1002.0,2.1,39.0,37.0,40.4,25.92,Low,0
2020-05-24 12:00:00,23.6,41.9,4.9,539.0,996.9,3.3,25.1,23.2,22.7,25.31,Low,0
2020-05-24 18:00:00,42.0,33.0,17.2,453.0,995.5,1.3,41.6,39.4,43.5,27.56,Low,0
2020-05-25 00:00:00,36.4,48.5,16.4,432.0,1013.4,1.9,36.9,34.9,38.9,29.13,Moderate,0
2020-05-25 06:00:00,31.1,88.3,16.2,630.0,1007.1,0.7,33.6,31.7,37.1,37.8,Moderate,0
2020-05-25 12:00:00,38.4,66.2,9.6,95.0,1023.5,1.0,40.6,37.0,47.3,32.97,Moderate,0
2020-05-25 18:00:00,49.9,50.9,5.3,493.0,1014.7,2.0,51.8,47.2,65.4,38.52,High,1
2020-05-26 00:00:00,35.3,90.1,27.7,1100.0,997.7,2.0,36.5,36.0,42.8,41.82,High,0
2020-05-26 06:00:00,35.7,23.6,22.1,278.0,1013.4,0.8,34.2,33.2,31.9,19.91,Low,0
2020-05-26 12:00:00,30.8,35.8,9.8,871.0,1001.9,1.2,31.4,29.8,30.1,27.8,Low,0
2020-05-26 18:00:00,28.1,62.4,11.1,564.0,1017.2,3.9,29.9,28.0,29.7,31.62,Moderate,0
2020-05-27 00:00:00,39.8,66.2,7.7,399.0,1000.1,1.5,42.2,38.5,50.2,36.44,Moderate,0
2020-05-27 06:00:00,28.0,23.0,1.9,220.0,994.5,1.5,28.9,26.2,26.5,20.14,Low,0
2020-05-27 12:00:00,34.5,50.2,8.8,585.0,997.0,2.3,36.0,33.4,37.8,31.51,Moderate,0
2020-05-27 18:00:00,30.7,68.7,13.2,913.0,997.6,0.2,32.6,30.9,34.1,35.27,Moderate,0
2020-05-28 00:00:00,37.4,72.4,6.1,453.0,996.6,1.1,40.3,36.6,47.5,37.49,Moderate,0
2020-05-28 06:00:00,36.3,67.9,7.4,530.0,999.3,4.8,38.8,35.6,44.3,37.49,Moderate,0
2020-05-28 12:00:00,41.3,44.0,7.4,803.0,1013.6,0.7,42.6,39.5,47.3,34.37,Moderate,1
2020-05-28 18:00:00,30.4,27.0,10.2,635.0,1023.0,0.5,30.5,28.9,28.3,23.33,Low,0
2020-05-29 00:00:00,32.1,52.0,7.9,157.0,991.7,1.4,33.8,30.9,34.7,27.53,Low,0
2020-05-29 06:00:00,27.1,29.7,4.7,575.0,1017.6,0.4,28.0,26.0,25.7,23.13,Low,0
2020-05-29 12:00:00,30.9,91.1,10.2,928.0,1000.2,1.2,34.2,31.9,38.3,42.02,High,0
2020-05-29 18:00:00,36.6,55.6,12.8,541.0,1008.5,0.3,37.8,35.4,41.3,31.97,Moderate,0
2020-05-30 00:00:00,39.3,43.8,10.8,50.0,988.5,1.3,40.2,37.0,43.4,27.3,Low,0
2020-05-30 06:00:00,27.5,77.5,1.7,647.0,1010.2,1.4,31.2,28.1,32.5,36.75,Moderate,0
2020-05-30 12:00:00,40.1,57.3,14.4,500.0,984.9,0.8,41.2,38.6,47.3,33.52,Moderate,0
2020-05-30 18:00:00,43.5,43.3,3.6,93.0,1008.1,0.7,45.2,40.8,51.4,30.62,Moderate,1
2020-05-31 00:00:00,36.9,80.9,12.6,130.0,1007.6,0.4,39.4,36.2,47.0,35.42,Moderate,0
2020-05-31 06:00:00,47.1,85.0,13.0,794.0,1006.9,0.6,49.8,46.2,70.4,46.01,High,1
2020-05-31 12:00:00,28.6,70.5,2.5,367.0,997.7,1.0,31.8,28.6,33.2,33.1,Moderate,0
2020-05-31 18:00:00,25.3,23.5,16.8,323.0,1010.5,0.4,24.5,23.9,20.5,16.46,Low,0
2020-06-01 00:00:00,21.5,62.5,27.6,541.0,1008.9,2.3,21.3,22.1,17.4,24.64,Low,0
2020-06-01 06:00:00,44.5,77.2,7.6,389.0,1002.9,1.9,47.4,43.1,62.7,41.39,High,1
2020-06-01 12:00:00,38.6,30.2,12.6,575.0,1011.7,0.5,38.6,36.4,38.9,26.89,Low,0
2020-06-01 18:00:00,33.6,37.2,6.6,499.0,1004.0,0.2,34.7,32.0,34.7,26.91,Low,0
2020-06-02 00:00:00,36.0,86.2,3.6,250.0,1010.3,0.0,39.9,35.7,48.1,38.9,High,0
2020-06-02 06:00:00,26.1,21.5,17.8,422.0,1003.7,1.4,25.0,24.7,21.0,17.22,Low,0
2020-06-02 12:00:00,50.0,76.5,12.8,661.0,1007.2,0.4,52.3,48.3,74.5,44.16,High,1
2020-06-02 18:00:00,34.9,55.5,5.5,560.0,1010.7,0.0,37.0,33.9,40.0,32.68,Moderate,0
2020-06-03 00:00:00,34.8,53.5,3.7,530.0,1001.0,0.7,37.0,33.7,39.9,32.51,Moderate,0
2020-06-03 06:00:00,39.1,20.5,28.5,1034.0,992.7,4.9,36.7,36.9,34.3,26.49,Low,0
2020-06-03 12:00:00,37.4,81.5,2.9,733.0,1007.8,1.8,41.1,37.2,50.0,42.75,High,0
2020-06-03 18:00:00,35.6,47.0,14.1,763.0,1016.9,2.9,36.3,34.4,37.8,31.69,Moderate,0
2020-06-04 00:00:00,28.5,60.6,10.6,509.0,1008.0,0.2,30.3,28.3,30.2,29.74,Moderate,0
2020-06-04 06:00:00,37.3,70.8,15.6,605.0,1008.2,0.1,39.0,36.7,45.1,35.94,Moderate,0
2020-06-04 12:00:00,47.2,72.7,23.9,442.0,1004.6,0.0,48.0,45.5,64.2,37.95,Moderate,1
2020-06-04 18:00:00,43.4,91.7,0.6,744.0,1012.4,4.7,47.9,43.0,65.9,49.56,Extreme,1
2020-06-05 00:00:00,45.2,59.9,4.1,522.0,1003.1,0.5,47.7,43.3,59.5,38.58,High,1
2020-06-05 06:00:00,30.4,50.0,8.6,606.0,1000.5,0.9,31.9,29.7,31.9,29.32,Moderate,0
2020-06-05 12:00:00,27.1,91.5,25.1,590.0,1016.1,0.8,28.7,28.2,29.0,34.75,Moderate,0
2020-06-05 18:00:00,33.1,68.2,6.9,545.0,999.7,2.0,35.7,32.7,39.1,35.35,Moderate,0
2020-06-06 00:00:00,34.4,42.4,5.9,1100.0,1013.9,0.6,35.8,33.5,36.8,33.36,Moderate,0
2020-06-06 06:00:00,41.7,29.5,1.1,383.0,1016.1,1.2,43.0,38.9,45.3,29.21,Moderate,1
2020-06-06 12:00:00,22.2,83.2,5.4,381.0,1010.7,8.1,25.7,23.3,24.5,35.4,Moderate,0
2020-06-06 18:00:00,44.7,47.2,13.7,724.0,992.5,0.9,45.4,42.6,52.7,34.92,Moderate,1
2020-06-07 00:00:00,32.9,69.5,8.6,401.0,1005.3,1.2,35.3,32.4,38.7,33.89,Moderate,0
2020-06-07 06:00:00,31.0,55.3,5.3,477.0,1003.0,1.0,33.1,30.3,34.1,30.64,Moderate,0
2020-06-07 12:00:00,26.9,34.9,28.7,278.0,1000.0,2.4,25.2,25.7,21.4,18.01,Low,0
2020-06-07 18:00:00,22.4,65.1,7.5,673.0,1006.4,0.5,24.8,23.1,22.7,30.08,Moderate,0
2020-06-08 00:00:00,39.8,24.6,10.2,676.0,1012.7,0.3,39.8,37.4,39.7,27.2,Low,0
2020-06-08 06:00:00,34.5,51.0,5.1,471.0,1000.4,2.1,36.4,33.3,38.7,31.52,Moderate,0
2020-06-08 12:00:00,25.0,61.0,3.6,729.0,1003.3,0.8,27.6,25.4,26.7,31.53,Moderate,0
2020-06-08 18:00:00,24.9,52.7,15.0,85.0,1002.6,3.7,25.7,24.3,23.4,23.31,Low,0
2020-06-09 00:00:00,31.6,76.2,2.1,373.0,1016.6,1.5,35.2,31.5,38.8,36.17,Moderate,0
2020-06-09 06:00:00,45.7,82.1,13.0,508.0,1002.4,1.2,48.2,44.5,66.0,42.72,High,1
2020-06-09 12:00:00,32.2,77.8,11.7,257.0,992.7,0.1,34.7,32.0,38.2,33.56,Moderate,0
2020-06-09 18:00:00,23.5,22.9,3.9,113.0,989.3,2.0,24.2,22.1,20.9,17.07,Low,0
2020-06-10 00:00:00,32.3,34.6,4.6,473.0,1008.6,1.7,33.5,30.8,32.9,26.41,Low,0
2020-06-10 06:00:00,32.1,60.2,7.6,724.0,997.4,1.5,34.2,31.7,36.1,33.93,Moderate,0
2020-06-10 12:00:00,18.0,90.1,3.3,871.0,1011.7,0.5,22.1,20.2,19.5,36.67,Moderate,0
2020-06-10 18:00:00,33.6,82.6,1.6,413.0,991.7,4.4,37.5,33.5,43.4,40.09,High,0
2020-06-11 00:00:00,32.4,83.2,8.2,733.0,999.6,0.6,35.6,32.8,40.1,39.45,High,0
2020-06-11 06:00:00,38.9,42.7,15.5,709.0,991.7,0.2,39.2,37.2,41.6,30.47,Moderate,0
2020-06-11 12:00:00,46.9,52.2,11.0,855.0,1009.3,6.5,48.2,44.9,58.9,40.64,High,1
2020-06-11 18:00:00,41.9,55.3,19.2,462.0,1011.5,2.1,42.4,40.1,49.0,33.04,Moderate,1
2020-06-12 00:00:00,32.1,31.8,6.9,100.0,1008.4,0.8,32.9,30.1,31.8,22.04,Low,0
2020-06-12 06:00:00,26.3,22.3,9.6,568.0,994.1,4.1,26.3,25.0,22.9,21.18,Low,0
2020-06-12 12:00:00,50.0,91.0,4.6,297.0,997.5,0.1,54.0,48.5,82.0,46.59,High,1
2020-06-12 18:00:00,34.4,38.1,9.9,369.0,1007.3,0.1,35.1,32.7,35.3,25.83,Low,0
2020-06-13 00:00:00,34.1,38.0,18.6,475.0,988.1,1.7,33.8,32.5,33.2,25.28,Low,0
2020-06-13 06:00:00,33.8,26.3,13.2,465.0,1002.6,0.3,33.5,31.8,31.8,22.74,Low,0
2020-06-13 12:00:00,35.4,89.6,20.3,585.0,1020.2,3.7,37.4,35.6,44.4,39.95,High,0
2020-06-13 18:00:00,33.0,63.5,11.4,726.0,1003.2,2.8,34.8,32.6,37.3,34.87,Moderate,0
2020-06-14 00:00:00,30.0,70.0,8.7,458.0,990.1,0.5,32.5,29.9,34.1,32.87,Moderate,0
2020-06-14 06:00:00,30.2,88.4,24.0,649.0,998.9,3.3,31.7,30.9,34.0,36.91,Moderate,0
2020-06-14 12:00:00,33.8,45.9,10.2,554.0,998.7,0.1,34.9,32.6,35.8,28.83,Moderate,0
2020-06-14 18:00:00,30.2,66.6,27.4,784.0,1026.4,1.2,30.2,30.3,30.3,31.06,Moderate,0
2020-06-15 00:00:00,29.0,22.9,17.0,503.0,1021.7,4.1,28.1,27.4,24.7,20.58,Low,0
2020-06-15 06:00:00,34.7,34.0,5.5,530.0,1012.3,2.9,35.7,33.0,35.8,28.01,Moderate,0
2020-06-15 12:00:00,32.2,82.3,8.0,456.0,1001.6,0.7,35.4,32.3,39.7,37.13,Moderate,0
2020-06-15 18:00:00,44.5,77.5,23.9,509.0,1017.0,0.3,45.5,43.3,59.6,38.54,High,1
2020-06-16 00:00:00,18.0,46.3,19.2,354.0,993.7,0.4,18.0,18.2,13.4,18.63,Low,0
2020-06-16 06:00:00,41.6,48.3,15.3,329.0,1015.8,1.1,42.2,39.5,47.4,30.59,Moderate,1
2020-06-16 12:00:00,42.7,60.0,14.2,744.0,1014.3,1.4,44.0,41.3,52.7,37.44,Moderate,1
2020-06-16 18:00:00,19.5,20.0,3.0,279.0,1003.5,0.1,20.1,18.5,16.4,15.3,Low,0
2020-06-17 00:00:00,31.6,38.1,3.7,470.0,1016.4,0.8,33.1,30.2,32.7,26.81,Low,0
2020-06-17 06:00:00,31.4,35.6,11.0,804.0,1000.5,2.7,31.9,30.3,30.6,27.81,Low,0
2020-06-17 12:00:00,24.1,38.8,4.7,462.0,992.3,0.9,25.5,23.5,23.0,23.38,Low,0
2020-06-17 18:00:00,28.6,80.4,7.6,757.0,1014.8,0.3,31.7,29.3,33.5,37.23,Moderate,0
2020-06-18 00:00:00,26.2,41.0,7.2,402.0,1004.1,4.6,27.4,25.4,25.4,25.22,Low,0
2020-06-18 06:00:00,46.3,34.4,13.8,287.0,1011.0,0.5,46.4,43.2,51.2,29.0,Moderate,1
2020-06-18 12:00:00,40.5,57.8,11.3,151.0,1023.2,2.4,42.0,38.6,48.7,32.39,Moderate,1
2020-06-18 18:00:00,42.9,84.9,18.3,878.0,997.8,0.3,44.9,42.5,59.3,43.56,High,1
2020-06-19 00:00:00,39.1,38.1,11.5,266.0,1003.6,0.8,39.6,36.8,41.7,27.1,Low,0
2020-06-19 06:00:00,26.1,25.9,10.9,737.0,1020.7,1.0,26.1,25.1,22.9,21.92,Low,0
2020-06-19 12:00:00,30.3,46.7,9.3,300.0,1011.7,1.0,31.5,29.2,31.1,26.05,Low,0
2020-06-19 18:00:00,37.4,76.1,20.1,879.0,998.0,1.1,38.8,37.2,45.5,38.81,High,0
2020-06-20 00:00:00,25.4,61.3,9.4,1100.0,995.4,0.4,27.3,26.1,26.1,33.26,Moderate,0
2020-06-20 06:00:00,39.0,81.3,5.4,128.0,999.7,1.1,42.4,38.1,52.6,38.14,High,0
2020-06-20 12:00:00,32.3,92.0,14.7,279.0,997.6,1.0,35.1,32.6,40.1,37.04,Moderate,0
2020-06-20 18:00:00,31.4,79.4,8.6,743.0,1007.4,0.4,34.3,31.8,37.7,37.97,Moderate,0
2020-06-21 00:00:00,39.0,65.3,16.9,678.0,1005.8,6.7,40.2,38.1,46.7,37.92,Moderate,0
2020-06-21 06:00:00,37.1,57.0,21.5,744.0,1007.8,3.0,37.4,36.1,40.7,33.28,Moderate,0
2020-06-21 12:00:00,31.5,23.0,8.0,407.0,996.6,3.3,31.7,29.6,29.4,22.53,Low,0
2020-06-21 18:00:00,42.1,93.8,21.0,1047.0,1004.3,1.7,44.3,42.2,59.4,46.64,High,1
2020-06-22 00:00:00,26.4,48.8,17.2,580.0,984.4,0.3,26.8,26.0,24.6,25.1,Low,0
2020-06-22 06:00:00,38.3,31.4,6.1,246.0,1006.5,1.3,39.1,35.8,40.1,26.16,Low,0
2020-06-22 12:00:00,38.2,70.0,4.8,487.0,1016.8,2.6,41.1,37.3,48.7,38.29,High,0
2020-06-22 18:00:00,31.8,41.3,4.5,249.0,990.8,0.1,33.3,30.3,33.3,25.64,Low,0
2020-06-23 00:00:00,36.3,63.9,3.6,948.0,1009.8,1.0,39.1,35.9,44.3,39.05,High,0
2020-06-23 06:00:00,25.2,64.0,19.7,385.0,998.9,0.8,26.0,25.3,24.1,26.57,Low,0
2020-06-23 12:00:00,40.5,53.4,8.1,673.0,1013.0,0.4,42.2,39.0,48.2,35.14,Moderate,1
2020-06-23 18:00:00,32.7,82.7,5.6,432.0,1006.6,0.7,36.2,32.8,41.1,37.76,Moderate,0
2020-06-24 00:00:00,30.3,39.9,6.4,396.0,1009.0,6.2,31.5,29.1,30.7,27.47,Low,0
2020-06-24 06:00:00,41.3,53.6,13.3,72.0,1005.6,1.9,42.4,39.1,48.6,30.53,Moderate,1
2020-06-24 12:00:00,29.1,60.3,25.4,700.0,1018.3,0.5,29.1,29.0,28.2,28.52,Moderate,0
2020-06-24 18:00:00,24.1,69.8,6.2,875.0,1008.5,1.4,26.8,25.0,25.8,34.11,Moderate,0
2020-06-25 00:00:00,23.1,78.8,15.9,321.0,997.9,0.4,25.1,23.9,23.3,29.46,Moderate,0
2020-06-25 06:00:00,38.2,49.6,9.4,164.0,1006.0,1.4,39.6,36.3,43.3,29.43,Moderate,0
2020-06-25 12:00:00,25.0,68.5,13.4,751.0,1001.3,3.4,26.8,25.6,25.5,32.52,Moderate,0
2020-06-25 18:00:00,46.3,31.3,5.0,138.0,1006.6,1.2,47.3,42.9,51.9,29.12,Moderate,1
2020-06-26 00:00:00,19.4,89.9,14.8,855.0,1000.8,2.0,22.1,21.5,19.2,35.36,Moderate,0
2020-06-26 06:00:00,45.9,48.7,7.7,324.0,998.2,0.9,47.4,43.3,56.5,34.03,Moderate,1
2020-06-26 12:00:00,35.5,74.7,6.7,274.0,1007.0,1.1,38.4,34.8,44.4,35.75,Moderate,0
2020-06-26 18:00:00,33.3,21.5,9.1,612.0,1005.6,1.8,33.3,31.3,31.1,23.76,Low,0
2020-06-27 00:00:00,30.2,35.4,14.0,290.0,1015.6,2.5,30.3,28.7,28.5,22.69,Low,0
2020-06-27 06:00:00,36.8,56.5,8.3,373.0,1000.9,1.6,38.6,35.5,42.7,32.38,Moderate,0
2020-06-27 12:00:00,33.7,85.9,6.7,638.0,985.2,5.7,37.2,34.0,43.2,42.08,High,0
2020-06-27 18:00:00,41.7,59.5,8.5,50.0,1001.4,2.6,43.7,39.7,51.8,33.22,Moderate,1
2020-06-28 00:00:00,34.8,89.7,8.4,961.0,988.7,2.3,38.3,35.4,45.6,44.42,High,0
2020-06-28 06:00:00,35.1,56.3,13.2,561.0,1009.2,2.8,36.3,34.1,39.0,32.42,Moderate,0
2020-06-28 12:00:00,31.5,56.8,7.0,227.0,988.3,0.5,33.5,30.6,34.8,28.85,Moderate,0
2020-06-28 18:00:00,33.6,29.0,6.9,296.0,995.1,0.8,34.2,31.6,33.2,23.49,Low,0
2020-06-29 00:00:00,36.2,80.2,5.0,798.0,1001.4,1.2,39.6,36.2,47.1,41.74,High,0
2020-06-29 06:00:00,22.0,38.5,13.8,700.0,1020.4,0.9,22.3,21.8,18.7,22.33,Low,0
2020-06-29 12:00:00,24.6,87.5,10.3,897.0,994.3,2.8,27.7,26.1,27.5,38.59,High,0
2020-06-29 18:00:00,39.2,88.3,20.0,379.0,1005.1,0.0,41.2,38.7,51.8,38.56,High,0
2020-06-30 00:00:00,35.2,90.7,18.4,624.0,1010.8,0.4,37.5,35.5,44.6,39.66,High,0
2020-06-30 06:00:00,32.7,59.0,11.0,657.0,1019.8,3.2,34.3,32.2,36.2,33.31,Moderate,0
2020-06-30 12:00:00,34.1,70.8,8.7,724.0,1012.8,0.1,36.6,33.9,40.9,36.77,Moderate,0
2020-06-30 18:00:00,36.4,78.4,9.4,832.0,1015.9,0.4,39.2,36.3,46.2,40.48,High,0
2020-07-01 00:00:00,30.2,29.8,5.9,371.0,1013.6,0.6,31.0,28.6,29.3,22.85,Low,0
2020-07-01 06:00:00,28.6,65.1,5.1,521.0,992.9,2.1,31.2,28.5,32.0,32.77,Moderate,0
2020-07-01 12:00:00,35.4,22.6,4.5,397.0,1008.6,1.2,36.0,33.0,34.8,24.08,Low,0
2020-07-01 18:00:00,27.2,57.3,8.2,537.0,1013.5,4.6,29.1,27.0,28.4,30.56,Moderate,0
2020-07-02 00:00:00,36.9,31.6,0.7,725.0,995.4,0.4,38.4,35.0,39.2,29.94,Moderate,0
2020-07-02 06:00:00,22.1,33.7,24.8,136.0,999.2,3.1,20.8,21.2,16.2,15.52,Low,0
2020-07-02 12:00:00,41.2,47.4,4.1,827.0,997.0,0.5,43.1,39.6,48.6,35.95,Moderate,1
2020-07-02 18:00:00,37.3,52.4,29.1,265.0,1012.7,0.4,36.4,35.7,38.6,26.19,Low,0
2020-07-03 00:00:00,35.8,66.7,4.2,473.0,1004.3,1.0,38.6,35.0,43.9,35.84,Moderate,0
2020-07-03 06:00:00,40.9,25.6,9.4,861.0,1001.8,0.1,41.1,38.6,41.6,29.42,Moderate,0
2020-07-03 12:00:00,45.7,57.8,12.2,632.0,992.2,0.7,47.1,43.8,58.2,37.56,Moderate,1
2020-07-03 18:00:00,41.1,33.7,10.0,635.0,1004.3,0.7,41.6,38.8,43.8,29.93,Moderate,0
2020-07-04 00:00:00,21.1,63.0,6.2,255.0,999.3,0.3,23.5,21.4,21.1,26.02,Low,0
2020-07-04 06:00:00,25.0,67.8,6.0,289.0,1007.4,3.0,27.7,25.2,26.9,30.22,Moderate,0
2020-07-04 12:00:00,29.6,61.8,16.0,785.0,993.6,0.7,30.8,29.6,30.9,31.7,Moderate,0
2020-07-04 18:00:00,34.2,75.4,20.4,403.0,1006.8,6.0,35.5,33.8,39.6,35.28,Moderate,0
2020-07-05 00:00:00,37.6,45.2,1.9,426.0,1000.6,3.4,39.6,35.8,42.9,32.22,Moderate,0
2020-07-05 06:00:00,28.9,77.4,11.2,791.0,992.5,0.3,31.4,29.5,32.9,36.15,Moderate,0
2020-07-05 12:00:00,35.3,52.5,14.1,288.0,991.7,1.1,36.2,33.9,38.4,28.74,Moderate,0
2020-07-05 18:00:00,28.7,56.3,10.6,617.0,993.2,1.4,30.2,28.4,29.9,29.99,Moderate,0
2020-07-06 00:00:00,29.7,68.6,2.9,561.0,1002.9,2.6,32.8,29.7,34.5,35.05,Moderate,0
2020-07-06 06:00:00,24.2,21.4,13.3,549.0,1006.2,3.3,23.7,23.1,19.7,18.85,Low,0
2020-07-06 12:00:00,27.5,69.0,18.7,420.0,1007.7,1.5,28.7,27.6,28.2,29.56,Moderate,0
2020-07-06 18:00:00,24.5,66.4,5.0,405.0,1008.1,0.1,27.2,24.8,26.2,29.7,Moderate,0
2020-07-07 00:00:00,27.2,43.2,6.1,280.0,997.4,1.0,28.6,26.3,27.1,24.27,Low,0
2020-07-07 06:00:00,41.4,26.4,10.8,671.0,1015.6,3.2,41.4,38.9,42.2,29.22,Moderate,0
2020-07-07 12:00:00,27.4,26.8,8.9,383.0,1000.6,1.9,27.7,26.0,24.9,20.79,Low,0
2020-07-07 18:00:00,50.0,89.2,6.2,792.0,1009.5,3.1,53.7,48.9,80.9,50.58,Extreme,1
2020-07-08 00:00:00,37.5,71.7,3.6,494.0,1003.4,1.7,40.7,36.8,48.0,38.38,High,0
2020-07-08 06:00:00,35.3,29.5,6.6,285.0,1008.8,0.1,36.0,33.1,35.6,24.11,Low,0
2020-07-08 12:00:00,28.0,46.8,1.3,491.0,1002.9,5.2,30.2,27.3,29.6,29.54,Moderate,0
2020-07-08 18:00:00,38.9,64.4,14.2,447.0,1008.9,3.8,40.4,37.7,46.9,35.45,Moderate,0
2020-07-09 00:00:00,30.0,82.7,5.4,802.0,1004.9,0.2,33.5,30.7,36.5,39.18,High,0
2020-07-09 06:00:00,34.9,23.3,15.8,458.0,1013.1,0.2,34.2,32.7,32.1,21.88,Low,0
2020-07-09 12:00:00,50.0,37.7,7.9,481.0,996.8,1.2,50.9,46.8,59.7,34.37,Moderate,1
2020-07-09 18:00:00,33.3,86.7,10.3,903.0,987.3,2.1,36.4,33.9,41.9,42.11,High,0
2020-07-10 00:00:00,42.0,20.7,2.3,677.0,995.3,0.7,42.8,39.2,43.1,28.94,Moderate,1
2020-07-10 06:00:00,29.1,35.1,14.9,966.0,1015.7,0.2,29.1,28.4,26.9,26.2,Low,0
2020-07-10 12:00:00,33.8,91.9,35.0,865.0,1003.5,1.1,34.2,34.5,38.9,38.06,High,0
2020-07-10 18:00:00,46.4,66.0,7.1,328.0,1005.9,0.6,48.8,44.4,63.3,38.63,High,1
2020-07-11 00:00:00,29.6,39.6,10.2,797.0,994.5,0.7,30.4,28.8,29.0,27.4,Low,0
2020-07-11 06:00:00,46.7,25.0,11.1,931.0,1005.7,1.6,46.6,43.8,49.1,32.59,Moderate,1
2020-07-11 12:00:00,39.0,22.1,3.2,933.0,994.8,3.3,39.7,36.8,39.5,30.59,Moderate,0
2020-07-11 18:00:00,30.1,38.4,4.0,797.0,996.2,1.2,31.5,29.2,30.7,28.74,Moderate,0
2020-07-12 00:00:00,38.4,86.1,13.5,792.0,1001.0,1.7,41.1,38.4,50.9,42.64,High,0
2020-07-12 06:00:00,40.8,51.2,5.0,474.0,1009.5,1.6,42.8,39.0,48.8,34.28,Moderate,1
2020-07-12 12:00:00,38.4,74.0,7.9,341.0,1010.5,1.2,41.2,37.5,49.3,37.18,Moderate,0
2020-07-12 18:00:00,23.0,88.9,10.3,462.0,1010.8,0.6,26.2,24.3,25.2,34.19,Moderate,0
2020-07-13 00:00:00,28.9,50.6,13.8,134.0,989.1,0.7,29.8,27.9,28.8,24.14,Low,0
2020-07-13 06:00:00,32.3,34.3,8.2,886.0,1004.9,0.6,33.0,31.2,32.2,28.32,Moderate,0
2020-07-13 12:00:00,33.5,58.8,8.4,479.0,1003.0,3.7,35.4,32.7,37.9,32.98,Moderate,0
2020-07-13 18:00:00,38.3,88.1,35.0,873.0,989.7,2.6,38.5,38.4,47.0,39.72,High,0
2020-07-14 00:00:00,35.2,80.3,17.4,242.0,1005.2,1.3,37.1,34.7,42.8,34.7,Moderate,0
2020-07-14 06:00:00,24.7,24.9,7.2,821.0,1002.5,3.6,25.1,23.9,21.8,23.32,Low,0
2020-07-14 12:00:00,36.7,71.9,8.4,426.0,1010.1,3.3,39.3,36.0,45.7,37.16,Moderate,0
2020-07-14 18:00:00,38.3,62.9,28.0,229.0,1005.8,3.9,38.1,36.9,42.8,30.44,Moderate,0
2020-07-15 00:00:00,37.9,88.1,13.9,957.0,999.5,0.4,40.6,38.2,50.3,43.62,High,0
2020-07-15 06:00:00,41.6,29.2,18.9,827.0,1014.3,1.9,40.8,39.3,41.6,29.11,Moderate,0
2020-07-15 12:00:00,39.8,60.1,7.1,603.0,982.8,1.4,42.0,38.5,48.8,36.53,Moderate,0
2020-07-15 18:00:00,37.2,86.0,6.5,558.0,1004.4,2.0,40.7,37.0,49.9,41.83,High,0
2020-07-16 00:00:00,33.5,50.8,23.8,660.0,987.4,0.5,33.2,32.6,33.5,28.14,Moderate,0
2020-07-16 06:00:00,22.4,56.1,8.9,599.0,995.9,1.8,24.1,22.7,21.7,27.45,Low,0
2020-07-16 12:00:00,37.0,25.3,8.8,352.0,1010.2,0.8,37.2,34.5,36.5,24.14,Low,0
2020-07-16 18:00:00,35.5,40.9,6.7,447.0,992.3,2.7,36.7,33.8,38.0,29.16,Moderate,0
2020-07-17 00:00:00,35.9,44.3,18.4,1040.0,990.8,2.4,35.9,34.9,36.9,32.19,Moderate,0
2020-07-17 06:00:00,25.1,90.9,10.7,1100.0,1028.8,0.4,28.4,26.9,28.5,40.27,High,0
2020-07-17 12:00:00,26.4,41.2,3.8,941.0,991.4,0.3,28.0,26.1,26.3,28.58,Moderate,0
2020-07-17 18:00:00,41.4,54.6,6.2,670.0,1021.5,1.9,43.4,39.8,50.4,36.73,Moderate,1
2020-07-18 00:00:00,33.7,70.3,21.0,466.0,1003.3,1.2,34.7,33.3,37.7,32.46,Moderate,0
2020-07-18 06:00:00,38.8,32.2,10.9,350.0,999.8,1.2,39.1,36.4,40.0,26.38,Low,0
2020-07-18 12:00:00,34.2,56.5,18.6,367.0,1010.7,2.1,34.8,33.1,36.6,29.28,Moderate,0
2020-07-18 18:00:00,34.2,75.4,12.3,412.0,1018.4,2.9,36.5,33.8,41.1,35.88,Moderate,0
2020-07-19 00:00:00,40.6,85.0,4.2,1088.0,993.5,0.4,44.3,40.6,57.1,46.98,High,1
2020-07-19 06:00:00,30.4,67.0,13.2,1002.0,999.9,1.2,32.2,30.7,33.4,35.72,Moderate,0
2020-07-19 12:00:00,34.7,70.2,9.1,737.0,1013.5,2.6,37.1,34.4,41.7,37.78,Moderate,0
2020-07-19 18:00:00,30.8,29.5,6.3,310.0,1007.9,3.1,31.5,29.1,29.9,23.38,Low,0
2020-07-20 00:00:00,31.0,90.9,6.7,773.0,1016.0,0.5,34.7,31.9,39.1,41.31,High,0
2020-07-20 06:00:00,31.8,29.9,18.3,490.0,1010.2,0.2,31.1,30.2,28.9,21.87,Low,0
2020-07-20 12:00:00,35.6,78.1,11.2,50.0,1023.1,0.4,38.2,34.8,44.3,33.82,Moderate,0
2020-07-20 18:00:00,30.6,39.9,10.6,622.0,1006.8,4.4,31.3,29.6,30.3,27.83,Low,0
2020-07-21 00:00:00,42.8,90.0,25.3,340.0,1007.2,0.9,44.3,42.0,59.2,39.56,High,1
2020-07-21 06:00:00,27.7,74.0,5.5,348.0,1008.2,0.8,30.7,27.9,31.7,32.76,Moderate,0
2020-07-21 12:00:00,32.7,76.5,8.8,487.0,1003.6,0.0,35.5,32.6,39.4,35.73,Moderate,0
2020-07-21 18:00:00,30.9,36.4,5.9,425.0,1013.5,0.1,32.0,29.5,31.1,25.05,Low,0
2020-07-22 00:00:00,44.1,53.2,13.1,541.0,1007.4,1.7,45.2,42.1,53.5,35.18,Moderate,1
2020-07-22 06:00:00,35.4,66.3,10.7,529.0,1012.9,1.3,37.4,34.7,41.8,34.79,Moderate,0
2020-07-22 12:00:00,41.2,77.7,7.2,81.0,1014.4,1.3,44.2,39.9,55.9,37.59,Moderate,1
2020-07-22 18:00:00,23.6,27.8,7.9,930.0,1009.3,0.2,24.0,23.1,20.7,23.04,Low,0
2020-07-23 00:00:00,35.9,92.2,17.1,304.0,1010.0,0.7,38.5,35.8,46.5,38.31,High,0
2020-07-23 06:00:00,40.2,86.8,20.0,312.0,994.9,2.5,42.1,39.5,53.6,39.01,High,1
2020-07-23 12:00:00,34.6,40.3,6.2,468.0,999.5,0.3,35.9,33.0,36.7,28.02,Moderate,0
2020-07-23 18:00:00,41.5,81.7,35.0,523.0,1013.4,3.2,41.4,40.7,52.1,37.14,Moderate,0
2020-07-24 00:00:00,30.4,58.9,3.1,915.0,1019.2,0.2,33.0,30.3,34.2,34.72,Moderate,0
2020-07-24 06:00:00,43.9,54.6,4.1,617.0,985.6,0.3,46.1,42.0,55.3,37.32,Moderate,1
2020-07-24 12:00:00,50.0,43.6,7.6,692.0,999.3,1.0,51.3,47.2,62.2,37.42,Moderate,1
2020-07-24 18:00:00,31.5,63.6,5.3,619.0,1005.2,4.4,34.0,31.2,36.1,35.2,Moderate,0
2020-07-25 00:00:00,30.9,74.7,4.8,608.0,996.2,0.6,34.1,31.0,36.9,36.39,Moderate,0
2020-07-25 06:00:00,44.2,50.8,19.7,627.0,996.8,1.6,44.4,42.2,51.7,33.91,Moderate,1
2020-07-25 12:00:00,45.1,67.2,13.4,67.0,1009.7,1.3,46.9,43.0,59.8,35.37,Moderate,1
2020-07-25 18:00:00,30.3,72.4,10.0,488.0,1020.8,0.2,32.7,30.3,34.6,33.46,Moderate,0
2020-07-26 00:00:00,31.1,73.3,6.3,841.0,984.7,0.4,34.0,31.4,36.8,37.51,Moderate,0
2020-07-26 06:00:00,32.0,23.9,4.2,1100.0,1003.3,4.0,32.7,30.7,30.9,29.18,Moderate,0
2020-07-26 12:00:00,24.6,84.5,4.1,249.0,1009.6,0.3,28.3,25.3,28.4,33.35,Moderate,0
2020-07-26 18:00:00,27.6,54.4,19.6,656.0,1012.8,1.8,28.0,27.4,26.4,27.65,Low,0
2020-07-27 00:00:00,27.0,39.7,19.1,407.0,1008.2,5.0,26.7,26.1,23.9,23.06,Low,0
2020-07-27 06:00:00,28.6,38.1,7.8,1062.0,1022.6,0.2,29.6,28.1,28.0,28.87,Moderate,0
2020-07-27 12:00:00,33.8,56.2,2.9,212.0,1005.3,0.8,36.3,32.6,39.0,30.55,Moderate,0
2020-07-27 18:00:00,35.6,86.5,14.2,706.0,1018.1,0.4,38.2,35.8,45.4,40.24,High,0
2020-07-28 00:00:00,44.9,48.4,7.8,198.0,998.5,0.4,46.4,42.3,54.5,32.37,Moderate,1
2020-07-28 06:00:00,27.0,76.2,17.6,470.0,1005.6,0.2,28.7,27.4,28.5,31.28,Moderate,0
2020-07-28 12:00:00,40.9,27.3,4.0,541.0,992.9,1.6,41.8,38.3,43.1,29.05,Moderate,0
2020-07-28 18:00:00,32.5,55.7,9.9,817.0,1014.0,2.1,34.1,32.0,35.5,33.43,Moderate,0
2020-07-29 00:00:00,33.7,94.4,3.7,281.0,1003.8,1.7,38.0,33.9,45.2,40.73,High,0
2020-07-29 06:00:00,38.7,77.8,5.4,716.0,1008.6,3.9,41.9,38.3,51.2,42.52,High,0
2020-07-29 12:00:00,26.1,35.8,5.3,555.0,1001.9,0.2,27.3,25.3,25.1,23.87,Low,0
2020-07-29 18:00:00,36.7,57.6,7.7,618.0,1010.9,0.6,38.7,35.7,42.9,34.22,Moderate,0
2020-07-30 00:00:00,35.2,37.5,20.7,790.0,1009.0,0.6,34.6,33.8,34.2,27.21,Low,0
2020-07-30 06:00:00,37.4,50.7,10.3,229.0,995.1,0.4,38.7,35.7,42.1,29.3,Moderate,0
2020-07-30 12:00:00,36.0,78.5,15.7,753.0,995.6,0.2,38.0,35.9,44.3,38.4,High,0
2020-07-30 18:00:00,50.0,77.8,9.9,408.0,1004.7,1.0,52.7,48.1,75.6,43.38,High,1
2020-07-31 00:00:00,29.5,37.1,6.9,824.0,1011.6,2.7,30.5,28.7,29.2,28.3,Moderate,0
2020-07-31 06:00:00,30.3,89.2,1.5,634.0,1023.6,4.6,34.6,31.0,38.7,42.0,High,0
2020-07-31 12:00:00,29.6,64.4,4.2,498.0,1008.0,0.2,32.3,29.4,33.6,32.38,Moderate,0
2020-07-31 18:00:00,30.1,48.5,9.3,402.0,1015.1,2.6,31.4,29.2,31.1,27.74,Low,0
2020-08-01 00:00:00,29.5,57.6,10.5,756.0,988.9,2.6,31.1,29.3,31.3,32.15,Moderate,0
2020-08-01 06:00:00,42.3,65.4,17.6,865.0,1025.1,0.7,43.5,41.2,52.8,38.6,High,1
2020-08-01 12:00:00,43.9,62.0,2.2,417.0,1011.1,0.2,46.7,42.1,57.9,38.01,High,1
2020-08-01 18:00:00,30.0,56.5,32.6,267.0,1004.5,6.9,28.9,29.2,27.5,25.52,Low,0
2020-08-02 00:00:00,28.2,57.9,1.5,724.0,1003.4,1.6,30.9,28.1,31.2,32.86,Moderate,0
2020-08-02 06:00:00,37.3,33.2,8.9,188.0,993.9,6.0,37.9,34.9,38.5,26.82,Low,0
2020-08-02 12:00:00,30.1,81.0,6.0,224.0,996.8,1.0,33.4,30.1,36.3,34.62,Moderate,0
2020-08-02 18:00:00,38.4,60.6,4.2,284.0,1024.1,0.8,40.9,37.0,47.1,34.0,Moderate,0
2020-08-03 00:00:00,35.4,29.8,24.3,446.0,995.1,0.4,34.0,33.3,32.3,22.0,Low,0
2020-08-03 06:00:00,23.4,77.5,6.2,216.0,994.9,6.2,26.5,24.0,25.5,32.46,Moderate,0
2020-08-03 12:00:00,44.8,89.9,2.1,65.0,998.0,0.4,49.0,43.5,68.4,42.84,High,1
2020-08-03 18:00:00,46.6,91.0,3.3,266.0,993.0,0.0,50.8,45.4,73.0,45.06,High,1
2020-08-04 00:00:00,29.7,47.7,19.0,711.0,1005.2,1.1,29.8,29.1,28.5,27.21,Low,0
2020-08-04 06:00:00,31.3,30.2,3.4,232.0,1015.9,0.7,32.4,29.5,31.2,22.94,Low,0
2020-08-04 12:00:00,36.0,58.9,2.7,465.0,998.9,0.5,38.6,34.9,43.0,34.05,Moderate,0
2020-08-04 18:00:00,36.3,28.4,10.6,1037.0,991.3,1.5,36.4,34.7,35.9,29.62,Moderate,0
2020-08-05 00:00:00,38.6,90.0,7.6,538.0,1007.9,0.7,42.2,38.4,53.4,42.63,High,0
2020-08-05 06:00:00,48.1,33.8,12.7,636.0,1004.4,0.8,48.3,45.1,54.1,32.6,Moderate,1
2020-08-05 12:00:00,32.8,39.0,6.9,313.0,1015.0,0.0,33.9,31.2,33.8,25.48,Low,0
2020-08-05 18:00:00,28.4,50.5,15.1,1091.0,1000.5,1.3,29.1,28.4,27.9,31.02,Moderate,0
2020-08-06 00:00:00,24.3,48.7,3.0,415.0,1002.4,0.2,26.4,24.0,24.6,25.69,Low,0
2020-08-06 06:00:00,28.9,79.6,2.5,493.0,1003.5,0.4,32.6,29.3,34.8,36.24,Moderate,0
2020-08-06 12:00:00,33.8,54.2,11.3,879.0,1005.9,1.9,35.2,33.2,37.0,33.76,Moderate,0
2020-08-06 18:00:00,46.6,32.8,7.6,505.0,1001.1,0.6,47.3,43.6,52.3,31.65,Moderate,1
2020-08-07 00:00:00,30.4,40.0,6.6,562.0,999.5,0.3,31.6,29.3,30.8,26.68,Low,0
2020-08-07 06:00:00,35.6,58.2,14.2,480.0,986.5,1.3,36.8,34.6,40.0,31.78,Moderate,0
2020-08-07 12:00:00,33.9,31.1,35.0,481.0,999.3,0.4,31.3,32.1,28.5,19.78,Low,0
2020-08-07 18:00:00,42.3,65.9,2.5,643.0,1012.2,0.5,45.3,41.0,55.9,40.01,High,1
2020-08-08 00:00:00,50.0,62.4,21.2,688.0,1013.5,1.5,50.6,47.9,67.2,39.54,High,1
2020-08-08 06:00:00,30.3,73.6,14.6,389.0,1000.3,2.0,32.2,30.2,33.9,32.73,Moderate,0
2020-08-08 12:00:00,30.6,90.3,6.4,358.0,1018.0,2.0,34.3,31.1,38.4,38.45,High,0
2020-08-08 18:00:00,41.3,88.4,25.5,398.0,1004.7,1.0,42.7,40.7,55.3,38.92,High,1
2020-08-09 00:00:00,38.8,91.0,3.3,200.0,991.6,0.9,43.0,38.3,54.8,41.36,High,0
2020-08-09 06:00:00,46.9,38.4,12.4,152.0,988.5,2.3,47.3,43.7,53.8,30.17,Moderate,1
2020-08-09 12:00:00,38.1,29.9,8.1,624.0,1017.2,0.3,38.6,36.0,39.1,27.78,Low,0
2020-08-09 18:00:00,31.5,42.7,6.4,785.0,1001.3,0.2,32.9,30.6,32.7,29.53,Moderate,0
2020-08-10 00:00:00,38.1,87.1,3.7,768.0,992.9,1.6,42.0,38.1,52.4,44.5,High,0
2020-08-10 06:00:00,41.8,92.9,35.0,50.0,982.4,0.8,42.2,40.9,55.8,35.69,Moderate,1
2020-08-10 12:00:00,39.7,84.4,6.4,489.0,1001.0,1.9,43.2,39.2,54.6,42.02,High,0
2020-08-10 18:00:00,37.6,28.3,0.9,274.0,1009.0,0.4,38.9,35.1,39.5,26.01,Low,0
2020-08-11 00:00:00,41.5,91.1,16.2,586.0,998.0,0.6,44.1,41.1,58.3,42.82,High,1
2020-08-11 06:00:00,42.2,51.8,11.7,446.0,994.5,3.4,43.4,40.2,50.0,34.14,Moderate,1
2020-08-11 12:00:00,43.7,20.7,7.6,698.0,999.5,0.8,43.8,40.8,44.3,28.84,Moderate,1
2020-08-11 18:00:00,38.5,53.2,7.0,545.0,1017.4,1.3,40.3,37.1,45.0,33.77,Moderate,0
2020-08-12 00:00:00,32.8,23.5,8.8,76.0,991.1,0.2,32.9,30.4,30.9,19.51,Low,0
2020-08-12 06:00:00,35.0,60.8,16.3,308.0,998.6,0.3,36.1,33.9,39.1,30.1,Moderate,0
2020-08-12 12:00:00,42.4,45.4,11.8,551.0,1017.1,0.1,43.3,40.3,48.6,32.24,Moderate,1
2020-08-12 18:00:00,28.3,55.5,13.2,573.0,1009.9,0.8,29.5,28.0,28.8,28.55,Moderate,0
2020-08-13 00:00:00,36.6,66.0,13.2,199.0,1006.8,6.8,38.3,35.4,43.4,34.2,Moderate,0
2020-08-13 06:00:00,31.2,85.2,16.8,166.0,998.5,3.1,33.4,31.2,36.7,34.31,Moderate,0
2020-08-13 12:00:00,34.2,69.6,20.0,564.0,1005.3,1.5,35.3,33.8,38.6,33.54,Moderate,0
2020-08-13 18:00:00,42.9,52.6,5.5,199.0,999.6,3.0,44.9,40.6,52.7,33.9,Moderate,1
2020-08-14 00:00:00,35.3,81.5,10.6,133.0,996.4,1.4,38.1,34.8,44.6,35.63,Moderate,0
2020-08-14 06:00:00,34.3,87.9,19.4,439.0,994.2,0.7,36.4,34.4,42.2,37.07,Moderate,0
2020-08-14 12:00:00,24.5,29.0,5.5,428.0,1012.8,0.3,25.3,23.5,22.4,20.49,Low,0
2020-08-14 18:00:00,39.2,59.9,22.3,330.0,1004.4,1.6,39.5,37.7,44.8,31.19,Moderate,0
2020-08-15 00:00:00,38.5,41.3,5.4,374.0,1008.1,0.3,39.9,36.5,42.7,29.48,Moderate,0
2020-08-15 06:00:00,49.1,23.5,12.1,553.0,1006.5,0.8,48.8,45.6,51.9,29.98,Moderate,1
2020-08-15 12:00:00,31.8,70.1,7.7,370.0,1009.4,2.6,34.4,31.4,37.1,33.98,Moderate,0
2020-08-15 18:00:00,35.5,84.7,6.7,568.0,1002.5,0.2,38.9,35.5,46.3,40.14,High,0
2020-08-16 00:00:00,35.7,32.2,12.7,455.0,1000.2,0.2,35.8,33.7,35.4,25.06,Low,0
2020-08-16 06:00:00,45.0,80.9,20.1,592.0,996.8,0.4,46.6,43.9,62.6,41.04,High,1
2020-08-16 12:00:00,33.3,84.0,7.5,770.0,990.9,1.2,36.6,33.7,42.0,40.68,High,0
2020-08-16 18:00:00,36.0,88.6,21.3,760.0,993.8,0.4,37.9,36.3,45.2,39.93,High,0
2020-08-17 00:00:00,38.3,39.9,5.3,872.0,1001.3,1.0,39.7,36.7,42.1,33.04,Moderate,0
2020-08-17 06:00:00,35.3,87.8,20.3,760.0,989.0,0.5,37.3,35.6,43.9,39.65,High,0
2020-08-17 12:00:00,30.9,44.0,10.1,610.0,991.2,1.1,31.9,30.0,31.4,27.85,Low,0
2020-08-17 18:00:00,35.4,61.4,11.6,442.0,1015.4,0.5,37.1,34.5,40.7,32.45,Moderate,0
2020-08-18 00:00:00,41.5,23.8,3.6,453.0,1007.2,5.9,42.3,38.6,43.0,29.37,Moderate,1
2020-08-18 06:00:00,26.8,23.3,6.5,331.0,1000.5,1.0,27.2,25.3,24.2,19.42,Low,0
2020-08-18 12:00:00,34.9,74.0,9.1,551.0,1027.7,2.0,37.5,34.6,42.7,37.22,Moderate,0
2020-08-18 18:00:00,29.1,53.3,18.7,724.0,988.5,1.8,29.5,28.8,28.5,28.74,Moderate,0
2020-08-19 00:00:00,42.4,39.2,8.0,369.0,1014.8,1.0,43.4,39.9,47.6,30.4,Moderate,1
2020-08-19 06:00:00,23.3,34.3,4.9,541.0,1003.9,0.4,24.4,22.7,21.6,22.28,Low,0
2020-08-19 12:00:00,30.1,70.2,11.0,381.0,1012.9,1.1,32.3,29.9,33.8,32.14,Moderate,0
2020-08-19 18:00:00,36.6,20.0,30.2,602.0,1006.1,1.7,34.0,34.2,30.8,20.54,Low,0
2020-08-20 00:00:00,45.0,80.4,11.8,413.0,986.3,0.9,47.6,43.7,64.0,41.4,High,1
2020-08-20 06:00:00,33.5,25.9,7.9,365.0,1006.0,0.1,33.8,31.4,32.4,22.74,Low,0
2020-08-20 12:00:00,30.1,34.4,11.0,380.0,1008.4,0.0,30.5,28.7,28.8,22.8,Low,0
2020-08-20 18:00:00,47.2,49.0,4.6,676.0,983.1,0.6,49.1,44.9,59.6,37.85,Moderate,1
2020-08-21 00:00:00,23.9,56.4,23.2,526.0,1024.4,0.2,23.9,24.0,20.9,24.23,Low,0
2020-08-21 06:00:00,18.6,46.6,23.0,443.0,1008.1,3.5,18.2,18.8,13.4,19.97,Low,0
2020-08-21 12:00:00,37.1,44.1,4.5,615.0,1011.7,0.3,38.8,35.5,41.4,31.54,Moderate,0
2020-08-21 18:00:00,30.5,92.3,22.6,446.0,993.3,0.8,32.4,31.1,35.4,35.9,Moderate,0
2020-08-22 00:00:00,26.9,68.1,11.1,832.0,1011.9,1.9,29.0,27.4,28.7,33.82,Moderate,0
2020-08-22 06:00:00,39.0,21.8,14.8,307.0,1015.9,2.5,38.3,36.2,37.1,23.22,Low,0
2020-08-22 12:00:00,35.7,52.3,9.3,503.0,1007.5,1.0,37.2,34.5,39.9,31.4,Moderate,0
2020-08-22 18:00:00,30.1,85.6,9.8,199.0,1004.9,0.3,33.2,30.3,36.2,34.58,Moderate,0
2020-08-23 00:00:00,25.0,42.6,5.8,463.0,996.1,0.5,26.4,24.5,24.3,24.39,Low,0
2020-08-23 06:00:00,40.1,27.1,4.6,130.0,1002.8,0.8,40.9,37.2,41.8,25.16,Low,0
2020-08-23 12:00:00,38.6,76.9,4.4,737.0,999.9,0.7,41.9,38.2,51.0,41.49,High,0
2020-08-23 18:00:00,33.3,65.5,19.1,742.0,1010.7,0.6,34.3,33.0,36.6,33.32,Moderate,0
2020-08-24 00:00:00,46.9,62.8,10.6,746.0,996.5,0.2,48.8,45.2,62.6,40.35,High,1
2020-08-24 06:00:00,26.5,24.0,4.7,557.0,1010.6,3.7,27.1,25.2,24.3,22.46,Low,0
2020-08-24 12:00:00,23.3,30.5,10.0,330.0,996.6,0.0,23.6,22.4,20.2,18.58,Low,0
2020-08-24 18:00:00,29.2,66.7,2.2,350.0,1002.4,0.9,32.3,29.0,33.7,32.32,Moderate,0
2020-08-25 00:00:00,33.7,35.6,4.6,933.0,1011.2,5.9,34.9,32.5,34.9,32.21,Moderate,0
2020-08-25 06:00:00,35.7,57.8,20.3,909.0,998.0,1.6,36.2,35.1,38.9,33.83,Moderate,0
2020-08-25 12:00:00,32.3,60.9,6.3,581.0,1011.5,0.7,34.6,31.8,36.8,33.1,Moderate,0
2020-08-25 18:00:00,36.5,41.3,18.7,421.0,1010.5,0.2,36.3,34.7,37.2,26.24,Low,0
2020-08-26 00:00:00,25.2,91.1,8.7,892.0,1002.3,5.0,28.7,26.8,29.1,40.81,High,0
2020-08-26 06:00:00,44.1,83.2,14.8,376.0,1016.6,0.0,46.5,43.0,62.2,40.51,High,1
2020-08-26 12:00:00,33.4,74.2,3.7,607.0,1005.8,1.7,36.7,33.3,41.2,37.99,Moderate,0
2020-08-26 18:00:00,41.8,25.8,13.4,888.0,1016.0,3.2,41.5,39.4,42.1,30.36,Moderate,0
2020-08-27 00:00:00,36.4,28.0,1.1,341.0,1022.9,0.0,37.7,34.1,37.8,25.72,Low,0
2020-08-27 06:00:00,37.2,57.0,6.7,757.0,1002.6,1.9,39.2,36.2,43.8,35.99,Moderate,0
2020-08-27 12:00:00,38.0,32.1,21.0,680.0,1011.4,10.1,37.1,36.0,36.9,29.56,Moderate,0
2020-08-27 18:00:00,37.1,93.4,9.6,540.0,998.6,1.5,40.6,37.2,50.6,42.7,High,0
2020-08-28 00:00:00,38.5,31.9,4.5,302.0,994.7,0.8,39.6,36.1,40.8,26.94,Low,0
2020-08-28 06:00:00,43.3,56.6,19.9,369.0,1003.0,3.1,43.7,41.3,51.8,33.51,Moderate,1
2020-08-28 12:00:00,35.4,47.3,32.5,622.0,991.4,1.2,33.9,34.1,34.0,26.34,Low,0
2020-08-28 18:00:00,39.0,68.0,7.8,194.0,995.6,2.1,41.5,37.7,49.1,35.18,Moderate,0
2020-08-29 00:00:00,33.4,29.7,2.3,583.0,1010.9,1.3,34.6,31.7,34.0,26.82,Low,0
2020-08-29 06:00:00,44.1,52.3,9.7,685.0,999.9,0.1,45.6,42.2,53.9,36.15,Moderate,1
2020-08-29 12:00:00,29.3,40.6,15.4,796.0,1012.1,0.4,29.5,28.6,27.7,26.36,Low,0
2020-08-29 18:00:00,46.6,86.6,8.1,200.0,1008.0,0.1,50.0,45.2,70.6,42.54,High,1
2020-08-30 00:00:00,33.7,23.0,1.3,879.0,1023.5,0.2,34.7,32.0,33.4,27.32,Low,0
2020-08-30 06:00:00,24.0,88.5,14.4,974.0,1010.2,0.0,26.7,25.7,25.9,37.35,Moderate,0
2020-08-30 12:00:00,34.9,82.5,5.3,653.0,1016.1,0.8,38.4,35.0,45.0,40.45,High,0
2020-08-30 18:00:00,29.2,42.3,6.7,290.0,1009.0,0.3,30.5,28.1,29.5,24.66,Low,0
2020-08-31 00:00:00,39.9,79.2,2.4,468.0,1008.1,2.9,43.6,39.2,54.5,41.8,High,0
2020-08-31 06:00:00,29.4,22.3,0.8,538.0,1016.6,2.1,30.4,27.8,28.3,23.42,Low,0
2020-08-31 12:00:00,30.9,92.5,3.6,618.0,1011.7,1.3,35.1,31.7,39.8,41.4,High,0
2020-08-31 18:00:00,20.8,59.5,6.2,555.0,1007.1,1.0,23.0,21.4,20.4,27.51,Low,0
2020-09-01 00:00:00,30.8,42.7,6.1,620.0,1007.1,0.4,32.2,29.8,31.9,28.11,Moderate,0
2020-09-01 06:00:00,18.0,47.2,23.9,527.0,1010.4,1.0,17.5,18.4,12.6,19.42,Low,0
2020-09-01 12:00:00,22.9,25.0,4.0,616.0,998.3,1.5,23.7,22.1,20.4,20.9,Low,0
2020-09-01 18:00:00,39.3,94.2,17.7,435.0,997.9,2.3,41.9,39.1,53.9,41.76,High,0
2020-09-02 00:00:00,39.5,22.9,10.3,465.0,1019.3,0.1,39.4,36.8,38.9,24.96,Low,0
2020-09-02 06:00:00,37.0,69.1,26.1,406.0,1023.6,1.8,37.3,36.1,42.2,32.38,Moderate,0
2020-09-02 12:00:00,27.2,53.2,8.8,1029.0,995.7,2.0,28.8,27.4,27.8,32.2,Moderate,0
2020-09-02 18:00:00,33.7,91.2,1.5,916.0,998.3,1.2,38.1,34.4,45.1,44.96,High,0
2020-09-03 00:00:00,34.0,38.4,8.3,689.0,1016.4,0.4,34.9,32.6,35.1,28.55,Moderate,0
2020-09-03 06:00:00,25.9,59.9,0.9,881.0,1010.3,1.2,28.8,26.3,28.3,33.48,Moderate,0
2020-09-03 12:00:00,44.5,56.2,3.6,750.0,1011.8,1.0,46.9,42.8,57.0,39.33,High,1
2020-09-03 18:00:00,40.1,72.7,8.4,595.0,1014.0,1.0,42.7,39.2,52.2,39.35,High,1
2020-09-04 00:00:00,32.5,25.1,8.5,174.0,1002.6,0.9,32.7,30.3,30.9,20.82,Low,0
2020-09-04 06:00:00,34.2,34.5,17.3,484.0,1008.3,0.2,33.8,32.5,32.9,24.26,Low,0
2020-09-04 12:00:00,35.5,36.1,12.6,466.0,1007.5,0.3,35.8,33.7,35.9,26.08,Low,0
2020-09-04 18:00:00,19.7,75.4,24.5,267.0,996.4,0.2,20.5,20.6,16.6,24.89,Low,0
2020-09-05 00:00:00,32.3,34.2,17.3,178.0,1008.2,0.4,31.9,30.4,30.4,21.1,Low,0
2020-09-05 06:00:00,29.2,63.0,15.9,673.0,1017.4,0.5,30.4,29.2,30.5,30.93,Moderate,0
2020-09-05 12:00:00,27.0,36.1,30.8,631.0,1001.7,0.4,25.1,26.2,21.2,19.89,Low,0
2020-09-05 18:00:00,32.0,84.6,16.7,258.0,1006.5,0.4,34.2,32.0,38.0,34.28,Moderate,0
2020-09-06 00:00:00,46.6,90.7,21.9,364.0,1007.1,2.0,48.5,45.5,69.3,42.7,High,1
2020-09-06 06:00:00,38.5,58.9,2.2,840.0,1002.2,2.6,41.2,37.6,47.2,38.82,High,0
2020-09-06 12:00:00,30.0,46.4,7.4,331.0,1011.8,0.6,31.4,29.0,31.0,26.31,Low,0
2020-09-06 18:00:00,38.0,37.6,12.3,593.0,998.2,0.5,38.4,36.1,39.8,28.66,Moderate,0
2020-09-07 00:00:00,43.8,23.7,9.9,503.0,1018.3,2.8,43.8,40.8,44.9,28.41,Moderate,1
2020-09-07 06:00:00,40.5,40.1,5.1,677.0,1011.3,1.5,41.9,38.5,45.5,32.83,Moderate,0
2020-09-07 12:00:00,34.4,69.1,16.0,336.0,995.6,0.5,35.9,33.7,39.6,32.25,Moderate,0
2020-09-07 18:00:00,29.5,60.0,18.6,573.0,1022.0,1.9,30.3,29.2,30.0,29.52,Moderate,0
2020-09-08 00:00:00,38.9,90.8,8.8,592.0,1006.7,0.6,42.4,38.8,53.9,43.1,High,0
2020-09-08 06:00:00,36.8,49.7,7.7,608.0,997.8,1.3,38.4,35.5,41.4,32.46,Moderate,0
2020-09-08 12:00:00,40.3,72.0,6.3,570.0,1016.0,7.4,43.1,39.4,52.8,41.74,High,1
2020-09-08 18:00:00,38.4,56.7,16.5,636.0,1009.9,0.5,39.3,37.2,43.8,33.1,Moderate,0
2020-09-09 00:00:00,41.3,58.4,7.6,1098.0,987.3,4.0,43.3,40.3,51.0,41.3,High,1
2020-09-09 06:00:00,30.3,40.1,9.6,1100.0,999.7,0.6,31.2,29.8,30.1,30.2,Moderate,0
2020-09-09 12:00:00,43.2,54.1,20.4,390.0,1007.8,1.2,43.5,41.2,50.8,32.23,Moderate,1
2020-09-09 18:00:00,35.4,55.3,11.5,50.0,983.4,0.9,36.8,33.8,39.6,28.14,Moderate,0
2020-09-10 00:00:00,48.5,73.0,9.6,699.0,1005.9,2.3,51.0,46.9,70.1,44.2,High,1
2020-09-10 06:00:00,29.2,90.5,5.9,597.0,1006.6,0.1,33.0,30.0,36.1,39.1,High,0
2020-09-10 12:00:00,46.2,44.7,9.3,815.0,993.2,1.5,47.3,44.0,55.4,36.74,Moderate,1
2020-09-10 18:00:00,35.4,23.2,5.3,621.0,1007.7,2.1,35.9,33.3,34.8,26.06,Low,0
2020-09-11 00:00:00,29.4,57.2,11.0,565.0,1005.1,1.0,30.9,29.0,31.0,29.92,Moderate,0
2020-09-11 06:00:00,30.6,60.8,6.5,832.0,993.1,0.2,32.9,30.5,34.1,33.98,Moderate,0
2020-09-11 12:00:00,31.8,32.6,7.2,867.0,1014.2,0.4,32.6,30.6,31.4,27.66,Low,0
2020-09-11 18:00:00,37.0,77.0,9.3,203.0,1013.4,1.7,39.7,36.2,47.1,36.16,Moderate,0
2020-09-12 00:00:00,37.7,93.9,26.5,346.0,1002.1,3.4,39.2,37.6,48.7,38.92,High,0
2020-09-12 06:00:00,30.0,90.9,12.1,524.0,1003.0,0.8,33.1,30.7,36.3,38.02,High,0
2020-09-12 12:00:00,33.8,34.8,3.6,575.0,1012.3,1.2,35.1,32.2,35.1,27.92,Low,0
2020-09-12 18:00:00,49.0,85.7,7.6,494.0,1003.0,0.4,52.4,47.6,76.6,45.8,High,1
2020-09-13 00:00:00,46.1,72.8,6.0,659.0,985.7,0.8,49.0,44.7,65.2,42.97,High,1
2020-09-13 06:00:00,37.1,54.0,5.8,799.0,1009.9,0.6,39.1,36.1,43.2,35.24,Moderate,0
2020-09-13 12:00:00,34.3,60.5,6.0,981.0,996.9,1.6,36.6,34.0,39.9,37.28,Moderate,0
2020-09-13 18:00:00,34.8,83.7,7.7,695.0,1001.1,6.3,38.1,34.9,44.6,42.46,High,0
2020-09-14 00:00:00,38.3,56.0,5.4,337.0,1019.6,2.5,40.5,36.8,45.6,33.56,Moderate,0
2020-09-14 06:00:00,26.8,48.0,5.4,513.0,1003.7,0.3,28.6,26.3,27.3,26.93,Low,0
2020-09-14 12:00:00,32.2,57.0,6.1,531.0,1005.0,1.3,34.3,31.5,36.0,31.96,Moderate,0
2020-09-14 18:00:00,22.3,63.4,5.8,679.0,1010.1,0.1,24.8,23.0,22.8,29.85,Moderate,0
2020-09-15 00:00:00,36.8,34.2,4.7,647.0,1010.1,0.4,37.9,35.0,38.9,29.16,Moderate,0
2020-09-15 06:00:00,38.5,87.6,14.0,1063.0,995.8,0.3,41.2,38.8,51.4,44.5,High,0
2020-09-15 12:00:00,30.6,70.6,7.0,435.0,1004.4,0.6,33.3,30.4,35.4,33.49,Moderate,0
2020-09-15 18:00:00,45.0,67.5,8.0,646.0,1005.4,1.7,47.4,43.5,60.7,40.96,High,1
2020-09-16 00:00:00,25.4,27.5,7.5,1100.0,1007.7,1.0,25.9,24.9,22.9,25.4,Low,0
2020-09-16 06:00:00,23.7,65.3,5.7,404.0,1007.9,4.1,26.3,24.0,24.9,30.32,Moderate,0
2020-09-16 12:00:00,35.6,29.1,4.6,586.0,1030.9,0.4,36.5,33.6,36.3,26.91,Low,0
2020-09-16 18:00:00,41.3,25.9,14.9,314.0,993.2,0.7,40.8,38.4,41.1,24.68,Low,0
2020-09-17 00:00:00,45.8,59.5,4.8,571.0,1014.8,0.6,48.2,43.9,60.4,39.02,High,1
2020-09-17 06:00:00,30.8,50.2,5.0,355.0,1016.8,0.4,32.7,29.8,33.2,28.21,Moderate,0
2020-09-17 12:00:00,41.6,64.2,17.9,812.0,1009.9,7.5,42.7,40.5,51.1,39.9,High,1
2020-09-17 18:00:00,33.7,26.7,6.1,587.0,998.5,0.7,34.3,31.9,33.1,25.27,Low,0
2020-09-18 00:00:00,32.8,52.3,9.2,316.0,1021.6,4.2,34.3,31.7,35.6,29.84,Moderate,0
2020-09-18 06:00:00,40.2,33.1,7.3,760.0,983.1,0.7,41.0,38.1,42.9,30.85,Moderate,0
2020-09-18 12:00:00,38.6,94.0,9.0,595.0,998.2,0.3,42.2,38.6,54.0,43.64,High,0
2020-09-18 18:00:00,23.0,62.1,23.4,788.0,1016.7,0.2,23.3,23.7,20.2,27.18,Low,0
2020-09-19 00:00:00,44.3,71.6,5.3,263.0,1001.3,2.9,47.2,42.6,61.0,39.76,High,1
2020-09-19 06:00:00,43.7,44.4,14.0,642.0,1021.0,0.0,44.2,41.5,50.0,32.78,Moderate,1
2020-09-19 12:00:00,29.6,27.1,14.9,743.0,989.9,5.0,29.2,28.3,26.4,24.44,Low,0
2020-09-19 18:00:00,36.8,93.2,14.1,444.0,993.9,0.8,39.8,36.8,49.1,40.65,High,0
2020-09-20 00:00:00,37.5,41.5,22.8,235.0,999.7,0.4,36.8,35.4,37.9,24.59,Low,0
2020-09-20 06:00:00,35.8,51.8,1.3,540.0,1009.2,1.4,38.2,34.6,41.6,33.34,Moderate,0
2020-09-20 12:00:00,30.1,68.7,2.8,857.0,1002.8,0.2,33.2,30.4,35.2,36.66,Moderate,0
2020-09-20 18:00:00,29.3,21.9,4.5,831.0,1000.1,0.1,29.9,28.0,27.4,24.03,Low,0
2020-09-21 00:00:00,33.8,80.8,6.4,443.0,1019.2,2.6,37.1,33.7,42.5,38.36,High,0
2020-09-21 06:00:00,42.2,60.2,11.1,229.0,1020.1,0.8,43.9,40.3,52.4,33.82,Moderate,1
2020-09-21 12:00:00,37.8,40.9,4.7,442.0,1000.9,1.1,39.3,35.9,41.7,30.0,Moderate,0
2020-09-21 18:00:00,31.4,24.6,4.7,433.0,987.9,0.3,32.1,29.6,30.2,22.69,Low,0
2020-09-22 00:00:00,39.4,32.2,9.9,662.0,983.4,0.1,39.8,37.2,41.0,28.8,Moderate,0
2020-09-22 06:00:00,18.0,87.1,13.0,524.0,1007.4,0.7,20.8,19.8,17.4,31.45,Moderate,0
2020-09-22 12:00:00,42.0,71.5,9.1,362.0,1011.6,1.1,44.5,40.7,55.5,38.06,High,1
2020-09-22 18:00:00,21.8,38.7,13.4,826.0,1005.6,2.2,22.1,21.8,18.5,23.77,Low,0
2020-09-23 00:00:00,31.5,24.9,2.4,585.0,1004.3,1.0,32.5,29.8,30.8,24.66,Low,0
2020-09-23 06:00:00,26.2,71.8,5.4,659.0,997.0,2.3,29.1,26.8,29.2,34.41,Moderate,0
2020-09-23 12:00:00,24.9,62.9,4.3,119.0,1011.5,0.2,27.5,24.7,26.6,27.03,Low,0
2020-09-23 18:00:00,42.1,50.3,6.1,50.0,1021.8,0.1,43.9,39.7,50.5,30.71,Moderate,1
2020-09-24 00:00:00,30.7,47.3,8.8,191.0,982.8,0.3,32.0,29.5,31.9,25.42,Low,0
2020-09-24 06:00:00,36.4,36.3,1.9,430.0,1004.2,2.2,38.0,34.5,39.3,29.07,Moderate,0
2020-09-24 12:00:00,33.7,70.2,6.1,694.0,995.3,2.1,36.5,33.5,40.6,37.44,Moderate,0
2020-09-24 18:00:00,37.3,92.8,5.3,50.0,990.1,0.2,41.3,36.9,51.7,39.37,High,0
2020-09-25 00:00:00,34.5,33.2,2.6,948.0,993.7,0.0,35.8,33.2,36.0,30.42,Moderate,0
2020-09-25 06:00:00,25.0,64.8,13.6,593.0,1008.8,1.7,26.6,25.4,25.1,29.77,Moderate,0
2020-09-25 12:00:00,41.0,51.8,9.1,890.0,1009.0,2.9,42.5,39.6,48.5,37.27,Moderate,1
2020-09-25 18:00:00,30.5,53.5,6.2,329.0,1019.6,2.1,32.4,29.7,33.0,29.06,Moderate,0
2020-09-26 00:00:00,23.1,39.1,25.4,676.0,1005.1,0.3,22.0,22.8,17.8,20.27,Low,0
2020-09-26 06:00:00,31.0,81.9,2.8,571.0,987.4,1.3,34.8,31.3,38.6,38.6,High,0
2020-09-26 12:00:00,44.5,56.4,26.3,754.0,1002.6,2.1,44.2,42.8,52.7,35.26,Moderate,1
2020-09-26 18:00:00,40.0,60.8,7.7,492.0,991.1,0.4,42.1,38.6,49.2,35.49,Moderate,1
2020-09-27 00:00:00,31.6,42.9,5.0,668.0,992.9,1.1,33.1,30.6,33.2,29.34,Moderate,0
2020-09-27 06:00:00,31.6,33.6,6.3,826.0,1010.8,0.6,32.5,30.4,31.5,27.76,Low,0
2020-09-27 12:00:00,31.7,26.4,6.8,387.0,1006.9,0.4,32.2,29.8,30.4,22.55,Low,0
2020-09-27 18:00:00,48.5,73.6,28.5,611.0,1010.9,5.2,48.8,46.8,66.6,40.93,High,1
2020-09-28 00:00:00,36.7,34.7,11.1,78.0,1001.4,3.7,37.1,34.3,37.6,24.85,Low,0
2020-09-28 06:00:00,37.0,71.8,3.8,726.0,1012.9,0.9,40.1,36.5,47.1,39.6,High,0
2020-09-28 12:00:00,41.2,49.3,14.9,1039.0,1000.9,0.2,41.9,39.8,47.0,35.75,Moderate,0
2020-09-28 18:00:00,35.7,51.2,6.9,239.0,1016.2,2.0,37.4,34.2,40.2,29.98,Moderate,0
2020-09-29 00:00:00,32.2,55.2,0.6,527.0,1008.4,0.4,34.9,31.4,36.8,32.26,Moderate,0
2020-09-29 06:00:00,32.6,47.6,14.6,770.0,1002.9,0.3,33.2,31.8,33.5,29.53,Moderate,0
2020-09-29 12:00:00,33.5,27.5,14.9,558.0,1007.1,0.7,33.1,31.7,31.3,23.4,Low,0
2020-09-29 18:00:00,33.7,43.2,7.2,591.0,1004.8,1.1,35.0,32.4,35.7,29.34,Moderate,0
2020-09-30 00:00:00,39.1,69.8,5.6,452.0,1021.0,0.2,41.9,38.1,50.1,37.39,Moderate,0
2020-09-30 06:00:00,34.4,69.9,15.9,443.0,1007.5,1.3,36.0,33.8,39.8,33.55,Moderate,0
2020-09-30 12:00:00,39.1,41.5,5.4,528.0,1005.0,0.0,40.5,37.2,43.6,30.85,Moderate,0
2020-09-30 18:00:00,33.4,54.5,18.2,560.0,1002.6,3.3,33.9,32.5,35.1,30.37,Moderate,0
2020-10-01 00:00:00,34.6,34.5,5.5,255.0,1013.4,3.8,35.7,32.6,35.8,26.34,Low,0
2020-10-01 06:00:00,20.0,35.8,8.3,533.0,1012.1,2.0,20.8,19.8,17.1,20.99,Low,0
2020-10-01 12:00:00,40.4,21.7,11.9,942.0,1002.3,0.9,40.1,38.1,39.5,28.61,Moderate,0
2020-10-01 18:00:00,36.4,87.3,10.3,445.0,993.4,0.4,39.5,36.3,47.8,39.62,High,0
2020-10-02 00:00:00,41.0,35.8,5.1,241.0,996.0,2.0,42.2,38.4,45.2,28.89,Moderate,1
2020-10-02 06:00:00,18.0,37.1,11.5,512.0,1003.2,4.0,18.5,18.0,14.3,20.31,Low,0
2020-10-02 12:00:00,48.6,41.0,14.4,371.0,1018.5,0.3,48.9,45.5,57.3,32.13,Moderate,1
2020-10-02 18:00:00,33.0,29.6,3.9,215.0,1002.5,0.9,34.0,31.0,33.1,23.4,Low,0
2020-10-03 00:00:00,41.8,67.9,12.2,585.0,999.1,0.6,43.7,40.6,53.5,37.94,Moderate,1
2020-10-03 06:00:00,26.7,25.6,8.1,372.0,987.4,0.7,27.0,25.3,24.1,19.83,Low,0
2020-10-03 12:00:00,38.3,30.1,4.2,394.0,1020.1,0.8,39.3,35.9,40.1,27.15,Low,0
2020-10-03 18:00:00,26.6,68.4,11.1,588.0,1010.7,4.5,28.7,26.9,28.3,32.84,Moderate,0
2020-10-04 00:00:00,29.6,45.5,15.5,167.0,1013.0,0.4,30.0,28.4,28.8,22.99,Low,0
2020-10-04 06:00:00,47.4,73.1,5.9,115.0,1014.6,1.0,50.3,45.3,68.3,39.64,High,1
2020-10-04 12:00:00,32.7,61.8,11.5,718.0,1003.4,4.5,34.4,32.3,36.5,34.83,Moderate,0
2020-10-04 18:00:00,35.5,39.2,6.8,67.0,1005.8,1.0,36.6,33.4,37.6,25.27,Low,0
2020-10-05 00:00:00,40.1,68.8,13.5,306.0,1019.9,3.0,41.9,38.8,50.2,35.89,Moderate,0
2020-10-05 06:00:00,37.5,28.7,17.4,100.0,1006.8,0.1,36.8,34.9,36.2,21.36,Low,0
2020-10-05 12:00:00,35.1,60.2,10.7,428.0,1010.9,4.6,36.8,34.1,40.2,33.52,Moderate,0
2020-10-05 18:00:00,36.6,52.8,14.3,657.0,1013.7,0.3,37.5,35.4,40.5,31.84,Moderate,0
2020-10-06 00:00:00,50.0,40.1,16.0,578.0,1011.4,5.9,50.1,47.0,59.1,35.72,Moderate,1
2020-10-06 06:00:00,33.6,65.3,5.8,1100.0,1003.7,0.3,36.2,33.6,39.6,38.64,High,0
2020-10-06 12:00:00,35.4,85.4,6.7,822.0,1004.7,0.9,38.9,35.7,46.2,42.42,High,0
2020-10-06 18:00:00,41.4,94.9,11.7,317.0,1012.8,0.6,44.7,40.9,59.9,42.6,High,1
2020-10-07 00:00:00,41.7,65.6,19.9,251.0,1012.8,0.9,42.6,40.1,51.2,33.38,Moderate,1
2020-10-07 06:00:00,42.3,50.4,3.4,1100.0,1016.7,0.4,44.4,40.9,51.4,39.34,High,1
2020-10-07 12:00:00,38.5,36.9,12.6,816.0,1010.5,5.0,38.8,36.8,40.3,31.9,Moderate,0
2020-10-07 18:00:00,26.0,39.3,18.9,697.0,1011.0,0.5,25.7,25.5,22.7,23.15,Low,0
2020-10-08 00:00:00,45.4,56.0,8.0,569.0,1000.5,1.6,47.2,43.4,57.8,37.66,Moderate,1
2020-10-08 06:00:00,26.0,47.5,9.0,618.0,999.2,0.2,27.3,25.7,25.5,26.48,Low,0
2020-10-08 12:00:00,36.1,88.5,8.8,179.0,1012.8,2.6,39.5,35.8,47.8,38.86,High,0
2020-10-08 18:00:00,28.7,47.6,8.4,589.0,999.3,1.2,30.1,28.1,29.2,27.97,Low,0
2020-10-09 00:00:00,33.6,48.0,5.0,568.0,1004.8,5.8,35.4,32.5,36.8,32.41,Moderate,0
2020-10-09 06:00:00,36.3,48.8,8.2,324.0,1018.8,0.8,37.8,34.7,40.4,29.6,Moderate,0
2020-10-09 12:00:00,36.2,82.7,5.1,415.0,1017.2,0.3,39.7,35.9,47.5,39.16,High,0
2020-10-09 18:00:00,37.0,68.8,13.7,929.0,1008.0,0.6,38.8,36.6,44.5,38.29,High,0
2020-10-10 00:00:00,45.3,66.1,2.1,519.0,1002.0,2.0,48.4,43.6,62.0,41.08,High,1
2020-10-10 06:00:00,37.2,45.1,15.6,1068.0,1003.8,1.6,37.6,36.1,39.6,33.47,Moderate,0
2020-10-10 12:00:00,32.3,81.3,17.2,115.0,1013.7,2.3,34.3,32.0,37.9,33.09,Moderate,0
2020-10-10 18:00:00,40.7,22.9,10.2,419.0,1004.6,0.1,40.6,37.9,40.5,25.18,Low,0
2020-10-11 00:00:00,42.3,85.3,25.1,163.0,999.4,1.3,43.6,41.2,56.8,37.02,Moderate,1
2020-10-11 06:00:00,25.4,58.5,12.1,248.0,1017.2,4.0,26.9,25.2,25.3,26.89,Low,0
2020-10-11 12:00:00,38.2,49.9,11.1,343.0,1006.8,0.2,39.4,36.5,43.0,30.09,Moderate,0
2020-10-11 18:00:00,38.9,57.3,1.9,629.0,999.2,0.1,41.5,37.6,47.6,36.2,Moderate,0
2020-10-12 00:00:00,31.9,70.1,17.9,617.0,1009.8,1.9,33.3,31.8,35.3,33.59,Moderate,0
2020-10-12 06:00:00,43.6,21.0,4.5,380.0,1014.7,0.6,44.1,40.4,44.9,27.03,Low,1
2020-10-12 12:00:00,32.9,85.4,4.1,50.0,994.9,1.6,36.7,32.6,42.1,36.27,Moderate,0
2020-10-12 18:00:00,34.9,53.5,10.5,919.0,1003.0,1.2,36.3,34.2,38.7,34.29,Moderate,0
2020-10-13 00:00:00,32.8,45.7,5.1,479.0,1002.5,6.4,34.5,31.6,35.3,31.0,Moderate,0
2020-10-13 06:00:00,34.1,30.4,7.9,271.0,1009.5,3.3,34.7,32.0,33.9,24.55,Low,0
2020-10-13 12:00:00,26.3,53.0,18.8,619.0,1011.3,1.7,26.7,26.1,24.6,26.56,Low,0
2020-10-13 18:00:00,23.9,57.2,23.2,601.0,999.5,0.5,24.0,24.1,21.0,25.1,Low,0
2020-10-14 00:00:00,45.2,50.3,5.9,469.0,990.1,0.5,47.0,42.9,56.1,35.43,Moderate,1
2020-10-14 06:00:00,28.1,70.9,8.1,587.0,1015.3,3.2,30.7,28.4,31.4,34.27,Moderate,0
2020-10-14 12:00:00,27.1,51.6,33.4,261.0,993.8,1.3,25.7,26.5,22.7,20.83,Low,0
2020-10-14 18:00:00,18.9,92.1,23.1,740.0,1007.7,2.3,20.7,21.0,17.0,33.26,Moderate,0
2020-10-15 00:00:00,29.5,64.9,16.2,301.0,1003.7,0.9,30.8,29.1,31.2,28.83,Moderate,0
2020-10-15 06:00:00,24.7,80.6,5.1,399.0,1006.6,0.2,28.1,25.5,28.0,33.31,Moderate,0
2020-10-15 12:00:00,45.5,28.2,5.9,712.0,1021.5,0.6,46.2,42.6,49.5,31.9,Moderate,1
2020-10-15 18:00:00,41.1,49.8,16.1,851.0,1035.4,0.3,41.7,39.6,46.8,34.21,Moderate,0
2020-10-16 00:00:00,29.2,45.3,1.7,946.0,988.7,2.3,31.3,28.8,30.9,32.03,Moderate,0
2020-10-16 06:00:00,49.8,62.7,18.0,814.0,1014.8,1.8,50.8,47.8,67.5,41.22,High,1
2020-10-16 12:00:00,40.9,84.6,21.0,469.0,1003.4,0.1,42.6,40.2,54.3,38.91,High,1
2020-10-16 18:00:00,31.7,25.9,7.3,165.0,1015.5,1.5,32.1,29.6,30.3,21.04,Low,0
2020-10-17 00:00:00,18.0,25.4,23.5,901.0,1014.6,3.1,16.4,18.0,11.2,17.59,Low,0
2020-10-17 06:00:00,50.0,83.8,12.4,893.0,1019.1,1.8,52.7,48.8,77.5,48.3,Extreme,1
2020-10-17 12:00:00,24.3,36.0,3.6,382.0,1007.8,1.1,25.7,23.5,23.2,22.47,Low,0
2020-10-17 18:00:00,22.5,70.2,9.8,780.0,996.1,0.6,24.8,23.5,22.9,31.78,Moderate,0
2020-10-18 00:00:00,41.2,60.7,5.5,467.0,1014.3,3.3,43.6,39.7,51.8,37.27,Moderate,1
2020-10-18 06:00:00,50.0,82.5,10.7,925.0,1006.2,0.8,52.8,48.8,77.3,48.2,Extreme,1
2020-10-18 12:00:00,43.7,29.4,3.4,421.0,1002.7,2.9,44.8,40.8,47.7,30.51,Moderate,1
2020-10-18 18:00:00,37.9,29.7,24.6,1045.0,1000.2,2.3,36.4,36.2,35.5,28.2,Moderate,0
2020-10-19 00:00:00,38.2,61.8,13.5,747.0,1015.1,2.5,39.7,37.3,45.2,36.42,Moderate,0
2020-10-19 06:00:00,40.0,91.0,6.7,999.0,1021.0,6.9,43.7,40.2,56.8,49.32,Extreme,1
2020-10-19 12:00:00,39.3,51.1,10.9,434.0,993.0,2.1,40.5,37.6,45.1,32.27,Moderate,0
2020-10-19 18:00:00,36.0,44.5,9.0,651.0,1011.2,0.1,37.1,34.6,38.9,30.44,Moderate,0
2020-10-20 00:00:00,34.7,65.5,25.1,308.0,1001.3,0.3,35.0,33.8,37.7,29.39,Moderate,0
2020-10-20 06:00:00,33.6,89.8,8.9,761.0,990.3,0.1,37.0,34.1,43.2,41.53,High,0
2020-10-20 12:00:00,28.7,82.8,10.5,775.0,1006.5,0.3,31.6,29.5,33.4,37.43,Moderate,0
2020-10-20 18:00:00,32.0,94.7,2.9,1100.0,996.7,0.1,36.4,33.2,42.2,45.78,High,0
2020-10-21 00:00:00,22.1,21.7,10.7,671.0,989.2,1.0,21.9,21.3,17.9,18.61,Low,0
2020-10-21 06:00:00,33.3,28.5,12.1,731.0,997.2,0.0,33.3,31.7,31.7,25.17,Low,0
2020-10-21 12:00:00,27.1,65.7,4.1,432.0,994.7,1.0,29.9,27.1,30.1,31.39,Moderate,0
2020-10-21 18:00:00,26.3,81.5,14.8,685.0,998.5,3.4,28.6,27.2,28.6,35.58,Moderate,0
2020-10-22 00:00:00,35.3,41.4,1.5,455.0,991.7,2.1,37.2,33.7,38.8,30.08,Moderate,0
2020-10-22 06:00:00,43.7,37.9,8.1,579.0,1001.0,4.3,44.6,41.2,49.3,33.37,Moderate,1
2020-10-22 12:00:00,40.4,79.0,2.8,594.0,997.9,0.4,44.0,39.7,55.4,41.96,High,1
2020-10-22 18:00:00,23.0,24.2,9.6,462.0,1008.8,1.1,23.1,22.0,19.4,18.33,Low,0
2020-10-23 00:00:00,27.1,47.7,7.0,566.0,1010.9,0.6,28.6,26.6,27.4,27.18,Low,0
2020-10-23 06:00:00,40.6,57.9,12.7,456.0,1007.6,1.0,42.0,39.0,48.6,33.98,Moderate,1
2020-10-23 12:00:00,27.1,62.0,8.8,455.0,1002.6,1.2,29.1,27.0,28.7,29.77,Moderate,0
2020-10-23 18:00:00,32.4,74.6,12.5,819.0,1002.4,0.1,34.6,32.6,37.9,36.91,Moderate,0
2020-10-24 00:00:00,37.9,46.6,9.7,594.0,996.6,0.4,39.1,36.3,42.1,31.36,Moderate,0
2020-10-24 06:00:00,27.2,66.0,18.6,637.0,996.9,1.8,28.3,27.4,27.4,30.43,Moderate,0
2020-10-24 12:00:00,34.7,63.9,16.9,186.0,1012.0,2.2,35.9,33.7,39.0,30.38,Moderate,0
2020-10-24 18:00:00,24.7,61.1,5.3,656.0,987.4,1.3,27.1,25.0,25.9,30.7,Moderate,0
2020-10-25 00:00:00,29.8,68.0,17.7,683.0,1004.2,0.5,31.1,29.9,31.7,32.17,Moderate,0
2020-10-25 06:00:00,36.2,39.5,12.0,450.0,1001.8,0.8,36.7,34.4,37.7,27.42,Low,0
2020-10-25 12:00:00,22.8,26.3,19.7,1071.0,1011.0,0.2,21.8,22.5,17.4,21.0,Low,0
2020-10-25 18:00:00,37.1,28.9,4.2,50.0,990.7,4.6,38.0,34.5,38.3,25.06,Low,0
2020-10-26 00:00:00,33.9,36.8,3.4,746.0,1005.1,3.0,35.3,32.5,35.6,30.42,Moderate,0
2020-10-26 06:00:00,37.9,57.5,3.4,728.0,1008.4,0.1,40.4,36.9,45.7,36.24,Moderate,0
2020-10-26 12:00:00,35.6,83.0,23.4,685.0,986.0,0.3,36.9,35.6,42.9,37.33,Moderate,0
2020-10-26 18:00:00,43.5,72.6,20.0,594.0,994.3,1.3,44.7,42.3,56.8,38.63,High,1
2020-10-27 00:00:00,34.9,79.2,16.9,688.0,1004.1,0.4,36.8,34.9,42.2,37.43,Moderate,0
2020-10-27 06:00:00,31.0,46.3,3.0,767.0,1010.1,4.1,33.0,30.3,33.3,32.11,Moderate,0
2020-10-27 12:00:00,34.9,50.3,17.0,369.0,1006.8,2.1,35.4,33.5,36.8,28.38,Moderate,0
2020-10-27 18:00:00,37.8,49.5,3.2,625.0,1010.6,0.5,39.9,36.4,43.8,33.61,Moderate,0
2020-10-28 00:00:00,34.3,34.4,0.6,504.0,994.2,0.0,35.9,32.6,36.3,27.69,Low,0
2020-10-28 06:00:00,34.3,24.6,6.8,277.0,989.1,2.4,34.7,32.0,33.4,23.14,Low,0
2020-10-28 12:00:00,29.1,64.3,8.2,729.0,1005.8,0.8,31.3,29.2,32.0,33.28,Moderate,0
2020-10-28 18:00:00,29.4,94.2,21.6,409.0,992.7,1.5,31.5,30.2,33.9,36.05,Moderate,0
2020-10-29 00:00:00,24.2,32.5,4.1,176.0,996.3,0.5,25.3,23.1,22.6,19.69,Low,0
2020-10-29 06:00:00,46.2,23.5,35.0,415.0,1014.3,0.2,43.2,42.8,43.3,22.85,Low,1
2020-10-29 12:00:00,25.3,78.5,10.7,350.0,1006.9,1.7,27.9,25.9,27.5,32.09,Moderate,0
2020-10-29 18:00:00,29.1,38.9,8.6,807.0,999.3,0.9,30.0,28.4,28.6,27.47,Low,0
2020-10-30 00:00:00,29.0,82.2,8.6,588.0,998.0,0.4,32.1,29.6,34.2,36.43,Moderate,0
2020-10-30 06:00:00,40.3,72.8,3.4,896.0,1011.2,0.2,43.5,39.7,53.6,42.44,High,1
2020-10-30 12:00:00,31.9,90.9,7.3,383.0,1007.1,1.3,35.6,32.3,40.6,38.95,High,0
2020-10-30 18:00:00,42.7,50.7,11.2,769.0,992.9,1.9,43.9,41.0,50.7,36.08,Moderate,1
2020-10-31 00:00:00,29.3,69.6,17.3,1100.0,985.5,0.5,30.7,29.9,31.3,35.55,Moderate,0
2020-10-31 06:00:00,36.0,54.9,7.1,639.0,1023.8,2.0,37.9,35.0,41.3,34.0,Moderate,0
2020-10-31 12:00:00,28.2,67.3,10.6,765.0,992.8,0.3,30.3,28.5,30.6,33.24,Moderate,0
2020-10-31 18:00:00,49.0,53.7,15.6,723.0,1010.3,0.6,49.8,46.7,62.7,37.99,Moderate,1
2020-11-01 00:00:00,25.7,34.1,6.9,194.0,1020.1,2.0,26.6,24.5,24.1,20.86,Low,0
2020-11-01 06:00:00,36.2,58.1,18.0,696.0,1006.5,1.6,36.9,35.3,40.2,33.0,Moderate,0
2020-11-01 12:00:00,38.4,59.6,13.6,627.0,999.0,0.5,39.7,37.3,45.0,34.34,Moderate,0
2020-11-01 18:00:00,36.9,80.8,16.2,485.0,990.7,0.2,39.0,36.5,46.3,37.27,Moderate,0
2020-11-02 00:00:00,32.7,75.2,1.8,329.0,990.6,0.1,36.2,32.4,40.6,35.66,Moderate,0
2020-11-02 06:00:00,33.1,69.8,7.5,723.0,1008.8,2.7,35.7,33.0,39.3,37.21,Moderate,0
2020-11-02 12:00:00,34.3,28.5,5.7,307.0,1019.5,0.1,35.0,32.2,34.3,23.76,Low,0
2020-11-02 18:00:00,33.0,74.0,1.4,1083.0,1001.0,0.2,36.5,33.4,41.0,41.26,High,0
2020-11-03 00:00:00,40.7,57.5,17.0,579.0,999.4,0.4,41.5,39.2,47.9,33.77,Moderate,0
2020-11-03 06:00:00,49.5,87.1,2.5,244.0,1012.0,0.9,53.6,47.8,79.4,45.69,High,1
2020-11-03 12:00:00,30.1,89.0,22.1,422.0,998.1,2.3,31.9,30.6,34.3,35.34,Moderate,0
2020-11-03 18:00:00,24.4,24.1,9.0,480.0,1007.7,0.4,24.5,23.3,21.1,18.95,Low,0
2020-11-04 00:00:00,33.4,81.5,12.8,1100.0,1005.4,1.2,35.9,34.0,40.7,41.52,High,0
2020-11-04 06:00:00,50.0,22.8,5.9,329.0,1000.9,0.1,50.4,46.1,54.1,29.52,Moderate,1
2020-11-04 12:00:00,28.4,47.5,17.9,521.0,1004.8,0.9,28.6,27.7,27.0,25.3,Low,0
2020-11-04 18:00:00,45.5,60.7,8.8,416.0,1022.6,0.3,47.5,43.5,59.4,37.12,Moderate,1
2020-11-05 00:00:00,45.7,31.1,13.2,675.0,1011.0,0.4,45.7,42.9,49.3,30.9,Moderate,1
2020-11-05 06:00:00,30.1,76.0,19.2,420.0,1015.9,0.7,31.6,30.2,33.0,32.1,Moderate,0
2020-11-05 12:00:00,38.0,20.6,14.4,265.0,995.8,2.1,37.3,35.2,35.7,22.09,Low,0
2020-11-05 18:00:00,45.4,32.6,7.0,501.0,1016.0,2.0,46.2,42.5,50.5,31.64,Moderate,1
2020-11-06 00:00:00,31.3,63.6,8.8,475.0,1011.4,0.8,33.4,30.9,35.1,32.07,Moderate,0
2020-11-06 06:00:00,32.6,73.6,16.5,402.0,990.0,0.2,34.3,32.3,37.3,32.86,Moderate,0
2020-11-06 12:00:00,29.9,88.7,7.7,415.0,1010.4,0.5,33.4,30.4,36.7,37.38,Moderate,0
2020-11-06 18:00:00,26.9,72.9,9.4,846.0,999.9,1.1,29.4,27.6,29.6,35.18,Moderate,0
2020-11-07 00:00:00,29.5,70.4,11.6,470.0,989.5,3.1,31.6,29.5,32.8,33.16,Moderate,0
2020-11-07 06:00:00,25.4,49.6,5.9,266.0,1006.3,5.2,27.2,24.9,25.5,26.46,Low,0
2020-11-07 12:00:00,34.2,20.1,8.7,434.0,1010.4,1.5,34.2,31.9,32.1,22.46,Low,0
2020-11-07 18:00:00,28.6,29.0,10.6,564.0,1006.5,0.6,28.8,27.3,26.3,22.44,Low,0
2020-11-08 00:00:00,35.6,60.1,10.5,216.0,1003.9,1.8,37.3,34.4,41.0,31.19,Moderate,0
2020-11-08 06:00:00,23.1,70.6,10.2,956.0,1001.7,0.6,25.4,24.2,23.7,33.39,Moderate,0
2020-11-08 12:00:00,36.3,51.3,7.1,767.0,1029.7,1.5,38.0,35.2,41.1,34.02,Moderate,0
2020-11-08 18:00:00,39.8,74.8,11.0,908.0,993.2,0.4,42.2,39.3,51.6,41.36,High,0
2020-11-09 00:00:00,20.0,59.1,21.3,648.0,1013.7,0.5,20.4,20.7,16.4,24.55,Low,0
2020-11-09 06:00:00,36.6,25.6,8.8,50.0,1005.2,0.1,36.8,33.9,36.1,21.52,Low,0
2020-11-09 12:00:00,42.6,34.4,10.9,934.0,996.5,0.8,43.0,40.5,46.0,32.88,Moderate,1
2020-11-09 18:00:00,25.5,83.0,8.7,334.0,1004.5,1.4,28.6,26.2,28.7,33.48,Moderate,0
2020-11-10 00:00:00,45.7,74.4,20.6,354.0,991.1,2.3,46.9,44.1,62.0,38.51,High,1
2020-11-10 06:00:00,36.9,87.1,7.7,589.0,999.0,2.5,40.3,36.8,49.3,42.13,High,0
2020-11-10 12:00:00,29.1,28.8,4.6,895.0,1004.5,7.3,30.0,28.1,28.0,28.64,Moderate,0
2020-11-10 18:00:00,33.6,94.3,14.8,813.0,989.5,0.1,36.5,34.4,42.9,41.87,High,0
2020-11-11 00:00:00,37.9,35.7,7.4,777.0,1010.1,1.0,38.8,36.1,40.2,30.68,Moderate,0
2020-11-11 06:00:00,34.5,20.9,14.2,472.0,995.4,1.1,33.8,32.3,31.5,21.84,Low,0
2020-11-11 12:00:00,37.8,94.8,6.5,468.0,990.5,2.4,41.8,37.8,53.0,43.76,High,0
2020-11-11 18:00:00,27.6,41.1,3.8,636.0,994.2,0.5,29.2,26.9,27.9,26.88,Low,0
2020-11-12 00:00:00,35.2,70.1,9.0,517.0,1026.8,0.1,37.6,34.7,42.6,35.48,Moderate,0
2020-11-12 06:00:00,24.1,33.3,2.8,772.0,985.2,0.6,25.4,23.6,22.8,24.61,Low,0
2020-11-12 12:00:00,33.2,63.5,11.4,758.0,1009.4,6.2,35.0,32.9,37.6,36.39,Moderate,0
2020-11-12 18:00:00,27.7,87.8,16.0,698.0,997.5,3.4,30.2,28.7,31.3,37.64,Moderate,0
2020-11-13 00:00:00,28.9,44.0,28.8,50.0,1001.5,0.8,27.6,27.6,25.1,18.9,Low,0
2020-11-13 06:00:00,42.7,70.3,6.3,582.0,1011.0,3.1,45.5,41.5,57.1,40.98,High,1
2020-11-13 12:00:00,41.6,34.1,5.2,523.0,1010.5,0.0,42.7,39.2,45.6,30.13,Moderate,1
2020-11-13 18:00:00,38.3,66.9,15.8,592.0,998.2,0.6,39.7,37.4,46.0,35.45,Moderate,0
2020-11-14 00:00:00,26.4,45.2,15.1,361.0,991.4,1.9,26.8,25.7,24.6,23.53,Low,0
2020-11-14 06:00:00,31.8,35.8,15.7,219.0,1011.2,0.4,31.7,30.1,30.3,21.9,Low,0
2020-11-14 12:00:00,42.5,43.5,29.1,666.0,1010.5,0.3,41.2,40.4,44.9,29.28,Moderate,0
2020-11-14 18:00:00,35.0,33.4,9.4,461.0,1002.2,3.0,35.5,33.1,35.3,26.73,Low,0
2020-11-15 00:00:00,50.0,87.6,32.8,694.0,1009.4,1.4,50.4,48.8,75.1,43.54,High,1
2020-11-15 06:00:00,36.8,49.8,7.2,382.0,1000.5,6.8,38.4,35.2,41.6,32.82,Moderate,0
2020-11-15 12:00:00,35.3,38.4,5.6,904.0,996.7,0.2,36.5,34.0,37.4,31.22,Moderate,0
2020-11-15 18:00:00,31.8,53.6,5.2,800.0,1005.0,0.7,33.9,31.3,35.1,32.92,Moderate,0
2020-11-16 00:00:00,34.9,44.0,4.9,624.0,1010.2,0.6,36.5,33.6,38.0,30.62,Moderate,0
2020-11-16 06:00:00,32.9,75.8,30.0,497.0,1008.1,3.2,33.1,32.8,35.5,32.6,Moderate,0
2020-11-16 12:00:00,39.0,92.8,19.9,763.0,1010.1,0.4,41.3,39.1,52.5,42.63,High,0
2020-11-16 18:00:00,40.7,52.9,28.3,648.0,997.4,0.7,39.9,39.1,44.5,30.98,Moderate,0
2020-11-17 00:00:00,28.5,84.6,1.7,610.0,1020.8,0.2,32.5,29.2,35.0,38.28,High,0
2020-11-17 06:00:00,24.7,62.4,3.2,811.0,1001.6,2.2,27.4,25.2,26.5,32.93,Moderate,0
2020-11-17 12:00:00,21.1,31.8,7.4,907.0,1003.8,0.4,21.8,21.0,18.3,22.91,Low,0
2020-11-17 18:00:00,37.6,71.8,6.6,237.0,991.8,0.1,40.4,36.6,47.6,35.36,Moderate,0
2020-11-18 00:00:00,26.3,58.5,10.9,287.0,1003.1,0.9,27.9,26.0,26.8,26.75,Low,0
2020-11-18 06:00:00,18.9,68.8,9.6,355.0,1010.3,0.7,21.2,19.8,18.0,26.69,Low,0
2020-11-18 12:00:00,36.7,86.7,4.1,174.0,1012.6,0.3,40.5,36.2,49.5,38.78,High,0
2020-11-18 18:00:00,50.0,53.0,6.1,534.0,1020.6,0.2,51.9,47.4,66.3,38.61,High,1
2020-11-19 00:00:00,34.0,87.6,7.7,700.0,1010.2,3.4,37.5,34.4,43.8,42.1,High,0
2020-11-19 06:00:00,39.9,76.3,3.5,545.0,1007.8,0.1,43.3,39.1,53.6,40.45,High,0
2020-11-19 12:00:00,34.6,56.6,8.5,416.0,1000.5,0.2,36.4,33.5,39.2,31.21,Moderate,0
2020-11-19 18:00:00,33.3,65.2,3.8,832.0,998.4,0.4,36.1,33.1,39.5,36.9,Moderate,0
2020-11-20 00:00:00,40.4,44.4,8.3,585.0,1014.7,4.6,41.6,38.5,45.8,33.62,Moderate,0
2020-11-20 06:00:00,32.0,93.8,4.6,636.0,1014.5,0.1,36.1,32.7,41.8,41.74,High,0
2020-11-20 12:00:00,35.9,70.1,17.0,839.0,994.2,2.5,37.4,35.6,42.2,37.45,Moderate,0
2020-11-20 18:00:00,36.3,23.3,12.4,519.0,1012.2,3.3,36.0,34.0,34.5,24.73,Low,0
2020-11-21 00:00:00,29.3,44.5,12.2,1065.0,1011.5,0.7,30.1,29.0,28.9,30.1,Moderate,0
2020-11-21 06:00:00,40.9,66.7,14.9,438.0,993.9,0.5,42.4,39.6,51.0,35.56,Moderate,1
2020-11-21 12:00:00,32.8,24.2,12.8,1049.0,1010.4,1.7,32.5,31.4,30.3,26.71,Low,0
2020-11-21 18:00:00,28.7,21.8,17.1,306.0,994.5,1.8,27.7,26.9,24.2,17.87,Low,0
2020-11-22 00:00:00,37.8,53.8,10.3,679.0,980.7,2.3,39.3,36.6,43.4,34.3,Moderate,0
2020-11-22 06:00:00,27.7,45.0,14.8,389.0,1003.4,2.7,28.2,26.9,26.3,24.62,Low,0
2020-11-22 12:00:00,34.2,52.9,11.9,830.0,1007.6,0.5,35.4,33.5,37.2,32.64,Moderate,0
2020-11-22 18:00:00,33.9,39.7,11.9,430.0,1003.8,1.7,34.5,32.3,34.5,26.62,Low,0
2020-11-23 00:00:00,41.6,32.4,2.6,623.0,1033.7,0.2,42.9,39.2,45.6,31.04,Moderate,1
2020-11-23 06:00:00,37.3,71.7,4.1,387.0,1008.8,1.1,40.4,36.5,47.5,37.18,Moderate,0
2020-11-23 12:00:00,33.8,58.6,11.0,784.0,1006.5,1.4,35.4,33.3,37.8,34.03,Moderate,0
2020-11-23 18:00:00,39.7,35.0,5.2,386.0,1009.3,0.3,40.8,37.3,43.0,28.58,Moderate,0
2020-11-24 00:00:00,43.7,44.0,8.8,971.0,1000.6,0.1,44.8,41.8,50.9,36.22,Moderate,1
2020-11-24 06:00:00,37.9,64.4,6.2,301.0,1014.3,0.3,40.4,36.7,46.6,34.28,Moderate,0
2020-11-24 12:00:00,34.1,25.4,6.4,214.0,1008.6,0.8,34.6,31.8,33.3,22.3,Low,0
2020-11-24 18:00:00,24.8,31.1,9.5,788.0,1008.2,3.3,25.2,24.2,22.2,24.1,Low,0
2020-11-25 00:00:00,26.5,25.5,7.6,402.0,998.8,1.1,26.9,25.1,23.9,20.18,Low,0
2020-11-25 06:00:00,31.9,80.9,21.9,548.0,989.4,2.1,33.3,32.1,36.2,35.04,Moderate,0
2020-11-25 12:00:00,29.7,76.4,2.8,469.0,1000.0,0.3,33.2,29.9,35.6,35.53,Moderate,0
2020-11-25 18:00:00,32.7,76.5,13.5,222.0,1007.8,0.2,34.9,32.3,38.5,32.88,Moderate,0
2020-11-26 00:00:00,34.4,73.7,15.3,531.0,1000.6,0.4,36.2,34.1,40.6,34.97,Moderate,0
2020-11-26 06:00:00,37.7,70.2,22.8,866.0,1007.9,0.6,38.5,37.3,44.3,36.66,Moderate,0
2020-11-26 12:00:00,33.5,55.8,9.7,801.0,1002.7,1.2,35.1,32.9,37.1,33.51,Moderate,0
2020-11-26 18:00:00,37.4,68.2,14.3,608.0,1009.3,3.2,39.1,36.7,45.0,36.7,Moderate,0
2020-11-27 00:00:00,34.5,22.9,21.7,828.0,995.2,0.8,33.0,32.7,30.4,23.4,Low,0
2020-11-27 06:00:00,20.2,66.6,5.9,285.0,1006.9,1.1,22.8,20.8,20.2,27.08,Low,0
2020-11-27 12:00:00,27.4,78.3,4.6,469.0,998.6,0.0,30.8,27.9,31.9,34.5,Moderate,0
2020-11-27 18:00:00,33.0,57.5,10.0,649.0,989.6,0.1,34.7,32.4,36.6,32.13,Moderate,0
2020-11-28 00:00:00,25.5,46.8,7.9,517.0,1003.3,0.1,26.9,25.1,25.0,25.51,Low,0
2020-11-28 06:00:00,38.2,40.8,14.5,488.0,1020.4,1.8,38.5,36.3,40.4,28.78,Moderate,0
2020-11-28 12:00:00,44.7,68.2,3.0,250.0,990.4,1.0,47.8,42.9,61.3,38.79,High,1
2020-11-28 18:00:00,42.5,72.0,20.8,50.0,1006.2,0.3,43.6,40.8,54.4,33.44,Moderate,1
2020-11-29 00:00:00,32.5,85.3,11.1,754.0,1013.0,1.3,35.4,33.0,40.1,39.84,High,0
2020-11-29 06:00:00,44.4,45.7,7.7,611.0,1028.0,1.2,45.8,42.2,52.9,34.87,Moderate,1
2020-11-29 12:00:00,35.0,77.7,9.3,775.0,1000.1,0.1,37.8,35.0,43.6,39.16,High,0
2020-11-29 18:00:00,31.6,62.1,17.7,441.0,998.7,1.5,32.6,31.1,33.7,30.04,Moderate,0
2020-11-30 00:00:00,29.7,86.2,13.0,372.0,993.3,2.2,32.4,30.1,35.0,35.88,Moderate,0
2020-11-30 06:00:00,31.9,59.6,9.1,552.0,1016.4,0.5,33.8,31.3,35.4,31.75,Moderate,0
2020-11-30 12:00:00,31.3,58.8,8.0,764.0,996.3,1.7,33.3,31.0,34.6,33.51,Moderate,0
2020-11-30 18:00:00,35.2,63.3,8.3,492.0,1001.3,0.3,37.4,34.4,41.4,33.8,Moderate,0
2020-12-01 00:00:00,35.1,76.2,14.1,750.0,986.5,2.1,37.2,35.0,42.5,38.38,High,0
2020-12-01 06:00:00,34.0,92.4,7.5,298.0,1013.8,3.6,37.7,34.1,44.7,40.4,High,0
2020-12-01 12:00:00,37.1,25.5,13.4,510.0,1016.6,0.9,36.8,34.8,35.8,24.53,Low,0
2020-12-01 18:00:00,42.3,24.0,4.7,532.0,1013.5,0.4,42.9,39.4,44.0,28.22,Moderate,1
2020-12-02 00:00:00,40.6,90.3,5.4,857.0,988.9,0.8,44.5,40.6,58.1,46.47,High,1
2020-12-02 06:00:00,23.6,59.7,9.1,602.0,1011.1,0.4,25.5,23.9,23.6,28.38,Moderate,0
2020-12-02 12:00:00,18.0,66.1,8.0,987.0,988.3,0.0,20.3,19.5,16.9,30.43,Moderate,0
2020-12-02 18:00:00,40.5,56.2,5.6,213.0,1005.6,1.6,42.6,38.6,49.4,33.31,Moderate,1
2020-12-03 00:00:00,24.4,27.0,3.7,582.0,1007.1,0.1,25.3,23.5,22.4,21.39,Low,0
2020-12-03 06:00:00,32.4,77.6,5.0,595.0,1008.1,0.4,35.7,32.5,39.8,37.58,Moderate,0
2020-12-03 12:00:00,25.8,76.0,24.1,705.0,1010.3,1.9,26.7,26.6,25.4,31.74,Moderate,0
2020-12-03 18:00:00,21.4,43.4,5.6,347.0,1004.9,1.6,22.9,21.1,20.0,22.52,Low,0
2020-12-04 00:00:00,37.8,43.0,9.6,971.0,985.4,0.1,38.8,36.5,41.2,33.16,Moderate,0
2020-12-04 06:00:00,39.3,82.8,5.6,553.0,1010.4,1.6,42.8,38.8,53.5,41.97,High,0
2020-12-04 12:00:00,30.0,25.4,7.4,278.0,1006.0,4.0,30.4,28.2,28.1,21.86,Low,0
2020-12-04 18:00:00,18.0,86.1,16.3,546.0,996.0,0.1,20.3,19.8,16.7,30.49,Moderate,0
2020-12-05 00:00:00,30.2,39.2,7.8,472.0,989.3,0.8,31.2,29.0,30.2,25.65,Low,0
2020-12-05 06:00:00,36.7,64.5,7.2,1100.0,1020.4,2.0,39.1,36.4,44.4,40.15,High,0
2020-12-05 12:00:00,23.6,90.2,5.9,812.0,1017.3,1.7,27.4,25.2,27.1,38.68,High,0
2020-12-05 18:00:00,35.3,70.9,7.6,562.0,1012.1,0.4,37.9,34.8,43.1,36.44,Moderate,0
2020-12-06 00:00:00,33.9,51.1,11.9,522.0,998.2,0.3,35.0,32.8,36.5,29.67,Moderate,0
2020-12-06 06:00:00,38.1,71.7,1.9,788.0,979.8,2.3,41.5,37.6,49.4,41.4,High,0
2020-12-06 12:00:00,34.8,45.8,3.3,800.0,1012.6,4.7,36.7,33.7,38.5,34.1,Moderate,0
2020-12-06 18:00:00,27.2,40.8,12.1,50.0,1008.7,2.2,27.8,26.0,25.7,21.16,Low,0
2020-12-07 00:00:00,42.4,94.8,9.5,711.0,1001.3,5.0,46.0,42.2,62.6,47.96,High,1
2020-12-07 06:00:00,32.9,76.3,6.1,557.0,1016.2,1.4,36.0,32.8,40.3,37.33,Moderate,0
2020-12-07 12:00:00,33.8,68.4,12.6,222.0,1013.5,4.0,35.7,33.0,39.2,32.86,Moderate,0
2020-12-07 18:00:00,27.5,46.6,6.9,770.0,1006.8,1.8,29.0,27.2,27.8,29.05,Moderate,0
2020-12-08 00:00:00,30.9,23.7,16.2,1100.0,1005.4,3.6,30.1,29.7,27.2,26.1,Low,0
2020-12-08 06:00:00,27.8,22.3,5.9,689.0,1005.5,0.3,28.2,26.5,25.4,22.18,Low,0
2020-12-08 12:00:00,32.8,61.6,4.6,825.0,1011.8,2.5,35.3,32.5,38.0,36.3,Moderate,0
2020-12-08 18:00:00,46.0,77.2,35.0,1001.0,996.4,0.3,45.7,45.1,60.8,40.61,High,1
2020-12-09 00:00:00,24.4,60.3,14.1,342.0,1009.3,0.0,25.7,24.4,23.7,25.8,Low,0
2020-12-09 06:00:00,22.7,83.1,5.1,86.0,995.8,1.1,26.2,23.4,25.3,31.0,Moderate,0
2020-12-09 12:00:00,44.3,22.5,7.0,714.0,1018.4,0.6,44.6,41.4,45.8,29.72,Moderate,1
2020-12-09 18:00:00,32.5,47.5,5.9,488.0,1010.3,0.1,34.2,31.4,35.0,29.02,Moderate,0
2020-12-10 00:00:00,29.3,37.8,2.4,206.0,998.1,5.9,30.9,27.9,29.9,25.76,Low,0
2020-12-10 06:00:00,41.3,53.5,7.3,530.0,1005.8,1.6,43.1,39.6,49.8,35.04,Moderate,1
2020-12-10 12:00:00,29.8,25.4,10.1,732.0,996.5,3.5,29.9,28.4,27.3,24.46,Low,0
2020-12-10 18:00:00,46.8,91.6,21.2,513.0,1020.0,10.5,48.8,45.8,70.3,47.24,High,1
2020-12-11 00:00:00,38.7,36.7,8.5,353.0,1021.2,0.7,39.5,36.5,41.3,27.78,Low,0
2020-12-11 06:00:00,30.6,89.2,6.5,494.0,1012.0,0.4,34.3,31.2,38.2,38.62,High,0
2020-12-11 12:00:00,49.1,51.9,22.8,545.0,1020.6,0.3,49.0,46.6,60.8,34.7,Moderate,1
2020-12-11 18:00:00,29.8,93.9,19.8,68.0,1006.5,1.1,32.1,30.2,34.9,33.82,Moderate,0
2020-12-12 00:00:00,39.2,61.6,10.1,514.0,1012.6,1.4,41.1,38.0,47.5,35.36,Moderate,0
2020-12-12 06:00:00,36.1,89.8,9.4,214.0,1017.2,1.0,39.5,35.8,47.9,38.77,High,0
2020-12-12 12:00:00,43.1,20.4,11.8,715.0,1004.9,0.7,42.7,40.2,42.6,27.74,Low,1
2020-12-12 18:00:00,44.9,76.1,5.8,160.0,1005.7,0.3,48.0,43.2,63.6,39.38,High,1
2020-12-13 00:00:00,34.2,87.7,9.2,803.0,1014.3,0.9,37.5,34.7,43.9,41.81,High,0
2020-12-13 06:00:00,28.7,30.5,5.7,448.0,1011.5,0.1,29.5,27.3,27.5,22.8,Low,0
2020-12-13 12:00:00,37.2,27.2,20.3,414.0,997.4,3.0,36.1,34.8,34.9,23.64,Low,0
2020-12-13 18:00:00,29.3,51.8,4.8,624.0,983.1,0.1,31.3,28.8,31.3,29.89,Moderate,0
2020-12-14 00:00:00,48.1,90.0,10.6,333.0,1003.2,0.7,51.3,46.8,75.2,44.77,High,1
2020-12-14 06:00:00,35.0,60.7,11.0,620.0,984.0,0.2,36.7,34.2,40.1,33.44,Moderate,0
2020-12-14 12:00:00,31.4,59.6,21.3,367.0,995.1,2.2,31.8,30.7,32.3,28.29,Moderate,0
2020-12-14 18:00:00,35.3,30.6,6.4,411.0,996.3,0.6,36.1,33.3,35.8,25.55,Low,0
2020-12-15 00:00:00,24.6,20.1,5.5,651.0,999.3,0.2,24.9,23.5,21.6,19.95,Low,0
2020-12-15 06:00:00,27.2,80.8,13.6,265.0,1013.2,1.1,29.6,27.6,30.1,32.09,Moderate,0
2020-12-15 12:00:00,42.4,26.6,12.5,234.0,1015.4,3.7,42.2,39.3,43.3,26.28,Low,1
2020-12-15 18:00:00,29.4,67.5,28.7,612.0,1010.1,3.6,29.3,29.4,28.9,30.22,Moderate,0
2020-12-16 00:00:00,26.7,88.6,10.2,543.0,1011.3,0.4,29.9,27.7,30.9,36.34,Moderate,0
2020-12-16 06:00:00,37.8,35.6,20.0,592.0,1011.6,1.9,37.2,35.9,37.6,27.01,Low,0
2020-12-16 12:00:00,42.3,69.9,18.6,632.0,980.0,0.0,43.6,41.1,53.8,37.53,Moderate,1
2020-12-16 18:00:00,39.0,25.9,5.5,564.0,1005.1,0.2,39.6,36.6,39.9,27.22,Low,0
2020-12-17 00:00:00,41.0,65.3,2.7,702.0,987.0,1.0,43.9,39.9,53.2,39.85,High,1
2020-12-17 06:00:00,28.7,32.3,7.4,574.0,1010.1,0.4,29.4,27.5,27.4,23.96,Low,0
2020-12-17 12:00:00,24.0,75.2,15.8,50.0,984.1,2.4,25.9,24.3,24.3,27.66,Low,0
2020-12-17 18:00:00,44.5,42.6,21.5,113.0,1003.2,4.0,44.1,41.7,49.4,28.62,Moderate,1
2020-12-18 00:00:00,31.7,54.8,0.2,1032.0,1010.5,0.0,34.4,31.5,36.1,35.66,Moderate,0
2020-12-18 06:00:00,32.2,65.0,4.8,550.0,993.8,0.4,34.9,31.8,37.5,34.04,Moderate,0
2020-12-18 12:00:00,43.3,32.8,11.8,788.0,1014.6,0.9,43.5,40.9,46.5,31.55,Moderate,1
2020-12-18 18:00:00,37.9,75.6,14.0,464.0,1010.1,1.2,40.0,37.2,47.6,37.06,Moderate,0
2020-12-19 00:00:00,37.2,42.7,4.2,535.0,1008.8,3.7,38.8,35.5,41.3,31.88,Moderate,0
2020-12-19 06:00:00,49.2,69.7,5.7,437.0,1012.0,3.3,52.0,47.2,71.2,42.86,High,1
2020-12-19 12:00:00,29.5,31.9,2.2,1100.0,1001.4,1.5,30.8,28.8,29.4,29.58,Moderate,0
2020-12-19 18:00:00,40.5,71.6,24.5,613.0,1006.5,0.4,41.1,39.6,49.6,35.96,Moderate,0
2020-12-20 00:00:00,34.4,29.6,10.7,416.0,1005.1,2.3,34.6,32.4,33.6,24.67,Low,0
2020-12-20 06:00:00,35.9,51.9,5.6,137.0,1004.9,0.3,37.8,34.3,40.9,29.14,Moderate,0
2020-12-20 12:00:00,44.7,38.5,19.2,1043.0,998.3,5.0,44.3,42.6,48.9,35.47,Moderate,1
2020-12-20 18:00:00,37.6,76.1,10.7,509.0,992.6,0.0,40.1,37.0,47.7,37.62,Moderate,0
2020-12-21 00:00:00,37.8,39.7,21.3,736.0,1001.6,1.3,37.2,36.1,38.2,28.65,Moderate,0
2020-12-21 06:00:00,41.5,86.1,23.2,764.0,1001.1,0.1,43.0,41.1,55.6,41.32,High,1
2020-12-21 12:00:00,31.4,86.9,4.2,434.0,997.6,0.8,35.2,31.7,39.7,38.55,High,0
2020-12-21 18:00:00,28.1,34.7,19.9,718.0,1013.5,1.5,27.4,27.2,24.6,23.25,Low,0
2020-12-22 00:00:00,26.7,66.0,19.4,399.0,993.3,1.8,27.7,26.7,26.5,28.26,Moderate,0
2020-12-22 06:00:00,20.2,26.6,12.6,302.0,1003.3,2.3,20.0,19.4,15.8,16.29,Low,0
2020-12-22 12:00:00,48.4,49.4,13.3,841.0,1016.7,1.3,49.3,46.1,60.3,38.23,High,1
2020-12-22 18:00:00,26.3,73.5,10.2,510.0,1014.1,0.4,28.8,26.8,28.6,32.14,Moderate,0
2020-12-23 00:00:00,32.5,69.5,3.6,680.0,1017.2,3.3,35.5,32.4,39.0,37.54,Moderate,0
2020-12-23 06:00:00,32.1,66.9,3.4,653.0,999.1,2.5,35.0,31.9,38.0,36.26,Moderate,0
2020-12-23 12:00:00,36.2,41.2,25.2,709.0,1012.8,0.3,35.2,34.7,35.4,26.97,Low,0
2020-12-23 18:00:00,39.7,48.4,10.7,161.0,994.4,2.6,40.8,37.6,45.2,29.94,Moderate,0
2020-12-24 00:00:00,40.0,27.7,7.7,404.0,1002.2,5.4,40.5,37.4,41.2,28.31,Moderate,0
2020-12-24 06:00:00,29.9,73.9,13.8,469.0,1003.2,1.5,31.9,30.0,33.5,33.21,Moderate,0
2020-12-24 12:00:00,32.8,57.8,5.4,342.0,999.2,0.5,35.0,31.9,37.2,30.87,Moderate,0
2020-12-24 18:00:00,36.0,73.2,6.7,657.0,1001.4,1.4,38.9,35.6,45.0,38.58,High,0
2020-12-25 00:00:00,32.3,38.7,9.5,847.0,1000.1,0.6,33.1,31.3,32.6,28.87,Moderate,0
2020-12-25 06:00:00,45.3,44.3,6.1,886.0,995.2,1.7,46.8,43.2,54.3,37.48,Moderate,1
2020-12-25 12:00:00,37.4,45.1,12.9,465.0,1013.6,1.2,38.1,35.7,40.4,29.43,Moderate,0
2020-12-25 18:00:00,39.1,21.9,8.5,623.0,1003.2,4.0,39.2,36.6,38.5,27.44,Low,0
2020-12-26 00:00:00,38.6,45.6,12.9,661.0,1007.0,1.4,39.3,37.0,42.3,31.64,Moderate,0
2020-12-26 06:00:00,42.2,80.2,13.7,705.0,1006.6,0.4,44.6,41.5,57.4,41.73,High,1
2020-12-26 12:00:00,35.3,87.3,18.9,330.0,1005.5,1.9,37.4,35.2,44.0,37.07,Moderate,0
2020-12-26 18:00:00,24.9,58.9,7.4,1005.0,1005.9,0.5,27.0,25.5,25.6,32.16,Moderate,0
2020-12-27 00:00:00,36.8,54.2,4.2,782.0,1001.9,0.5,39.0,35.8,43.0,35.31,Moderate,0
2020-12-27 06:00:00,29.4,22.3,21.3,788.0,1019.2,0.7,28.0,28.0,24.3,20.7,Low,0
2020-12-27 12:00:00,30.3,85.9,2.0,851.0,1012.6,0.0,34.4,31.1,38.1,41.09,High,0
2020-12-27 18:00:00,38.1,21.0,35.0,684.0,1005.2,5.2,34.9,35.7,31.9,22.34,Low,0
2020-12-28 00:00:00,42.7,90.9,5.9,293.0,1000.5,1.1,46.5,41.9,63.0,43.34,High,1
2020-12-28 06:00:00,34.1,56.7,8.5,515.0,1003.8,2.2,35.9,33.2,38.4,32.45,Moderate,0
2020-12-28 12:00:00,36.2,45.6,3.6,137.0,1009.2,0.4,38.0,34.3,40.5,28.14,Moderate,0
2020-12-28 18:00:00,45.9,89.3,10.0,654.0,1020.0,2.1,49.2,45.1,69.4,46.62,High,1
2020-12-29 00:00:00,35.7,21.8,6.1,508.0,991.3,1.3,36.1,33.4,34.7,24.56,Low,0
2020-12-29 06:00:00,50.0,63.6,3.7,540.0,1011.6,0.8,52.7,47.8,71.1,41.99,High,1
2020-12-29 12:00:00,38.0,61.2,3.0,851.0,1016.3,5.3,40.7,37.2,46.7,40.04,High,0
2020-12-29 18:00:00,21.7,36.4,5.1,436.0,990.1,1.0,22.9,21.2,19.8,21.47,Low,0
2020-12-30 00:00:00,39.3,52.2,14.6,487.0,1003.2,1.6,40.2,37.7,44.7,32.03,Moderate,0
2020-12-30 06:00:00,36.7,68.9,13.0,555.0,994.4,0.0,38.6,36.0,44.2,35.3,Moderate,0
2020-12-30 12:00:00,43.0,74.5,4.4,90.0,1009.3,0.5,46.2,41.4,59.3,37.94,Moderate,1
2020-12-30 18:00:00,38.7,20.1,7.1,483.0,1001.4,3.3,38.9,36.0,37.9,25.8,Low,0
2020-12-31 00:00:00,33.0,90.3,17.0,50.0,1003.7,2.1,35.5,32.9,40.6,35.14,Moderate,0
2020-12-31 06:00:00,25.4,32.3,7.3,404.0,1000.9,1.2,26.1,24.4,23.4,21.5,Low,0
2020-12-31 12:00:00,32.5,37.5,21.6,764.0,1012.2,3.5,31.8,31.3,30.3,26.64,Low,0
2020-12-31 18:00:00,28.0,39.8,33.5,662.0,1007.3,1.0,26.0,27.3,22.4,21.16,Low,0
2021-01-01 00:00:00,29.9,22.8,5.1,401.0,1007.3,1.3,30.4,28.1,28.1,21.6,Low,0
2021-01-01 06:00:00,38.1,29.2,5.7,560.0,1006.6,0.7,38.9,35.9,39.4,27.75,Low,0
2021-01-01 12:00:00,45.7,94.0,23.7,281.0,1010.7,1.5,47.6,44.7,67.8,41.96,High,1
2021-01-01 18:00:00,36.8,43.6,7.3,549.0,1002.4,0.6,38.1,35.2,40.3,30.33,Moderate,0
2021-01-02 00:00:00,25.6,28.6,17.7,1100.0,1022.0,0.7,24.9,25.1,21.2,23.63,Low,0
2021-01-02 06:00:00,37.1,28.0,10.6,1011.0,992.7,5.1,37.2,35.4,36.8,30.94,Moderate,0
2021-01-02 12:00:00,42.4,74.0,8.0,563.0,987.7,0.2,45.1,41.3,57.2,40.27,High,1
2021-01-02 18:00:00,29.7,84.1,14.1,590.0,986.9,0.2,32.2,30.3,34.5,36.06,Moderate,0
2021-01-03 00:00:00,33.1,39.3,23.9,305.0,984.2,0.1,32.2,31.5,31.0,22.26,Low,0
2021-01-03 06:00:00,34.1,21.6,19.6,350.0,1011.7,0.6,32.8,31.8,30.1,19.66,Low,0
2021-01-03 12:00:00,28.5,36.7,8.9,641.0,1010.5,0.8,29.3,27.6,27.5,25.31,Low,0
2021-01-03 18:00:00,38.5,24.2,10.8,419.0,1017.1,0.1,38.4,35.9,37.8,24.39,Low,0
2021-01-04 00:00:00,33.2,27.8,17.8,776.0,994.4,1.2,32.5,31.6,30.4,24.57,Low,0
2021-01-04 06:00:00,36.9,52.4,11.3,942.0,1012.5,1.3,38.2,36.0,41.5,34.96,Moderate,0
2021-01-04 12:00:00,27.8,37.2,26.1,633.0,1005.6,2.1,26.5,27.0,23.3,22.07,Low,0
2021-01-04 18:00:00,30.9,58.7,1.0,575.0,1006.7,5.6,33.7,30.4,35.3,34.65,Moderate,0
2021-01-05 00:00:00,39.1,39.0,5.4,130.0,1011.3,1.4,40.4,36.7,43.1,27.73,Low,0
2021-01-05 06:00:00,31.4,90.5,13.4,737.0,997.4,0.2,34.3,32.2,38.5,39.67,High,0
2021-01-05 12:00:00,46.1,87.9,6.6,264.0,1030.9,0.1,49.7,44.8,70.1,43.41,High,1
2021-01-05 18:00:00,31.2,62.5,24.4,445.0,1018.3,2.3,31.4,30.7,31.8,28.93,Moderate,0
2021-01-06 00:00:00,35.6,46.6,5.7,790.0,999.7,1.6,37.2,34.5,39.4,33.02,Moderate,0
2021-01-06 06:00:00,40.5,48.6,10.0,807.0,994.1,0.3,41.7,39.0,46.7,34.53,Moderate,0
2021-01-06 12:00:00,24.1,50.9,5.1,433.0,1004.1,0.4,26.0,23.9,24.1,25.94,Low,0
2021-01-06 18:00:00,21.7,74.6,8.7,448.0,1006.8,2.1,24.4,22.6,22.4,30.77,Moderate,0
2021-01-07 00:00:00,23.3,53.9,1.9,375.0,1015.7,1.3,25.8,23.2,24.0,26.85,Low,0
2021-01-07 06:00:00,42.8,84.3,2.9,251.0,993.3,1.3,46.7,41.7,61.9,42.09,High,1
2021-01-07 12:00:00,30.1,90.8,32.4,391.0,1007.9,0.4,30.8,30.7,32.5,32.84,Moderate,0
2021-01-07 18:00:00,50.0,45.2,9.4,147.0,989.7,1.5,51.1,46.7,62.5,33.55,Moderate,1
2021-01-08 00:00:00,30.1,62.1,7.1,721.0,1009.4,2.2,32.4,30.0,33.4,33.83,Moderate,0
2021-01-08 06:00:00,35.3,27.1,3.6,649.0,1003.9,3.2,36.2,33.4,35.7,27.93,Low,0
2021-01-08 12:00:00,44.8,35.0,4.2,690.0,1024.4,2.0,46.0,42.2,50.9,33.94,Moderate,1
2021-01-08 18:00:00,48.0,51.0,30.0,311.0,989.5,1.3,46.9,45.3,56.9,31.14,Moderate,1
2021-01-09 00:00:00,48.4,35.5,9.9,251.0,1018.7,1.7,49.0,45.1,55.8,31.15,Moderate,1
2021-01-09 06:00:00,42.5,85.7,19.2,563.0,988.0,1.0,44.5,41.8,58.5,41.28,High,1
2021-01-09 12:00:00,41.2,31.9,0.3,566.0,991.7,0.4,42.8,38.8,45.4,30.84,Moderate,1
2021-01-09 18:00:00,38.1,54.2,5.9,513.0,988.2,3.2,40.1,36.7,44.8,34.48,Moderate,0
2021-01-10 00:00:00,39.4,65.4,27.3,478.0,1007.5,1.1,39.4,38.2,45.4,32.59,Moderate,0
2021-01-10 06:00:00,30.1,71.9,6.3,978.0,993.3,1.4,32.9,30.6,35.0,38.09,High,0
2021-01-10 12:00:00,28.3,48.7,4.0,657.0,991.5,6.9,30.3,27.8,29.7,31.45,Moderate,0
2021-01-10 18:00:00,34.0,85.2,12.6,1043.0,1007.0,6.3,36.7,34.6,42.5,44.11,High,0
2021-01-11 00:00:00,32.8,62.6,2.5,867.0,1009.5,1.3,35.6,32.6,38.6,36.87,Moderate,0
2021-01-11 06:00:00,30.8,53.0,2.0,976.0,1005.4,0.1,33.2,30.6,34.2,34.06,Moderate,0
2021-01-11 12:00:00,38.9,25.0,24.4,281.0,1003.4,0.8,37.2,36.2,35.9,21.26,Low,0
2021-01-11 18:00:00,40.7,54.9,5.1,698.0,1023.3,4.2,42.8,39.2,49.5,37.72,Moderate,1
2021-01-12 00:00:00,34.6,81.6,14.3,442.0,1006.5,0.5,37.0,34.4,42.6,36.6,Moderate,0
2021-01-12 06:00:00,44.3,66.1,30.8,134.0,1013.1,10.8,43.9,42.3,54.4,35.08,Moderate,1
2021-01-12 12:00:00,26.0,82.4,9.6,924.0,1006.4,0.1,29.0,27.2,29.2,37.34,Moderate,0
2021-01-12 18:00:00,32.6,57.1,13.9,477.0,994.0,1.3,33.8,31.8,35.1,30.2,Moderate,0
2021-01-13 00:00:00,29.0,28.9,1.9,286.0,1010.5,1.1,30.2,27.4,28.4,22.42,Low,0
2021-01-13 06:00:00,20.9,21.0,4.7,446.0,998.4,0.4,21.4,20.0,17.7,17.2,Low,0
2021-01-13 12:00:00,33.4,42.7,27.0,351.0,1004.1,4.5,32.3,31.9,31.4,24.51,Low,0
2021-01-13 18:00:00,33.1,72.3,7.1,377.0,1008.1,1.4,35.9,32.7,39.7,34.87,Moderate,0
2021-01-14 00:00:00,44.6,79.3,3.0,495.0,985.6,0.4,48.2,43.4,64.5,43.15,High,1
2021-01-14 06:00:00,38.4,42.2,13.4,983.0,988.9,0.7,38.9,37.0,41.2,32.77,Moderate,0
2021-01-14 12:00:00,26.8,57.2,22.0,383.0,1014.1,1.9,27.0,26.5,25.2,25.5,Low,0
2021-01-14 18:00:00,47.0,51.6,6.3,965.0,998.4,0.5,48.8,45.1,59.8,40.2,High,1
2021-01-15 00:00:00,42.5,50.8,13.5,762.0,998.8,3.2,43.4,40.8,49.9,35.96,Moderate,1
2021-01-15 06:00:00,38.1,37.4,17.3,649.0,1006.7,0.3,37.9,36.2,38.9,28.01,Moderate,0
2021-01-15 12:00:00,32.4,30.2,8.1,737.0,1001.1,0.5,32.9,31.0,31.7,26.21,Low,0
2021-01-15 18:00:00,27.3,34.8,7.2,553.0,1009.2,0.2,28.2,26.3,26.1,23.76,Low,0
2021-01-16 00:00:00,31.4,24.1,30.0,872.0,1004.5,0.2,29.0,30.0,25.2,20.76,Low,0
2021-01-16 06:00:00,41.6,34.9,3.2,692.0,1007.0,0.5,43.0,39.4,46.2,32.17,Moderate,1
2021-01-16 12:00:00,47.2,20.7,10.3,134.0,998.0,10.7,47.0,43.3,48.5,29.11,Moderate,1
2021-01-16 18:00:00,44.8,67.0,8.6,624.0,1006.9,0.1,47.1,43.3,60.0,39.9,High,1
2021-01-17 00:00:00,30.6,43.7,8.6,746.0,1016.1,0.4,31.8,29.8,31.2,28.71,Moderate,0
2021-01-17 06:00:00,26.2,93.0,16.7,478.0,999.3,0.5,28.8,27.3,29.4,35.46,Moderate,0
2021-01-17 12:00:00,35.0,34.5,14.1,582.0,1014.2,1.4,35.0,33.3,34.6,26.41,Low,0
2021-01-17 18:00:00,21.6,45.9,11.5,397.0,1004.5,2.1,22.5,21.4,19.3,22.61,Low,0
2021-01-18 00:00:00,36.3,46.8,2.0,206.0,1012.3,2.1,38.4,34.5,41.2,29.92,Moderate,0
2021-01-18 06:00:00,33.0,20.6,4.3,162.0,1006.3,0.0,33.5,30.6,31.6,20.36,Low,0
2021-01-18 12:00:00,30.7,82.9,7.7,166.0,1004.7,1.6,33.9,30.7,37.2,34.8,Moderate,0
2021-01-18 18:00:00,22.8,22.4,10.0,717.0,1008.5,1.5,22.7,22.0,18.9,19.76,Low,0
2021-01-19 00:00:00,37.6,90.5,26.8,50.0,1017.1,1.1,38.9,37.1,47.7,34.94,Moderate,0
2021-01-19 06:00:00,30.3,86.9,9.8,383.0,1007.4,0.7,33.5,30.7,36.7,36.52,Moderate,0
2021-01-19 12:00:00,25.8,60.2,16.1,359.0,1009.8,2.4,26.9,25.7,25.2,26.97,Low,0
2021-01-19 18:00:00,18.0,60.8,8.9,479.0,1001.3,0.6,20.0,18.8,16.4,25.32,Low,0
2021-01-20 00:00:00,33.8,69.0,15.2,86.0,1020.7,0.4,35.4,32.9,38.8,30.21,Moderate,0
2021-01-20 06:00:00,46.4,49.0,9.4,651.0,1011.4,0.6,47.7,44.1,57.1,36.34,Moderate,1
2021-01-20 12:00:00,45.6,68.5,3.7,232.0,1005.8,0.9,48.6,43.7,63.1,38.96,High,1
2021-01-20 18:00:00,30.8,23.4,13.9,833.0,1003.8,0.4,30.3,29.4,27.5,23.32,Low,0
2021-01-21 00:00:00,29.8,24.1,12.9,395.0,1014.8,1.4,29.5,28.1,26.6,20.31,Low,0
2021-01-21 06:00:00,37.3,54.3,2.6,526.0,998.9,3.2,39.7,36.0,44.2,34.9,Moderate,0
2021-01-21 12:00:00,27.0,61.2,8.9,551.0,987.2,1.4,29.0,27.0,28.4,30.29,Moderate,0
2021-01-21 18:00:00,36.1,86.6,8.8,611.0,1005.7,0.9,39.4,36.1,47.4,41.03,High,0
2021-01-22 00:00:00,39.4,27.8,5.7,559.0,1016.9,2.4,40.1,37.0,40.8,28.57,Moderate,0
2021-01-22 06:00:00,42.6,81.7,3.5,443.0,1020.9,2.1,46.3,41.6,60.6,42.95,High,1
2021-01-22 12:00:00,33.3,35.8,11.0,636.0,1003.9,0.7,33.8,31.9,33.2,26.75,Low,0
2021-01-22 18:00:00,32.6,49.6,25.1,667.0,1005.4,1.4,32.1,31.7,31.7,27.54,Low,0
2021-01-23 00:00:00,27.9,43.7,14.8,359.0,1010.2,2.0,28.3,27.0,26.4,23.91,Low,0
2021-01-23 06:00:00,28.2,50.0,2.2,657.0,1002.4,0.4,30.4,27.8,30.1,29.82,Moderate,0
2021-01-23 12:00:00,32.4,31.3,23.9,848.0,1010.2,0.7,31.1,31.1,28.8,24.23,Low,0
2021-01-23 18:00:00,36.6,57.8,21.6,726.0,1004.1,0.2,36.9,35.7,40.1,32.12,Moderate,0
2021-01-24 00:00:00,40.4,80.1,6.0,783.0,1015.1,6.6,43.7,39.9,55.1,45.19,High,1
2021-01-24 06:00:00,28.4,53.1,2.4,593.0,1012.2,0.1,30.8,28.0,30.7,30.06,Moderate,0
2021-01-24 12:00:00,44.4,56.8,6.2,316.0,1013.1,0.3,46.5,42.3,56.5,35.41,Moderate,1
2021-01-24 18:00:00,32.1,83.7,6.6,348.0,1002.9,1.0,35.5,32.2,40.0,37.01,Moderate,0
2021-01-25 00:00:00,33.9,73.0,2.6,630.0,1024.3,3.0,37.2,33.7,42.1,38.76,High,0
2021-01-25 06:00:00,28.8,56.8,10.9,786.0,1009.8,0.7,30.3,28.7,30.1,31.12,Moderate,0
2021-01-25 12:00:00,18.0,39.3,4.8,1100.0,1007.5,2.2,19.4,18.7,15.7,25.98,Low,0
2021-01-25 18:00:00,40.2,86.4,3.1,795.0,997.4,1.7,44.1,40.0,56.8,45.63,High,1
2021-01-26 00:00:00,39.2,63.3,7.5,257.0,1004.0,1.5,41.5,37.8,48.4,34.42,Moderate,0
2021-01-26 06:00:00,32.0,36.6,24.7,358.0,1006.1,2.8,30.9,30.4,28.9,22.28,Low,0
2021-01-26 12:00:00,34.5,40.2,16.8,1100.0,997.1,0.0,34.5,33.6,34.5,30.47,Moderate,0
2021-01-26 18:00:00,37.6,80.2,12.5,496.0,1002.1,4.0,40.1,37.1,48.3,39.59,High,0
2021-01-27 00:00:00,23.1,23.3,6.1,562.0,1003.3,2.7,23.5,22.2,20.1,20.16,Low,0
2021-01-27 06:00:00,30.3,94.4,2.6,310.0,1005.6,4.2,34.7,30.9,39.2,40.51,High,0
2021-01-27 12:00:00,39.6,29.8,3.6,941.0,987.4,2.4,40.7,37.6,42.0,32.45,Moderate,0
2021-01-27 18:00:00,25.2,79.7,16.1,675.0,1003.6,3.2,27.3,26.1,26.5,34.23,Moderate,0
2021-01-28 00:00:00,36.1,49.6,4.8,356.0,1001.2,0.3,38.0,34.6,40.9,30.46,Moderate,0
2021-01-28 06:00:00,24.5,56.9,10.2,302.0,1004.8,0.6,26.1,24.3,24.3,25.68,Low,0
2021-01-28 12:00:00,37.3,86.0,12.6,627.0,1015.4,0.6,40.1,37.2,48.9,40.68,High,0
2021-01-28 18:00:00,33.8,51.0,2.1,561.0,1025.5,0.2,36.1,32.8,38.2,31.82,Moderate,0
2021-01-29 00:00:00,22.7,60.3,9.2,758.0,1011.8,2.0,24.6,23.3,22.4,29.84,Moderate,0
2021-01-29 06:00:00,42.2,23.7,11.9,687.0,992.7,0.2,42.0,39.5,42.3,27.76,Low,1
2021-01-29 12:00:00,28.9,20.2,28.9,484.0,1001.5,0.1,26.4,27.2,21.9,15.94,Low,0
2021-01-29 18:00:00,28.3,38.4,10.1,414.0,1011.0,2.2,29.0,27.2,27.2,24.19,Low,0
2021-01-30 00:00:00,35.4,71.0,15.6,510.0,1009.8,3.5,37.1,34.9,41.8,35.61,Moderate,0
2021-01-30 06:00:00,42.0,29.1,6.2,412.0,1014.9,2.2,42.7,39.2,44.6,28.8,Moderate,1
2021-01-30 12:00:00,26.9,28.5,18.3,517.0,1004.0,2.6,26.1,25.7,22.7,20.36,Low,0
2021-01-30 18:00:00,34.4,50.8,2.9,554.0,1001.4,1.4,36.6,33.3,38.9,32.25,Moderate,0
2021-01-31 00:00:00,37.0,68.6,12.9,326.0,1022.5,3.3,38.9,36.0,44.6,34.82,Moderate,0
2021-01-31 06:00:00,38.9,73.4,10.4,708.0,1005.6,1.0,41.3,38.3,49.7,39.44,High,0
2021-01-31 12:00:00,35.2,33.4,20.5,457.0,994.8,6.7,34.4,33.3,33.5,25.86,Low,0
2021-01-31 18:00:00,31.4,26.0,12.7,340.0,1019.8,0.2,31.2,29.5,28.9,20.71,Low,0
2021-02-01 00:00:00,28.2,90.5,7.8,462.0,990.0,2.5,31.8,29.0,34.1,38.1,High,0
2021-02-01 06:00:00,34.6,39.5,18.3,611.0,970.0,1.5,34.4,33.1,34.2,26.89,Low,0
2021-02-01 12:00:00,26.5,84.0,12.5,571.0,1012.7,1.3,29.2,27.4,29.6,35.16,Moderate,0
2021-02-01 18:00:00,18.0,84.8,4.0,656.0,1014.1,1.9,21.8,19.8,19.0,34.08,Moderate,0
2021-02-02 00:00:00,37.1,77.9,8.2,775.0,1009.1,2.8,40.0,36.9,47.7,41.32,High,0
2021-02-02 06:00:00,40.3,32.7,3.5,876.0,992.0,3.0,41.5,38.3,43.7,33.23,Moderate,0
2021-02-02 12:00:00,18.0,81.6,11.8,621.0,1004.4,0.3,20.7,19.7,17.3,30.9,Moderate,0
2021-02-02 18:00:00,26.9,77.7,12.8,283.0,1002.2,0.3,29.2,27.2,29.5,31.2,Moderate,0
2021-02-03 00:00:00,38.3,64.8,26.1,483.0,999.6,0.0,38.4,37.2,43.6,31.84,Moderate,0
2021-02-03 06:00:00,48.4,45.3,8.1,299.0,1019.1,0.2,49.7,45.4,59.8,33.8,Moderate,1
2021-02-03 12:00:00,34.1,39.7,7.1,974.0,994.5,0.5,35.2,33.1,35.7,31.33,Moderate,0
2021-02-03 18:00:00,28.9,29.1,2.3,1047.0,1008.2,1.9,30.1,28.1,28.3,28.34,Moderate,0
2021-02-04 00:00:00,32.7,58.2,8.1,713.0,1016.9,1.0,34.6,32.2,36.6,33.34,Moderate,0
2021-02-04 06:00:00,43.6,63.9,7.4,765.0,1008.8,2.1,45.9,42.2,56.9,40.59,High,1
2021-02-04 12:00:00,29.5,47.0,9.9,613.0,1017.4,1.0,30.7,28.8,29.9,27.99,Low,0
2021-02-04 18:00:00,28.4,55.7,7.2,642.0,1010.6,1.2,30.3,28.2,30.1,30.5,Moderate,0
2021-02-05 00:00:00,30.6,47.3,7.2,151.0,1009.3,0.2,32.1,29.3,32.0,25.36,Low,0
2021-02-05 06:00:00,27.3,68.1,9.9,532.0,1008.7,2.2,29.5,27.5,29.5,32.09,Moderate,0
2021-02-05 12:00:00,34.9,87.6,8.5,330.0,1011.1,2.1,38.3,34.8,45.4,39.11,High,0
2021-02-05 18:00:00,45.4,32.3,7.1,620.0,1001.1,0.6,46.2,42.6,50.4,31.94,Moderate,1
2021-02-06 00:00:00,36.3,48.6,7.1,535.0,992.0,0.6,37.9,34.9,40.6,31.29,Moderate,0
2021-02-06 06:00:00,32.2,30.6,31.2,1037.0,1014.5,0.4,30.0,31.1,27.0,23.82,Low,0
2021-02-06 12:00:00,32.0,66.9,6.9,779.0,1016.6,2.5,34.5,31.9,37.1,36.46,Moderate,0
2021-02-06 18:00:00,23.1,74.7,7.7,621.0,1007.5,2.1,25.9,24.0,24.6,32.92,Moderate,0
2021-02-07 00:00:00,40.2,89.9,1.8,483.0,999.5,1.4,44.5,39.8,57.9,44.32,High,1
2021-02-07 06:00:00,33.5,40.9,18.4,969.0,989.4,0.4,33.3,32.6,32.9,29.03,Moderate,0
2021-02-07 12:00:00,32.7,91.3,0.8,543.0,1005.9,0.3,37.2,33.2,43.4,41.56,High,0
2021-02-07 18:00:00,50.0,24.7,4.1,633.0,991.5,0.1,50.7,46.5,55.2,32.64,Moderate,1
2021-02-08 00:00:00,36.1,65.2,13.6,561.0,990.1,0.1,37.7,35.3,42.3,34.07,Moderate,0
2021-02-08 06:00:00,28.7,24.3,1.6,449.0,1004.8,0.3,29.7,27.1,27.5,22.14,Low,0
2021-02-08 12:00:00,31.0,87.0,5.4,559.0,997.4,0.2,34.7,31.5,38.8,38.88,High,0
2021-02-08 18:00:00,42.0,59.7,9.0,60.0,1008.5,1.2,43.9,39.9,52.3,32.9,Moderate,1
2021-02-09 00:00:00,34.8,70.2,8.4,163.0,1003.4,0.7,37.3,33.9,42.0,33.0,Moderate,0
2021-02-09 06:00:00,23.9,82.4,5.2,637.0,998.9,0.9,27.4,25.0,26.9,35.41,Moderate,0
2021-02-09 12:00:00,40.4,31.3,15.7,942.0,988.0,1.4,40.1,38.4,41.1,30.42,Moderate,0
2021-02-09 18:00:00,29.3,22.9,16.3,637.0,996.5,1.6,28.5,27.8,25.2,20.99,Low,0
2021-02-10 00:00:00,47.1,85.9,13.8,370.0,996.8,1.6,49.7,45.8,70.5,43.24,High,1
2021-02-10 06:00:00,41.6,43.6,6.3,189.0,992.7,0.5,43.0,39.2,47.9,29.95,Moderate,1
2021-02-10 12:00:00,30.9,29.7,10.3,746.0,1001.7,2.5,31.1,29.6,29.3,25.74,Low,0
2021-02-10 18:00:00,43.0,55.1,5.7,408.0,993.5,3.7,45.1,41.0,53.5,36.34,Moderate,1
2021-02-11 00:00:00,34.5,64.9,35.0,711.0,1003.4,0.6,33.5,34.0,35.4,30.29,Moderate,0
2021-02-11 06:00:00,40.0,22.3,11.5,647.0,1007.4,0.0,39.7,37.4,39.2,26.13,Low,0
2021-02-11 12:00:00,37.4,40.6,6.4,670.0,996.7,3.4,38.7,35.8,40.7,31.91,Moderate,0
2021-02-11 18:00:00,28.1,22.5,33.5,558.0,1009.3,3.9,25.2,26.6,20.4,17.12,Low,0
2021-02-12 00:00:00,29.5,51.5,7.0,646.0,991.4,0.1,31.2,29.0,31.1,29.63,Moderate,0
2021-02-12 06:00:00,41.2,87.1,11.2,520.0,993.9,0.0,44.2,40.6,57.5,41.97,High,1
2021-02-12 12:00:00,31.7,93.7,15.9,391.0,1003.9,2.5,34.5,32.2,39.0,38.32,High,0
2021-02-12 18:00:00,31.2,67.8,5.9,309.0,1011.9,0.5,33.9,30.8,36.2,32.3,Moderate,0
2021-02-13 00:00:00,27.3,32.1,5.6,50.0,1013.7,3.7,28.2,25.7,26.0,20.86,Low,0
2021-02-13 06:00:00,37.0,87.9,17.8,505.0,1021.1,0.4,39.3,36.9,47.7,38.99,High,0
2021-02-13 12:00:00,48.4,58.7,15.8,930.0,1001.2,3.0,49.4,46.5,63.3,41.32,High,1
2021-02-13 18:00:00,26.5,31.5,15.8,733.0,1003.7,0.1,26.2,25.7,23.0,22.17,Low,0
2021-02-14 00:00:00,34.2,89.1,12.8,607.0,994.7,0.5,37.1,34.5,43.5,39.83,High,0
2021-02-14 06:00:00,43.9,76.8,31.0,366.0,992.5,5.4,44.0,42.6,56.7,37.39,Moderate,1
2021-02-14 12:00:00,33.4,74.9,9.6,799.0,1007.3,0.4,36.0,33.5,40.2,37.97,Moderate,0
2021-02-14 18:00:00,37.2,73.2,4.8,520.0,997.2,0.2,40.3,36.6,47.5,38.05,High,0
2021-02-15 00:00:00,26.6,35.0,3.3,944.0,1017.3,2.9,28.0,26.1,26.0,28.15,Moderate,0
2021-02-15 06:00:00,37.0,35.8,6.8,305.0,990.4,0.2,38.0,34.9,39.1,26.6,Low,0
2021-02-15 12:00:00,32.7,71.6,0.2,363.0,1009.9,0.2,36.3,32.3,40.3,35.37,Moderate,0
2021-02-15 18:00:00,40.9,36.5,22.4,338.0,994.9,0.6,40.0,38.4,41.8,25.8,Low,0
2021-02-16 00:00:00,42.3,52.9,12.3,179.0,996.8,1.5,43.5,40.1,50.4,31.67,Moderate,1
2021-02-16 06:00:00,50.0,78.7,4.7,316.0,1010.4,1.9,53.4,48.1,77.0,44.27,High,1
2021-02-16 12:00:00,38.1,78.8,18.7,576.0,998.2,3.2,39.8,37.6,47.7,38.54,High,0
2021-02-16 18:00:00,36.3,54.0,3.3,372.0,999.8,1.2,38.6,34.9,42.4,32.38,Moderate,0
2021-02-17 00:00:00,35.4,79.4,4.1,50.0,996.9,0.7,38.9,34.7,45.6,35.58,Moderate,0
2021-02-17 06:00:00,31.5,82.9,9.9,819.0,1022.9,0.7,34.5,32.1,38.2,39.31,High,0
2021-02-17 12:00:00,36.4,69.1,24.4,129.0,998.8,2.8,36.9,35.3,41.4,30.72,Moderate,0
2021-02-17 18:00:00,31.9,37.1,12.2,697.0,1005.5,1.9,32.3,30.7,31.3,27.08,Low,0
2021-02-18 00:00:00,35.2,40.6,0.4,558.0,1003.0,3.5,37.2,33.7,38.7,31.32,Moderate,0
2021-02-18 06:00:00,43.2,43.6,4.2,1079.0,1007.2,5.0,44.9,41.5,50.9,39.34,High,1
2021-02-18 12:00:00,27.0,28.8,4.8,799.0,998.9,0.5,27.9,26.1,25.4,24.56,Low,0
2021-02-18 18:00:00,42.0,40.5,10.8,424.0,1003.0,1.1,42.7,39.6,46.8,30.43,Moderate,1
2021-02-19 00:00:00,43.2,35.7,2.6,374.0,1008.9,1.5,44.7,40.5,48.9,31.18,Moderate,1
2021-02-19 06:00:00,33.2,54.1,2.9,926.0,996.4,0.3,35.6,32.7,37.7,34.94,Moderate,0
2021-02-19 12:00:00,19.1,88.1,7.5,181.0,1015.9,0.1,22.6,20.5,20.1,30.51,Moderate,0
2021-02-19 18:00:00,29.7,27.8,14.4,598.0,1016.9,3.0,29.4,28.3,26.7,22.97,Low,0
2021-02-20 00:00:00,43.1,74.0,15.2,517.0,1011.1,1.2,45.0,41.9,57.3,39.15,High,1
2021-02-20 06:00:00,33.8,71.5,9.9,464.0,1005.7,1.3,36.2,33.4,40.2,35.04,Moderate,0
2021-02-20 12:00:00,27.0,27.2,16.8,638.0,975.1,1.2,26.3,25.9,22.9,20.8,Low,0
2021-02-20 18:00:00,30.5,89.2,35.0,597.0,1009.2,2.1,30.8,31.2,32.5,34.24,Moderate,0
2021-02-21 00:00:00,39.9,62.6,26.6,664.0,1001.1,0.2,39.8,38.8,45.8,33.33,Moderate,0
2021-02-21 06:00:00,37.8,47.3,6.2,585.0,1002.5,1.4,39.4,36.3,42.8,32.47,Moderate,0
2021-02-21 12:00:00,32.3,76.7,2.5,654.0,986.0,1.0,35.8,32.4,40.0,38.47,High,0
2021-02-21 18:00:00,31.4,39.3,6.8,573.0,1009.9,3.4,32.5,30.2,32.0,28.08,Moderate,0
2021-02-22 00:00:00,31.3,72.0,4.2,385.0,990.5,1.1,34.4,31.1,37.3,34.52,Moderate,0
2021-02-22 06:00:00,27.5,23.0,12.8,551.0,1006.2,4.3,27.1,26.1,23.8,21.2,Low,0
2021-02-22 12:00:00,45.3,83.0,3.4,371.0,1014.0,0.7,49.0,44.0,67.2,43.48,High,1
2021-02-22 18:00:00,31.7,53.6,8.7,355.0,1000.3,5.1,33.3,30.8,34.2,30.37,Moderate,0
2021-02-23 00:00:00,42.5,67.8,4.2,466.0,1017.2,3.1,45.4,41.1,56.4,39.82,High,1
2021-02-23 06:00:00,44.6,36.6,7.3,520.0,997.5,1.3,45.6,41.9,50.5,32.11,Moderate,1
2021-02-23 12:00:00,41.0,70.8,9.1,559.0,1011.0,0.7,43.4,39.9,53.3,38.77,High,1
2021-02-23 18:00:00,31.0,77.9,14.2,779.0,992.0,0.7,33.2,31.4,35.7,36.67,Moderate,0
2021-02-24 00:00:00,36.8,55.5,9.1,425.0,1015.3,2.2,38.5,35.5,42.4,32.57,Moderate,0
2021-02-24 06:00:00,33.8,66.3,5.7,599.0,1013.8,1.3,36.4,33.3,40.2,35.59,Moderate,0
2021-02-24 12:00:00,27.7,54.2,15.8,580.0,1009.7,0.8,28.5,27.4,27.3,27.49,Low,0
2021-02-24 18:00:00,36.3,87.1,9.5,398.0,1001.1,1.5,39.5,36.1,47.7,39.72,High,0
2021-02-25 00:00:00,25.7,57.3,6.2,568.0,991.0,2.0,27.8,25.7,26.7,29.61,Moderate,0
2021-02-25 06:00:00,42.3,83.1,14.4,801.0,1001.1,0.0,44.7,41.8,58.2,42.94,High,1
2021-02-25 12:00:00,30.7,80.1,10.9,597.0,1016.1,0.1,33.4,31.0,36.2,36.17,Moderate,0
2021-02-25 18:00:00,35.4,50.8,13.6,607.0,1006.3,0.1,36.3,34.2,38.4,30.5,Moderate,0
2021-02-26 00:00:00,36.0,37.3,19.7,374.0,989.5,0.4,35.5,34.1,35.5,24.53,Low,0
2021-02-26 06:00:00,32.2,50.5,3.6,1042.0,993.8,0.8,34.3,31.8,35.5,34.49,Moderate,0
2021-02-26 12:00:00,38.1,82.0,35.0,388.0,1017.5,2.4,38.0,37.5,45.2,34.39,Moderate,0
2021-02-26 18:00:00,30.7,37.1,12.6,133.0,1009.9,0.6,31.0,29.1,29.6,21.78,Low,0
2021-02-27 00:00:00,40.1,59.3,3.4,765.0,992.7,0.0,42.7,38.9,49.9,37.93,Moderate,1
2021-02-27 06:00:00,24.6,80.5,21.4,521.0,987.3,1.0,26.1,25.5,24.6,31.17,Moderate,0
2021-02-27 12:00:00,34.9,46.5,5.3,474.0,998.7,8.5,36.6,33.5,38.4,32.8,Moderate,0
2021-02-27 18:00:00,47.6,68.2,26.9,414.0,986.5,0.6,47.8,45.6,62.9,36.4,Moderate,1
2021-02-28 00:00:00,27.0,38.4,3.8,1018.0,1003.4,4.9,28.5,26.7,26.8,30.34,Moderate,0
2021-02-28 06:00:00,29.3,28.2,8.7,639.0,1029.5,0.2,29.7,28.0,27.4,23.36,Low,0
2021-02-28 12:00:00,37.6,79.6,16.0,687.0,989.0,0.3,39.7,37.3,47.5,38.88,High,0
2021-02-28 18:00:00,35.3,27.4,14.6,591.0,1003.1,1.9,34.9,33.3,33.6,24.91,Low,0
2021-03-01 00:00:00,36.5,40.4,11.8,618.0,1018.1,1.0,37.1,34.9,38.3,29.15,Moderate,0
2021-03-01 06:00:00,37.4,84.1,18.2,900.0,1012.5,2.2,39.4,37.5,47.6,41.74,High,0
2021-03-01 12:00:00,38.4,46.0,6.5,487.0,1003.5,3.0,39.9,36.7,43.4,32.18,Moderate,0
2021-03-01 18:00:00,41.8,93.0,18.9,186.0,1003.5,0.4,44.2,41.1,58.9,39.82,High,1
2021-03-02 00:00:00,36.9,93.5,5.5,767.0,993.4,1.7,40.9,37.2,51.0,45.23,High,0
2021-03-02 06:00:00,32.3,40.1,25.0,674.0,1002.3,1.4,31.3,31.1,29.8,25.1,Low,0
2021-03-02 12:00:00,38.7,23.1,5.9,577.0,1007.4,3.0,39.1,36.2,38.8,27.39,Low,0
2021-03-02 18:00:00,47.3,72.9,2.9,668.0,1016.1,0.8,50.6,45.8,68.5,44.22,High,1
2021-03-03 00:00:00,33.1,53.8,14.7,457.0,998.8,0.1,34.0,32.1,35.2,28.87,Moderate,0
2021-03-03 06:00:00,27.2,27.6,10.5,555.0,1003.1,1.3,27.3,26.0,24.4,21.66,Low,0
2021-03-03 12:00:00,41.7,73.1,11.9,517.0,995.5,4.8,43.9,40.6,54.8,40.22,High,1
2021-03-03 18:00:00,33.2,22.3,7.2,402.0,1007.3,0.0,33.5,31.1,31.5,22.09,Low,0
2021-03-04 00:00:00,18.8,85.3,13.2,847.0,1012.8,0.4,21.5,20.8,18.3,33.64,Moderate,0
2021-03-04 06:00:00,39.9,30.4,23.6,197.0,1011.3,0.6,38.6,37.2,38.6,22.52,Low,0
2021-03-04 12:00:00,30.3,29.5,11.5,1100.0,993.3,2.2,30.4,29.4,28.3,27.73,Low,0
2021-03-04 18:00:00,33.4,33.2,2.4,769.0,1006.5,0.6,34.8,32.0,34.5,28.83,Moderate,0
2021-03-05 00:00:00,36.3,92.0,9.3,106.0,998.2,0.4,39.8,36.0,48.8,38.41,High,0
2021-03-05 06:00:00,35.3,72.0,12.7,494.0,1015.1,1.6,37.4,34.8,42.4,35.61,Moderate,0
2021-03-05 12:00:00,39.0,80.1,26.1,508.0,1003.4,0.1,39.9,38.4,48.3,36.2,Moderate,0
2021-03-05 18:00:00,31.0,49.8,15.2,648.0,989.8,0.3,31.7,30.3,31.4,28.32,Moderate,0
2021-03-06 00:00:00,37.6,45.2,4.8,303.0,1002.8,0.8,39.3,35.7,42.3,29.81,Moderate,0
2021-03-06 06:00:00,32.2,37.6,8.9,558.0,1009.6,0.7,33.0,30.9,32.4,26.54,Low,0
2021-03-06 12:00:00,39.2,56.0,15.8,520.0,1007.4,0.6,40.1,37.8,45.1,32.59,Moderate,0
2021-03-06 18:00:00,38.3,61.4,13.4,366.0,999.9,0.2,39.8,37.0,45.3,32.72,Moderate,0
2021-03-07 00:00:00,27.5,67.4,14.0,331.0,999.1,0.7,29.2,27.4,28.9,29.15,Moderate,0
2021-03-07 06:00:00,41.6,39.3,2.9,780.0,995.1,2.4,43.2,39.6,47.4,34.66,Moderate,1
2021-03-07 12:00:00,30.2,91.1,14.6,126.0,1001.1,0.8,33.0,30.5,36.2,34.67,Moderate,0
2021-03-07 18:00:00,39.7,32.7,11.0,669.0,996.4,1.3,40.0,37.5,41.4,29.31,Moderate,0
2021-03-08 00:00:00,36.6,92.4,15.1,749.0,1014.7,0.3,39.4,36.9,48.3,42.27,High,0
2021-03-08 06:00:00,46.9,21.1,10.5,495.0,996.0,0.1,46.7,43.4,48.2,28.03,Moderate,1
2021-03-08 12:00:00,32.4,56.1,8.3,563.0,1006.2,3.2,34.2,31.7,35.8,32.29,Moderate,0
2021-03-08 18:00:00,31.6,45.0,19.2,841.0,1005.5,0.6,31.5,30.9,30.7,28.15,Moderate,0
2021-03-09 00:00:00,33.9,53.7,12.9,374.0,1014.5,0.6,35.0,32.8,36.7,29.12,Moderate,0
2021-03-09 06:00:00,31.9,62.8,3.4,400.0,1015.9,3.2,34.6,31.3,37.0,33.49,Moderate,0
2021-03-09 12:00:00,39.6,52.7,10.1,426.0,1012.0,1.8,41.0,37.9,46.1,32.8,Moderate,0
2021-03-09 18:00:00,22.7,51.1,7.3,841.0,1008.5,2.1,24.4,23.1,21.9,28.57,Moderate,0
2021-03-10 00:00:00,26.6,75.0,6.6,873.0,994.5,1.7,29.6,27.4,29.9,36.54,Moderate,0
2021-03-10 06:00:00,26.5,71.4,13.2,201.0,994.3,0.2,28.5,26.6,28.1,28.71,Moderate,0
2021-03-10 12:00:00,40.7,82.5,10.5,802.0,996.5,4.8,43.6,40.3,55.4,44.54,High,1
2021-03-10 18:00:00,46.0,38.7,13.0,755.0,1012.5,3.6,46.4,43.5,52.3,34.7,Moderate,1
2021-03-11 00:00:00,33.3,65.7,17.4,938.0,1005.7,0.4,34.5,33.2,37.0,35.11,Moderate,0
2021-03-11 06:00:00,32.8,63.9,8.8,646.0,1013.7,2.4,34.9,32.4,37.5,34.66,Moderate,0
2021-03-11 12:00:00,34.5,47.7,16.9,539.0,1015.0,0.8,34.9,33.3,35.8,28.39,Moderate,0
2021-03-11 18:00:00,42.1,56.5,5.8,836.0,997.7,1.7,44.2,40.7,52.3,38.78,High,1
2021-03-12 00:00:00,27.5,43.5,19.9,725.0,1005.3,0.3,27.3,27.0,24.9,24.81,Low,0
2021-03-12 06:00:00,35.7,30.6,6.2,1100.0,1004.9,1.2,36.5,34.3,36.4,31.15,Moderate,0
2021-03-12 12:00:00,40.8,36.0,3.9,790.0,1001.7,0.2,42.1,38.8,45.1,32.57,Moderate,1
2021-03-12 18:00:00,37.5,27.9,12.1,588.0,999.7,1.2,37.4,35.3,37.1,26.26,Low,0
2021-03-13 00:00:00,35.3,71.2,9.0,256.0,1016.8,0.4,37.8,34.5,42.9,33.95,Moderate,0
2021-03-13 06:00:00,41.0,69.6,9.8,405.0,1005.5,0.9,43.3,39.7,52.9,37.24,Moderate,1
2021-03-13 12:00:00,18.0,91.3,3.5,191.0,1005.1,1.7,22.1,19.6,19.5,32.25,Moderate,0
2021-03-13 18:00:00,38.7,74.7,3.6,496.0,997.0,3.1,42.0,37.9,50.9,40.18,High,0
2021-03-14 00:00:00,29.4,23.9,7.1,782.0,1011.8,0.3,29.7,28.1,27.2,23.76,Low,0
2021-03-14 06:00:00,21.2,86.3,15.0,549.0,994.9,3.4,23.7,22.6,21.4,33.42,Moderate,0
2021-03-14 12:00:00,37.6,84.7,7.4,805.0,1009.5,0.7,40.9,37.6,50.2,42.9,High,0
2021-03-14 18:00:00,43.6,53.2,3.7,634.0,1009.8,2.8,45.8,41.7,54.5,37.92,Moderate,1
2021-03-15 00:00:00,33.0,63.9,19.9,449.0,1000.9,1.1,33.8,32.4,35.7,30.6,Moderate,0
2021-03-15 06:00:00,40.7,93.2,3.6,572.0,1008.2,3.0,44.9,40.5,59.4,46.24,High,1
2021-03-15 12:00:00,45.3,59.9,10.1,668.0,1006.9,1.6,47.1,43.5,58.5,38.91,High,1
2021-03-15 18:00:00,43.2,87.9,15.1,585.0,1004.6,1.1,45.8,42.5,61.5,43.17,High,1
2021-03-16 00:00:00,45.5,26.2,6.8,588.0,1005.1,0.6,46.0,42.5,48.6,30.29,Moderate,1
2021-03-16 06:00:00,39.2,34.3,15.0,358.0,1005.6,5.2,39.1,36.8,40.3,27.72,Low,0
2021-03-16 12:00:00,34.5,53.1,24.5,442.0,1006.3,2.4,34.2,33.4,35.3,28.06,Moderate,0
2021-03-16 18:00:00,22.8,63.9,14.6,1100.0,1005.6,0.7,24.2,23.9,21.8,31.81,Moderate,0
2021-03-17 00:00:00,32.3,81.2,8.8,857.0,994.0,0.3,35.3,32.8,39.5,39.61,High,0
2021-03-17 06:00:00,28.1,94.1,9.9,182.0,1003.5,2.3,31.6,28.8,33.9,36.36,Moderate,0
2021-03-17 12:00:00,49.2,49.2,1.2,50.0,1007.6,6.9,51.5,46.1,64.1,36.99,Moderate,1
2021-03-17 18:00:00,32.8,23.6,6.1,569.0,1006.0,0.5,33.2,30.9,31.5,23.88,Low,0
2021-03-18 00:00:00,34.9,80.1,1.3,773.0,1014.5,3.7,38.7,35.0,45.4,42.56,High,0
2021-03-18 06:00:00,37.9,65.3,4.6,420.0,1011.2,0.2,40.6,36.8,47.1,35.68,Moderate,0
2021-03-18 12:00:00,34.3,34.9,9.3,805.0,996.3,4.6,34.9,32.9,34.7,29.95,Moderate,0
2021-03-18 18:00:00,45.9,57.1,11.6,565.0,1003.3,2.1,47.4,43.9,58.5,37.58,Moderate,1
2021-03-19 00:00:00,29.6,75.7,13.3,509.0,1001.9,0.6,31.8,29.8,33.3,33.61,Moderate,0
2021-03-19 06:00:00,35.4,77.8,29.6,739.0,1005.0,0.5,35.7,35.3,40.3,35.18,Moderate,0
2021-03-19 12:00:00,28.8,57.5,2.6,417.0,1005.0,1.5,31.4,28.3,31.8,30.47,Moderate,0
2021-03-19 18:00:00,24.8,42.9,4.4,478.0,1011.1,1.4,26.4,24.3,24.4,25.08,Low,0
2021-03-20 00:00:00,29.7,93.0,11.2,718.0,1006.8,3.8,33.0,30.7,36.3,41.09,High,0
2021-03-20 06:00:00,33.7,69.8,15.9,542.0,1017.3,2.2,35.3,33.3,38.6,34.27,Moderate,0
2021-03-20 12:00:00,31.0,50.6,5.5,1027.0,1007.4,1.2,32.9,30.7,33.4,33.62,Moderate,0
2021-03-20 18:00:00,29.2,41.0,10.6,723.0,996.7,3.9,30.0,28.4,28.6,28.06,Moderate,0
2021-03-21 00:00:00,24.2,74.8,11.8,707.0,1000.3,1.3,26.5,25.1,25.3,32.99,Moderate,0
2021-03-21 06:00:00,33.4,38.2,26.1,538.0,1011.0,2.8,32.2,31.9,30.8,24.37,Low,0
2021-03-21 12:00:00,23.5,32.9,2.9,769.0,988.9,2.8,24.8,23.1,22.1,24.97,Low,0
2021-03-21 18:00:00,39.3,59.7,13.0,469.0,991.5,3.8,40.7,37.9,46.7,34.86,Moderate,0
2021-03-22 00:00:00,34.6,41.7,16.3,621.0,1005.1,0.1,34.7,33.2,35.0,27.43,Low,0
2021-03-22 06:00:00,23.8,67.2,14.0,321.0,1014.5,1.3,25.5,24.1,23.6,27.57,Low,0
2021-03-22 12:00:00,31.8,28.8,21.3,810.0,1018.1,0.9,30.7,30.4,28.1,23.64,Low,0
2021-03-22 18:00:00,28.7,69.1,3.7,623.0,1002.8,1.0,31.7,28.9,32.9,34.47,Moderate,0
2021-03-23 00:00:00,36.2,41.2,1.0,1046.0,1015.6,0.9,38.1,35.1,40.1,34.55,Moderate,0
2021-03-23 06:00:00,43.4,20.0,20.5,1100.0,1005.7,2.7,41.9,40.9,41.2,29.62,Moderate,0
2021-03-23 12:00:00,20.9,29.5,7.0,741.0,989.7,0.6,21.5,20.6,17.9,21.15,Low,0
2021-03-23 18:00:00,34.8,90.0,8.8,567.0,1004.9,0.9,38.2,35.0,45.5,40.97,High,0
2021-03-24 00:00:00,32.9,85.1,9.7,313.0,998.8,0.3,36.0,32.9,41.0,36.59,Moderate,0
2021-03-24 06:00:00,38.7,37.5,10.2,776.0,1014.2,0.4,39.4,36.9,41.2,30.71,Moderate,0
2021-03-24 12:00:00,35.5,78.4,17.4,603.0,1004.7,1.6,37.3,35.3,43.0,37.18,Moderate,0
2021-03-24 18:00:00,28.7,65.6,12.7,685.0,992.2,0.2,30.5,28.8,30.7,31.98,Moderate,0
2021-03-25 00:00:00,31.8,92.8,2.8,982.0,990.0,0.3,36.1,32.8,41.6,44.42,High,0
2021-03-25 06:00:00,28.4,48.0,8.7,344.0,1004.8,1.1,29.8,27.6,28.8,26.01,Low,0
2021-03-25 12:00:00,41.5,71.1,11.6,319.0,980.8,0.1,43.7,40.2,53.9,36.56,Moderate,1
2021-03-25 18:00:00,34.1,24.8,13.6,491.0,999.8,0.2,33.7,32.0,31.8,22.58,Low,0
2021-03-26 00:00:00,47.3,49.7,8.3,755.0,1007.3,3.0,48.8,45.1,59.3,38.76,High,1
2021-03-26 06:00:00,33.6,92.3,6.0,689.0,994.4,2.8,37.5,34.2,44.2,43.14,High,0
2021-03-26 12:00:00,29.0,60.4,18.0,326.0,1014.9,0.6,29.9,28.5,29.5,27.2,Low,0
2021-03-26 18:00:00,23.4,41.6,6.9,739.0,1016.9,0.6,24.7,23.3,22.0,25.3,Low,0
2021-03-27 00:00:00,21.4,29.0,14.5,250.0,994.8,4.1,21.1,20.5,17.0,17.29,Low,0
2021-03-27 06:00:00,22.9,72.8,17.1,341.0,1002.0,0.0,24.5,23.5,22.3,27.64,Low,0
2021-03-27 12:00:00,35.9,68.4,11.2,521.0,1014.9,1.3,38.0,35.2,43.0,35.38,Moderate,0
2021-03-27 18:00:00,37.6,48.0,5.5,412.0,1005.0,1.4,39.3,35.9,42.8,31.4,Moderate,0
2021-03-28 00:00:00,22.9,91.3,12.8,772.0,991.1,2.3,25.9,24.6,24.8,37.16,Moderate,0
2021-03-28 06:00:00,40.3,21.7,7.6,622.0,1003.6,4.5,40.5,37.7,40.2,28.28,Moderate,0
2021-03-28 12:00:00,30.6,42.8,35.0,991.0,996.5,0.7,28.5,30.0,26.0,25.15,Low,0
2021-03-28 18:00:00,35.0,89.1,16.5,488.0,1016.1,0.9,37.5,35.1,44.3,38.7,High,0
2021-03-29 00:00:00,45.3,44.1,16.1,519.0,1011.1,1.7,45.6,42.8,52.3,32.68,Moderate,1
2021-03-29 06:00:00,40.3,38.9,19.9,853.0,1001.9,5.1,39.9,38.5,42.0,32.06,Moderate,0
2021-03-29 12:00:00,32.1,60.1,1.3,527.0,1006.4,3.3,34.9,31.5,37.3,34.32,Moderate,0
2021-03-29 18:00:00,27.8,81.8,8.7,924.0,991.9,1.6,30.8,28.8,32.2,38.71,High,0
2021-03-30 00:00:00,18.9,27.7,19.2,685.0,997.5,2.9,18.0,18.7,13.2,17.74,Low,0
2021-03-30 06:00:00,29.0,90.7,6.0,50.0,1020.5,0.1,32.8,29.3,35.8,34.93,Moderate,0
2021-03-30 12:00:00,32.5,79.6,2.4,844.0,1005.5,0.7,36.2,32.9,40.8,40.62,High,0
2021-03-30 18:00:00,27.1,33.6,10.4,778.0,1014.3,0.0,27.5,26.3,25.0,24.35,Low,0
2021-03-31 00:00:00,33.1,73.4,4.5,788.0,1007.3,0.3,36.2,33.1,40.4,38.36,High,0
2021-03-31 06:00:00,34.5,48.9,5.0,72.0,1018.1,1.5,36.3,32.8,38.3,27.82,Low,0
2021-03-31 12:00:00,32.4,50.2,8.3,384.0,985.0,3.3,33.9,31.3,34.8,29.51,Moderate,0
2021-03-31 18:00:00,29.4,78.7,3.3,403.0,1003.1,1.5,32.9,29.6,35.4,35.79,Moderate,0
2021-04-01 00:00:00,35.2,92.2,7.9,340.0,1021.4,1.6,38.9,35.2,46.9,40.42,High,0
2021-04-01 06:00:00,37.1,29.5,11.3,985.0,1014.6,0.2,37.2,35.4,37.0,29.27,Moderate,0
2021-04-01 12:00:00,26.4,51.5,31.6,547.0,1018.3,1.6,25.2,26.1,22.1,23.1,Low,0
2021-04-01 18:00:00,43.9,56.1,6.5,541.0,1004.9,0.9,45.9,42.0,55.3,36.85,Moderate,1
2021-04-02 00:00:00,33.3,48.2,8.4,688.0,999.6,1.6,34.7,32.3,35.8,31.08,Moderate,0
2021-04-02 06:00:00,34.1,47.2,14.1,692.0,994.7,0.6,34.8,33.0,35.7,29.72,Moderate,0
2021-04-02 12:00:00,39.0,23.9,7.2,50.0,994.0,1.3,39.3,36.0,39.1,22.91,Low,0
2021-04-02 18:00:00,35.6,71.4,5.7,388.0,1013.1,0.8,38.5,34.9,44.1,35.92,Moderate,0
2021-04-03 00:00:00,40.7,52.7,19.3,197.0,1010.1,1.2,41.0,38.7,46.2,29.53,Moderate,0
2021-04-03 06:00:00,36.0,34.6,25.1,650.0,1004.3,0.2,34.7,34.3,33.9,24.78,Low,0
2021-04-03 12:00:00,29.7,81.2,7.2,478.0,1010.1,0.8,32.9,30.0,35.4,36.09,Moderate,0
2021-04-03 18:00:00,36.5,80.2,5.6,554.0,1006.4,0.7,39.8,36.2,47.5,39.76,High,0
2021-04-04 00:00:00,26.0,56.5,5.0,50.0,1014.6,2.0,28.2,25.4,27.3,25.9,Low,0
2021-04-04 06:00:00,34.8,42.4,14.5,473.0,1014.5,1.8,35.2,33.3,35.7,27.54,Low,0
2021-04-04 12:00:00,33.8,67.9,21.3,829.0,994.3,3.6,34.6,33.6,37.4,35.4,Moderate,0
2021-04-04 18:00:00,32.5,41.6,12.4,902.0,1007.7,1.5,33.1,31.6,32.8,29.83,Moderate,0
2021-04-05 00:00:00,33.1,37.7,14.8,730.0,988.3,0.6,33.2,31.8,32.5,27.04,Low,0
2021-04-05 06:00:00,20.8,74.8,18.4,216.0,1006.3,2.3,22.3,21.6,19.3,26.81,Low,0
2021-04-05 12:00:00,30.2,23.0,25.6,865.0,1011.0,1.0,28.3,28.8,24.5,21.06,Low,0
2021-04-05 18:00:00,34.6,27.1,12.7,731.0,991.9,0.3,34.4,32.8,33.0,25.39,Low,0
2021-04-06 00:00:00,35.1,20.5,6.9,521.0,1000.8,2.1,35.3,32.8,33.6,24.18,Low,0
2021-04-06 06:00:00,26.8,31.5,15.5,50.0,1005.1,0.2,26.5,25.3,23.4,17.28,Low,0
2021-04-06 12:00:00,42.9,25.2,19.8,788.0,1007.3,0.3,41.8,40.3,42.2,27.66,Low,0
2021-04-06 18:00:00,27.9,94.7,7.8,402.0,1002.2,2.1,31.7,28.8,34.1,38.42,High,0
2021-04-07 00:00:00,40.8,41.7,1.3,637.0,993.3,2.2,42.7,38.8,47.1,34.07,Moderate,1
2021-04-07 06:00:00,37.0,31.2,6.8,567.0,1004.5,2.3,37.7,35.0,38.1,28.15,Moderate,0
2021-04-07 12:00:00,29.5,38.1,3.3,935.0,988.5,0.5,31.0,28.8,30.0,29.33,Moderate,0
2021-04-07 18:00:00,46.4,90.2,0.6,519.0,1002.7,3.0,50.8,45.4,72.8,48.25,Extreme,1
2021-04-08 00:00:00,25.6,59.0,7.1,546.0,1000.6,1.9,27.7,25.7,26.6,29.61,Moderate,0
2021-04-08 06:00:00,40.4,47.4,8.9,945.0,1003.7,2.7,41.7,39.0,46.4,36.28,Moderate,0
2021-04-08 12:00:00,41.0,85.5,13.2,385.0,999.4,1.8,43.7,40.3,56.3,40.7,High,1
2021-04-08 18:00:00,29.3,49.6,14.7,754.0,989.9,1.3,30.0,28.9,29.1,28.76,Moderate,0
2021-04-09 00:00:00,43.7,45.1,7.4,500.0,1001.3,0.2,45.1,41.4,51.5,33.28,Moderate,1
2021-04-09 06:00:00,32.2,35.5,13.8,299.0,1014.3,1.9,32.3,30.5,31.1,23.51,Low,0
2021-04-09 12:00:00,36.0,48.3,13.1,550.0,1017.6,1.8,36.8,34.6,38.9,30.41,Moderate,0
2021-04-09 18:00:00,35.8,43.8,12.9,723.0,1029.4,0.6,36.4,34.5,37.8,30.11,Moderate,0
2021-04-10 00:00:00,33.1,70.8,5.2,888.0,1021.9,2.0,36.0,33.2,39.9,38.92,High,0
2021-04-10 06:00:00,39.7,41.7,15.6,919.0,993.0,1.2,39.9,38.1,42.6,32.48,Moderate,0
2021-04-10 12:00:00,39.6,63.3,10.8,476.0,1000.9,1.2,41.5,38.3,48.5,35.47,Moderate,0
2021-04-10 18:00:00,21.8,24.9,9.0,303.0,1004.8,0.7,22.0,20.8,18.2,16.75,Low,0
2021-04-11 00:00:00,43.1,34.3,5.6,470.0,1004.1,0.2,44.1,40.5,47.8,30.44,Moderate,1
2021-04-11 06:00:00,22.4,50.6,7.3,255.0,1005.7,0.4,24.1,22.2,21.5,23.32,Low,0
2021-04-11 12:00:00,41.2,90.3,17.2,496.0,1029.1,2.2,43.7,40.7,57.2,42.17,High,1
2021-04-11 18:00:00,41.9,48.3,13.8,465.0,994.2,0.5,42.7,39.9,48.2,31.83,Moderate,1
2021-04-12 00:00:00,26.4,69.8,6.0,732.0,997.9,0.0,29.2,26.9,29.1,33.62,Moderate,0
2021-04-12 06:00:00,31.1,39.1,10.4,50.0,1021.4,8.7,31.8,29.4,30.9,25.11,Low,0
2021-04-12 12:00:00,26.3,29.5,13.4,367.0,998.8,0.4,26.2,25.1,23.0,19.42,Low,0
2021-04-12 18:00:00,32.5,24.4,6.4,369.0,1008.9,1.6,33.0,30.5,31.2,22.77,Low,0
2021-04-13 00:00:00,31.8,42.9,15.5,847.0,1015.3,3.9,32.1,31.0,31.4,29.65,Moderate,0
2021-04-13 06:00:00,39.5,31.8,1.9,272.0,1009.9,1.4,40.9,36.9,42.6,27.88,Low,0
2021-04-13 12:00:00,43.2,33.1,15.4,607.0,1006.9,2.4,43.0,40.6,45.7,30.03,Moderate,1
2021-04-13 18:00:00,43.8,77.1,14.7,518.0,1014.4,5.6,45.9,42.6,59.8,41.89,High,1
2021-04-14 00:00:00,30.1,21.2,11.5,811.0,996.1,3.0,29.8,28.6,26.8,23.68,Low,0
2021-04-14 06:00:00,32.5,61.8,8.1,699.0,1000.0,1.2,34.6,32.1,36.9,34.12,Moderate,0
2021-04-14 12:00:00,22.2,48.5,4.7,580.0,1010.4,0.7,24.1,22.3,21.6,25.77,Low,0
2021-04-14 18:00:00,28.4,58.0,9.8,411.0,984.3,1.0,30.1,28.0,29.9,28.75,Moderate,0
2021-04-15 00:00:00,40.8,62.2,12.8,87.0,1019.2,2.8,42.4,39.0,50.0,32.98,Moderate,1
2021-04-15 06:00:00,45.3,43.5,15.7,612.0,1008.0,2.9,45.6,42.9,52.2,33.72,Moderate,1
2021-04-15 12:00:00,25.4,42.1,5.4,683.0,1006.5,2.8,26.9,25.0,24.8,26.98,Low,0
2021-04-15 18:00:00,29.9,75.0,7.1,156.0,988.7,1.4,32.8,29.7,34.9,32.44,Moderate,0
2021-04-16 00:00:00,33.8,85.3,7.3,242.0,992.1,1.0,37.2,33.6,43.1,37.24,Moderate,0
2021-04-16 06:00:00,36.0,34.4,2.6,613.0,1001.0,0.6,37.4,34.2,38.2,29.09,Moderate,0
2021-04-16 12:00:00,28.3,27.3,20.5,635.0,1013.1,0.0,27.2,27.1,23.8,20.22,Low,0
2021-04-16 18:00:00,37.0,87.3,21.8,302.0,984.2,2.2,38.7,36.7,46.8,37.15,Moderate,0
2021-04-17 00:00:00,30.7,46.2,5.0,406.0,1012.9,0.5,32.4,29.7,32.4,27.59,Low,0
2021-04-17 06:00:00,33.9,61.3,27.6,91.0,1001.4,0.6,33.7,32.7,35.2,25.95,Low,0
2021-04-17 12:00:00,37.8,47.0,8.2,894.0,1002.8,2.8,39.2,36.6,42.3,34.8,Moderate,0
2021-04-17 18:00:00,34.0,29.4,15.5,225.0,1007.5,0.1,33.6,31.9,32.1,21.27,Low,0
2021-04-18 00:00:00,30.9,64.2,14.9,686.0,1007.7,3.9,32.3,30.7,33.4,33.48,Moderate,0
2021-04-18 06:00:00,33.2,59.4,0.8,541.0,997.9,0.0,36.1,32.5,39.0,33.69,Moderate,0
2021-04-18 12:00:00,33.4,35.2,10.1,872.0,1011.2,4.2,33.9,32.2,33.4,29.82,Moderate,0
2021-04-18 18:00:00,31.4,53.9,4.7,352.0,981.8,0.9,33.5,30.5,34.6,29.62,Moderate,0
2021-04-19 00:00:00,32.2,79.8,1.5,565.0,1000.5,0.2,36.0,32.3,40.5,38.45,High,0
2021-04-19 06:00:00,45.2,64.3,11.1,125.0,1006.5,1.7,47.1,43.1,59.5,35.73,Moderate,1
2021-04-19 12:00:00,37.9,27.3,14.1,65.0,1001.6,3.4,37.6,35.1,37.1,22.74,Low,0
2021-04-19 18:00:00,31.9,61.1,6.1,699.0,986.7,0.9,34.2,31.5,36.2,33.97,Moderate,0
2021-04-20 00:00:00,38.9,72.7,10.6,104.0,1012.6,1.8,41.3,37.7,49.5,34.97,Moderate,0
2021-04-20 06:00:00,31.7,79.5,21.1,493.0,992.5,5.8,33.1,31.8,35.8,35.65,Moderate,0
2021-04-20 12:00:00,42.2,67.2,8.2,803.0,1004.3,0.4,44.6,41.1,54.9,40.31,High,1
2021-04-20 18:00:00,36.6,31.4,3.2,737.0,1006.5,2.6,37.8,34.8,38.3,30.12,Moderate,0
2021-04-21 00:00:00,33.2,73.3,16.6,384.0,1005.2,0.5,34.9,32.8,38.2,33.0,Moderate,0
2021-04-21 06:00:00,37.1,70.8,7.3,153.0,1016.7,0.8,39.8,36.0,46.4,34.36,Moderate,0
2021-04-21 12:00:00,23.0,21.8,5.8,677.0,1004.5,0.5,23.4,22.1,19.9,19.89,Low,0
2021-04-21 18:00:00,26.1,50.9,7.8,886.0,1009.3,0.9,27.7,26.2,26.2,29.87,Moderate,0
2021-04-22 00:00:00,25.6,45.0,7.6,384.0,1004.4,0.0,26.9,25.0,25.0,24.13,Low,0
2021-04-22 06:00:00,35.0,70.2,2.1,349.0,1011.1,0.5,38.3,34.3,43.6,35.67,Moderate,0
2021-04-22 12:00:00,46.1,36.2,11.8,419.0,1018.9,0.9,46.5,43.2,51.9,30.89,Moderate,1
2021-04-22 18:00:00,49.6,64.3,11.6,693.0,1006.4,1.5,51.4,47.6,68.9,41.8,High,1
2021-04-23 00:00:00,38.5,88.5,8.0,857.0,1012.8,1.5,42.0,38.6,52.7,44.8,High,0
2021-04-23 06:00:00,37.5,79.8,11.0,240.0,1019.6,1.3,40.2,36.8,48.3,36.88,Moderate,0
2021-04-23 12:00:00,21.4,89.1,14.7,175.0,1018.6,0.5,24.1,22.6,22.0,30.45,Moderate,0
2021-04-23 18:00:00,30.2,93.4,11.5,1100.0,1001.1,4.4,33.5,31.5,37.1,44.43,High,0
2021-04-24 00:00:00,28.5,20.8,5.6,506.0,1015.4,0.7,28.9,26.9,26.1,20.94,Low,0
2021-04-24 06:00:00,29.7,66.7,4.6,613.0,1007.5,0.4,32.5,29.7,34.0,33.86,Moderate,0
2021-04-24 12:00:00,32.8,51.0,30.2,377.0,1016.2,1.2,31.7,31.7,31.3,24.72,Low,0
2021-04-24 18:00:00,30.7,84.5,11.7,672.0,1010.7,2.1,33.5,31.3,36.7,38.38,High,0
2021-04-25 00:00:00,20.1,38.9,8.6,790.0,1007.8,0.0,21.0,20.2,17.4,22.98,Low,0
2021-04-25 06:00:00,39.2,93.6,13.6,625.0,1009.3,0.5,42.2,39.2,54.3,43.18,High,0
2021-04-25 12:00:00,26.5,66.0,6.2,985.0,1007.6,2.6,29.1,27.1,28.8,35.48,Moderate,0
2021-04-25 18:00:00,35.7,79.5,16.7,468.0,1007.9,1.1,37.7,35.4,43.7,36.49,Moderate,0
2021-04-26 00:00:00,48.5,26.4,7.4,484.0,1003.4,0.8,48.9,45.1,53.0,30.86,Moderate,1
2021-04-26 06:00:00,27.6,33.8,1.7,608.0,1002.5,4.0,29.1,26.6,27.4,26.49,Low,0
2021-04-26 12:00:00,18.0,76.9,9.0,666.0,1022.6,0.1,20.8,19.6,17.5,30.56,Moderate,0
2021-04-26 18:00:00,32.0,21.6,4.2,607.0,1009.8,1.4,32.6,30.2,30.6,24.0,Low,0
2021-04-27 00:00:00,41.7,81.3,8.3,229.0,999.3,0.6,44.8,40.6,57.6,39.36,High,1
2021-04-27 06:00:00,47.7,21.0,7.5,628.0,1002.2,0.1,47.8,44.3,49.8,29.96,Moderate,1
2021-04-27 12:00:00,25.4,69.3,12.5,456.0,1015.6,0.4,27.4,25.7,26.4,29.82,Moderate,0
2021-04-27 18:00:00,37.5,47.4,24.1,405.0,997.6,1.5,37.0,35.8,38.9,27.47,Low,0
2021-04-28 00:00:00,30.7,65.9,15.6,558.0,990.2,0.0,32.1,30.5,33.2,31.36,Moderate,0
2021-04-28 06:00:00,33.3,72.2,11.7,310.0,990.9,1.3,35.5,32.8,39.2,33.47,Moderate,0
2021-04-28 12:00:00,50.0,45.7,10.4,266.0,987.7,4.7,51.0,46.9,62.5,35.48,Moderate,1
2021-04-28 18:00:00,23.5,28.1,11.9,50.0,992.0,2.4,23.5,22.2,19.9,16.44,Low,0
2021-04-29 00:00:00,35.8,25.2,22.2,987.0,993.2,0.6,34.4,34.1,32.4,25.58,Low,0
2021-04-29 06:00:00,37.3,64.2,13.5,689.0,1018.9,0.2,38.9,36.5,44.1,35.37,Moderate,0
2021-04-29 12:00:00,41.6,59.0,1.7,521.0,1004.5,0.9,44.3,40.0,52.8,37.35,Moderate,1
2021-04-29 18:00:00,34.7,75.7,4.4,383.0,1001.4,0.7,38.0,34.3,43.6,36.78,Moderate,0
2021-04-30 00:00:00,36.2,58.2,18.6,50.0,990.6,5.3,36.9,34.7,40.1,29.35,Moderate,0
2021-04-30 06:00:00,31.3,51.7,11.5,368.0,1003.6,6.9,32.5,30.3,32.8,29.88,Moderate,0
2021-04-30 12:00:00,35.9,49.9,22.0,729.0,987.6,0.8,35.8,34.8,37.3,29.98,Moderate,0
2021-04-30 18:00:00,31.6,22.0,15.0,786.0,1001.3,0.2,30.9,30.0,28.0,22.68,Low,0
2021-05-01 00:00:00,38.4,45.2,10.2,711.0,1025.6,3.6,39.4,36.9,42.5,33.13,Moderate,0
2021-05-01 06:00:00,31.4,93.2,10.1,590.0,1011.6,2.4,34.8,32.1,39.5,40.67,High,0
2021-05-01 12:00:00,36.6,85.5,6.1,876.0,1002.9,1.1,40.1,36.8,48.7,43.58,High,0
2021-05-01 18:00:00,33.8,44.7,8.1,468.0,1012.0,0.7,35.1,32.5,36.0,28.52,Moderate,0
2021-05-02 00:00:00,41.9,64.1,3.4,821.0,999.8,0.9,44.7,40.8,54.4,40.67,High,1
2021-05-02 06:00:00,33.6,83.5,5.1,454.0,997.0,3.5,37.2,33.6,42.9,39.61,High,0
2021-05-02 12:00:00,21.6,53.1,4.1,330.0,1022.0,0.3,23.8,21.6,21.3,24.76,Low,0
2021-05-02 18:00:00,42.8,21.3,9.3,299.0,993.6,2.5,42.7,39.6,43.0,25.84,Low,1
2021-05-03 00:00:00,27.7,25.6,6.6,284.0,1001.5,0.0,28.2,26.1,25.5,19.68,Low,0
2021-05-03 06:00:00,29.4,58.3,2.3,715.0,1008.1,3.8,32.0,29.2,32.8,34.04,Moderate,0
2021-05-03 12:00:00,29.8,92.7,13.6,364.0,995.6,1.0,32.8,30.4,35.9,36.94,Moderate,0
2021-05-03 18:00:00,43.6,72.0,7.1,292.0,1011.5,0.4,46.3,42.1,59.3,38.53,High,1
2021-05-04 00:00:00,19.1,25.3,16.3,728.0,1001.9,0.0,18.4,18.8,13.8,17.12,Low,0
2021-05-04 06:00:00,50.0,34.2,13.1,632.0,1011.6,1.2,50.1,46.8,57.3,33.59,Moderate,1
2021-05-04 12:00:00,41.4,77.8,32.4,791.0,1010.9,0.4,41.4,40.8,51.4,37.67,Moderate,0
2021-05-04 18:00:00,35.6,83.1,9.4,678.0,1002.6,1.5,38.6,35.6,45.6,40.52,High,0
2021-05-05 00:00:00,33.6,66.3,6.2,362.0,1022.1,0.5,36.2,32.9,39.7,33.34,Moderate,0
2021-05-05 06:00:00,36.0,68.3,5.0,569.0,998.3,0.1,38.8,35.4,44.4,36.58,Moderate,0
2021-05-05 12:00:00,37.6,22.1,14.5,581.0,1018.5,1.1,37.0,35.2,35.5,24.29,Low,0
2021-05-05 18:00:00,38.5,82.1,15.5,320.0,1016.7,1.2,40.7,37.8,49.9,37.57,Moderate,0
2021-05-06 00:00:00,37.9,79.1,9.5,274.0,1022.7,0.9,40.7,37.2,49.2,37.3,Moderate,0
2021-05-06 06:00:00,34.6,39.4,11.3,380.0,1006.7,0.9,35.2,32.9,35.5,26.33,Low,0
2021-05-06 12:00:00,32.6,73.2,18.9,1059.0,997.1,1.3,34.0,33.0,36.8,37.59,Moderate,0
2021-05-06 18:00:00,32.9,36.1,15.0,447.0,1025.8,1.1,32.9,31.3,31.9,24.57,Low,0
2021-05-07 00:00:00,32.6,23.0,11.7,858.0,1001.7,0.2,32.3,31.0,30.0,24.58,Low,0
2021-05-07 06:00:00,41.9,35.1,3.6,433.0,996.9,0.3,43.2,39.4,46.6,30.26,Moderate,1
2021-05-07 12:00:00,38.2,33.4,5.2,772.0,1003.1,0.2,39.2,36.3,40.5,30.36,Moderate,0
2021-05-07 18:00:00,18.0,45.3,7.3,776.0,995.2,1.8,19.4,18.6,15.7,24.41,Low,0
2021-05-08 00:00:00,38.6,51.4,7.6,788.0,1010.3,1.1,40.3,37.3,44.7,34.99,Moderate,0
2021-05-08 06:00:00,35.4,58.1,5.6,647.0,998.9,0.8,37.6,34.5,41.3,34.47,Moderate,0
2021-05-08 12:00:00,33.9,55.8,5.1,894.0,1002.1,2.4,36.1,33.4,38.6,35.73,Moderate,0
2021-05-08 18:00:00,31.3,40.3,7.9,645.0,1014.7,0.6,32.4,30.2,31.8,27.63,Low,0
2021-05-09 00:00:00,41.9,22.2,10.5,978.0,1011.2,1.3,41.8,39.5,41.8,30.1,Moderate,0
2021-05-09 06:00:00,40.6,65.4,13.3,145.0,1005.2,0.1,42.3,39.0,50.4,33.08,Moderate,1
2021-05-09 12:00:00,28.6,49.7,2.1,637.0,1006.7,2.0,30.8,28.1,30.6,30.35,Moderate,0
2021-05-09 18:00:00,36.8,42.4,6.7,621.0,1005.1,1.8,38.1,35.2,40.1,31.11,Moderate,0
2021-05-10 00:00:00,27.2,85.0,2.4,316.0,1000.7,2.4,31.2,27.8,32.8,36.22,Moderate,0
2021-05-10 06:00:00,24.3,76.0,9.4,695.0,1005.0,3.2,27.0,25.2,26.1,34.39,Moderate,0
2021-05-10 12:00:00,29.6,84.3,9.3,177.0,1009.9,2.1,32.7,29.8,35.3,34.6,Moderate,0
2021-05-10 18:00:00,40.0,57.1,8.7,386.0,1003.7,2.8,41.8,38.4,48.1,34.41,Moderate,0
2021-05-11 00:00:00,40.7,29.8,7.8,50.0,1009.2,0.6,41.3,37.7,42.7,24.79,Low,0
2021-05-11 06:00:00,37.6,72.2,6.8,940.0,996.6,0.6,40.4,37.3,47.7,40.87,High,0
2021-05-11 12:00:00,39.1,35.5,8.8,492.0,999.0,4.3,39.8,36.9,41.6,29.9,Moderate,0
2021-05-11 18:00:00,37.6,53.1,13.5,1092.0,997.7,3.7,38.6,36.8,42.3,36.98,Moderate,0
2021-05-12 00:00:00,29.5,24.9,7.1,751.0,999.3,1.2,29.9,28.2,27.5,24.13,Low,0
2021-05-12 06:00:00,37.0,81.9,3.8,662.0,1017.9,0.7,40.6,36.8,49.2,41.58,High,0
2021-05-12 12:00:00,39.6,29.4,11.3,403.0,1012.3,3.0,39.7,37.1,40.4,26.98,Low,0
2021-05-12 18:00:00,39.3,87.7,15.5,288.0,994.2,0.6,41.8,38.7,52.8,38.88,High,0
2021-05-13 00:00:00,42.3,84.8,3.6,681.0,1009.4,0.3,46.1,41.7,60.8,44.73,High,1
2021-05-13 06:00:00,39.0,54.8,3.1,532.0,1001.1,1.5,41.4,37.6,47.0,35.15,Moderate,0
2021-05-13 12:00:00,36.5,75.8,3.5,215.0,998.2,0.1,39.9,35.7,47.0,36.32,Moderate,0
2021-05-13 18:00:00,41.5,66.5,8.7,171.0,990.1,0.7,43.8,39.8,53.3,35.09,Moderate,1
2021-05-14 00:00:00,33.8,80.2,25.3,310.0,1014.7,2.5,34.8,33.5,38.8,33.4,Moderate,0
2021-05-14 06:00:00,27.8,52.4,22.8,1005.0,991.4,0.5,27.7,27.9,25.8,28.76,Moderate,0
2021-05-14 12:00:00,32.9,78.9,11.3,1100.0,1004.5,4.0,35.5,33.5,39.7,41.92,High,0
2021-05-14 18:00:00,28.8,54.7,3.4,601.0,995.5,4.7,31.1,28.4,31.3,32.11,Moderate,0
2021-05-15 00:00:00,29.3,90.6,22.6,587.0,1012.8,2.5,31.1,30.1,33.1,36.59,Moderate,0
2021-05-15 06:00:00,33.0,56.5,23.4,466.0,1001.7,6.6,33.0,32.1,33.8,30.1,Moderate,0
2021-05-15 12:00:00,28.5,54.7,4.9,316.0,1003.7,1.1,30.6,27.9,30.5,28.28,Moderate,0
2021-05-15 18:00:00,31.8,78.9,9.5,894.0,1004.0,1.3,34.6,32.3,38.2,39.3,High,0
2021-05-16 00:00:00,20.7,81.6,15.5,1018.0,1008.0,2.7,22.9,22.5,20.2,35.19,Moderate,0
2021-05-16 06:00:00,35.5,61.6,20.8,327.0,1005.1,1.0,36.1,34.4,39.2,30.02,Moderate,0
2021-05-16 12:00:00,34.0,33.5,8.5,529.0,1004.6,0.8,34.7,32.3,34.2,26.22,Low,0
2021-05-16 18:00:00,28.3,55.1,16.5,438.0,999.8,1.4,29.1,27.8,28.1,26.98,Low,0
2021-05-17 00:00:00,38.6,92.6,12.1,445.0,989.3,1.6,41.8,38.4,53.1,42.0,High,0
2021-05-17 06:00:00,40.6,76.5,11.6,846.0,993.8,2.1,43.0,40.1,53.5,42.15,High,1
2021-05-17 12:00:00,22.7,80.8,10.9,222.0,1012.2,1.7,25.4,23.5,23.9,30.49,Moderate,0
2021-05-17 18:00:00,28.7,22.5,26.0,667.0,1001.9,2.1,26.7,27.3,22.6,19.08,Low,0
2021-05-18 00:00:00,28.6,55.1,9.9,732.0,998.4,1.7,30.2,28.4,29.8,30.75,Moderate,0
2021-05-18 06:00:00,27.4,68.5,13.1,514.0,990.9,1.0,29.3,27.6,29.1,31.04,Moderate,0
2021-05-18 12:00:00,39.8,82.3,26.1,773.0,987.8,0.2,40.8,39.5,50.5,39.13,High,0
2021-05-18 18:00:00,32.6,23.7,13.7,587.0,998.0,2.3,32.1,30.8,29.8,23.06,Low,0
2021-05-19 00:00:00,32.1,83.9,6.4,854.0,1013.9,0.0,35.5,32.7,40.0,40.54,High,0
2021-05-19 06:00:00,20.0,61.1,9.1,169.0,999.4,7.3,22.0,20.3,18.9,26.28,Low,0
2021-05-19 12:00:00,38.4,34.8,5.2,463.0,1009.0,2.6,39.5,36.2,41.1,29.32,Moderate,0
2021-05-19 18:00:00,25.3,43.8,9.0,532.0,999.0,1.7,26.4,24.8,24.2,25.12,Low,0
2021-05-20 00:00:00,34.4,41.1,8.5,50.0,1011.4,5.1,35.4,32.4,36.1,26.22,Low,0
2021-05-20 06:00:00,35.9,59.8,7.2,279.0,1001.5,1.4,38.0,34.7,42.1,32.25,Moderate,0
2021-05-20 12:00:00,43.5,23.9,10.9,347.0,992.7,0.1,43.4,40.3,44.3,26.01,Low,1
2021-05-20 18:00:00,24.8,31.9,2.6,787.0,1002.3,1.2,26.1,24.2,23.6,24.94,Low,0
2021-05-21 00:00:00,18.0,81.0,29.7,373.0,1023.3,0.5,18.5,19.4,13.7,25.38,Low,0
2021-05-21 06:00:00,35.3,29.9,8.6,345.0,1022.9,0.7,35.8,33.2,35.2,24.47,Low,0
2021-05-21 12:00:00,46.6,37.5,9.5,754.0,1009.9,0.9,47.3,44.0,53.6,34.42,Moderate,1
2021-05-21 18:00:00,42.7,54.0,22.4,146.0,1003.6,2.2,42.7,40.5,49.4,30.1,Moderate,1
2021-05-22 00:00:00,35.5,58.8,13.6,50.0,1008.0,1.0,36.8,34.1,40.0,28.68,Moderate,0
2021-05-22 06:00:00,30.6,77.3,7.1,460.0,1008.2,1.0,33.6,30.7,36.4,35.48,Moderate,0
2021-05-22 12:00:00,39.6,53.5,7.8,188.0,1004.6,0.5,41.3,37.7,46.8,31.22,Moderate,0
2021-05-22 18:00:00,27.2,79.2,18.5,198.0,1009.4,1.2,28.9,27.4,29.0,30.24,Moderate,0
2021-05-23 00:00:00,37.3,66.4,20.1,693.0,1007.1,0.4,38.2,36.6,43.3,34.7,Moderate,0
2021-05-23 06:00:00,37.5,28.5,6.5,769.0,1001.8,0.5,38.1,35.5,38.3,28.64,Moderate,0
2021-05-23 12:00:00,41.4,31.7,22.0,747.0,993.0,2.1,40.3,39.1,41.4,28.49,Moderate,0
2021-05-23 18:00:00,50.0,52.8,2.8,827.0,1000.4,0.6,52.3,47.7,66.9,41.55,High,1
2021-05-24 00:00:00,36.7,49.8,23.9,860.0,1013.0,0.1,36.3,35.6,38.2,30.67,Moderate,0
2021-05-24 06:00:00,30.4,75.8,12.2,50.0,1004.7,0.6,32.7,30.1,34.9,30.77,Moderate,0
2021-05-24 12:00:00,33.8,63.6,21.9,663.0,1008.0,1.5,34.4,33.3,36.5,32.23,Moderate,0
2021-05-24 18:00:00,21.6,49.1,14.5,418.0,1002.2,2.5,22.3,21.6,18.9,23.11,Low,0
2021-05-25 00:00:00,29.1,32.8,6.9,363.0,994.4,4.9,29.9,27.7,28.1,24.35,Low,0
2021-05-25 06:00:00,31.1,37.0,9.0,690.0,1002.6,2.1,31.9,30.0,30.8,27.36,Low,0
2021-05-25 12:00:00,30.3,63.2,7.0,117.0,994.8,0.8,32.6,29.6,33.9,29.19,Moderate,0
2021-05-25 18:00:00,35.1,51.8,5.6,112.0,994.1,0.5,37.0,33.5,39.6,28.64,Moderate,0
2021-05-26 00:00:00,28.2,58.6,13.2,708.0,1017.1,0.2,29.5,28.1,29.0,30.08,Moderate,0
2021-05-26 06:00:00,41.8,32.8,2.1,672.0,1000.8,1.5,43.2,39.4,46.1,32.15,Moderate,1
2021-05-26 12:00:00,34.0,69.7,8.6,584.0,997.6,1.1,36.5,33.6,40.5,35.77,Moderate,0
2021-05-26 18:00:00,33.9,83.9,10.3,330.0,1021.2,1.7,36.9,33.8,42.5,37.24,Moderate,0
2021-05-27 00:00:00,31.7,39.3,2.2,736.0,1013.1,0.4,33.4,30.6,33.3,29.31,Moderate,0
2021-05-27 06:00:00,35.1,56.9,12.0,720.0,1001.3,0.6,36.5,34.3,39.3,33.23,Moderate,0
2021-05-27 12:00:00,39.8,93.2,14.5,571.0,1009.3,0.5,42.7,39.7,55.3,42.77,High,0
2021-05-27 18:00:00,27.9,45.0,13.1,256.0,1002.6,2.4,28.6,26.9,26.9,23.94,Low,0
2021-05-28 00:00:00,29.4,64.6,13.0,444.0,998.1,0.3,31.1,29.2,31.6,30.22,Moderate,0
2021-05-28 06:00:00,31.9,26.8,10.4,759.0,1009.7,1.4,32.0,30.4,30.0,25.16,Low,0
2021-05-28 12:00:00,24.6,65.5,4.5,882.0,1001.8,0.1,27.3,25.3,26.4,33.2,Moderate,0
2021-05-28 18:00:00,28.3,26.7,0.6,468.0,1005.8,1.2,29.6,26.9,27.6,23.22,Low,0
2021-05-29 00:00:00,30.7,91.9,8.4,488.0,1015.2,0.1,34.3,31.3,38.4,38.8,High,0
2021-05-29 06:00:00,40.1,73.7,6.8,510.0,1014.1,0.3,43.0,39.2,52.7,39.04,High,1
2021-05-29 12:00:00,35.8,79.1,10.2,619.0,999.5,0.2,38.5,35.6,45.1,38.56,High,0
2021-05-29 18:00:00,35.4,72.8,5.4,405.0,1009.9,0.6,38.4,34.8,44.1,36.3,Moderate,0
2021-05-30 00:00:00,40.0,64.2,19.1,50.0,993.7,0.6,40.9,38.3,47.8,30.82,Moderate,0
2021-05-30 06:00:00,33.0,53.7,2.7,848.0,1009.5,2.6,35.4,32.4,37.4,35.0,Moderate,0
2021-05-30 12:00:00,36.7,84.4,6.2,999.0,1006.5,0.4,40.2,37.0,48.6,44.01,High,0
2021-05-30 18:00:00,33.3,91.8,8.1,397.0,1008.8,0.1,36.9,33.6,43.2,39.33,High,0
2021-05-31 00:00:00,35.9,57.4,13.2,283.0,1002.0,1.4,37.2,34.6,40.5,30.48,Moderate,0
2021-05-31 06:00:00,29.9,89.9,13.3,516.0,1025.8,1.7,32.8,30.6,35.8,37.74,Moderate,0
2021-05-31 12:00:00,18.0,63.7,17.3,503.0,996.0,0.5,19.1,18.9,15.0,24.51,Low,0
2021-05-31 18:00:00,33.1,60.4,15.8,799.0,1014.7,1.4,34.2,32.7,36.1,33.32,Moderate,0
2021-06-01 00:00:00,44.0,54.1,8.5,564.0,994.7,2.2,45.7,42.1,54.5,36.62,Moderate,1
2021-06-01 06:00:00,40.5,35.7,16.6,352.0,1010.0,0.6,40.3,38.1,42.2,26.68,Low,0
2021-06-01 12:00:00,40.8,20.3,8.6,220.0,1010.8,1.1,40.8,37.7,40.3,23.75,Low,0
2021-06-01 18:00:00,42.7,38.1,2.5,766.0,1005.5,0.2,44.3,40.5,48.9,34.06,Moderate,1
2021-06-02 00:00:00,34.6,58.2,2.8,700.0,1000.0,0.0,37.2,33.9,40.6,34.81,Moderate,0
2021-06-02 06:00:00,35.4,48.5,8.0,815.0,1006.4,6.0,36.9,34.4,39.0,34.67,Moderate,0
2021-06-02 12:00:00,29.7,53.6,4.2,308.0,1007.7,0.5,31.9,28.9,32.2,28.41,Moderate,0
2021-06-02 18:00:00,31.8,93.5,9.0,1010.0,1022.9,0.5,35.4,32.9,40.5,43.64,High,0
2021-06-03 00:00:00,38.3,46.3,16.1,114.0,996.3,5.4,38.7,36.2,41.4,28.34,Moderate,0
2021-06-03 06:00:00,42.4,53.9,7.4,727.0,999.4,2.0,44.2,40.8,51.8,37.23,Moderate,1
2021-06-03 12:00:00,33.0,30.0,1.7,73.0,1007.8,1.3,34.3,30.8,33.6,23.01,Low,0
2021-06-03 18:00:00,30.8,23.6,13.8,352.0,1002.4,1.8,30.3,28.9,27.6,20.27,Low,0
2021-06-04 00:00:00,34.0,78.2,6.8,940.0,1004.0,1.9,37.1,34.3,42.4,41.2,High,0
2021-06-04 06:00:00,38.2,62.8,8.1,758.0,1015.7,2.2,40.4,37.3,46.4,37.73,Moderate,0
2021-06-04 12:00:00,23.9,77.1,35.0,413.0,976.8,0.1,23.6,24.6,20.6,26.16,Low,0
2021-06-04 18:00:00,18.0,31.2,17.3,420.0,999.0,0.8,17.5,17.7,12.8,15.87,Low,0
2021-06-05 00:00:00,30.1,62.9,20.1,575.0,987.6,0.5,30.8,29.9,31.0,29.74,Moderate,0
2021-06-05 06:00:00,25.5,39.0,7.5,679.0,993.0,0.1,26.6,25.0,24.2,24.85,Low,0
2021-06-05 12:00:00,30.4,37.1,30.3,863.0,1029.0,0.8,28.6,29.5,25.8,23.65,Low,0
2021-06-05 18:00:00,33.0,20.9,4.9,436.0,1011.0,1.4,33.5,30.9,31.5,22.85,Low,0
2021-06-06 00:00:00,30.8,29.8,2.6,147.0,1014.5,0.3,32.0,28.9,30.6,22.0,Low,0
2021-06-06 06:00:00,44.2,43.2,33.7,589.0,1004.2,0.5,42.3,41.9,46.7,28.54,Moderate,1
2021-06-06 12:00:00,36.3,28.8,1.8,436.0,1012.6,1.5,37.5,34.1,37.7,26.97,Low,0
2021-06-06 18:00:00,36.1,93.9,6.9,225.0,987.3,1.3,40.0,36.0,49.2,40.48,High,0
2021-06-07 00:00:00,38.4,43.1,13.9,624.0,1015.4,3.0,38.9,36.7,41.3,31.0,Moderate,0
2021-06-07 06:00:00,26.0,29.8,7.6,497.0,996.8,2.3,26.6,24.9,23.8,22.16,Low,0
2021-06-07 12:00:00,41.3,34.9,5.9,627.0,999.7,5.1,42.3,39.0,45.2,32.62,Moderate,1
2021-06-07 18:00:00,33.5,64.1,9.9,326.0,1010.1,1.4,35.5,32.7,38.5,32.06,Moderate,0
2021-06-08 00:00:00,38.7,24.8,9.4,672.0,1008.2,1.8,38.8,36.4,38.5,27.4,Low,0
2021-06-08 06:00:00,26.5,84.7,10.7,221.0,1005.8,3.0,29.5,27.0,30.1,33.67,Moderate,0
2021-06-08 12:00:00,23.1,92.1,21.3,343.0,991.4,2.7,25.1,24.4,23.5,32.68,Moderate,0
2021-06-08 18:00:00,39.7,38.5,14.5,489.0,1006.0,1.9,39.9,37.6,42.1,28.92,Moderate,0
2021-06-09 00:00:00,36.6,53.8,8.3,985.0,1014.6,1.0,38.3,35.8,41.8,36.0,Moderate,0
2021-06-09 06:00:00,27.7,21.7,11.7,746.0,999.7,0.5,27.4,26.4,24.1,21.32,Low,0
2021-06-09 12:00:00,27.9,68.1,0.3,819.0,1018.1,3.1,31.3,28.3,32.3,36.75,Moderate,0
2021-06-09 18:00:00,41.9,51.0,8.8,904.0,996.3,2.2,43.4,40.4,49.9,37.4,Moderate,1
2021-06-10 00:00:00,25.7,40.3,12.3,1100.0,1005.1,2.7,26.2,25.6,23.7,28.38,Moderate,0
2021-06-10 06:00:00,45.5,35.5,5.4,560.0,1020.4,0.2,46.6,42.8,51.9,32.54,Moderate,1
2021-06-10 12:00:00,27.7,69.1,7.0,905.0,998.2,0.6,30.3,28.3,30.8,35.34,Moderate,0
2021-06-10 18:00:00,38.5,51.2,17.4,803.0,1015.5,0.8,39.0,37.2,42.6,32.95,Moderate,0
2021-06-11 00:00:00,31.7,33.5,4.1,799.0,1024.7,2.7,32.9,30.5,32.1,28.76,Moderate,0
2021-06-11 06:00:00,38.2,71.7,17.7,994.0,1006.7,3.4,39.7,37.9,46.5,40.22,High,0
2021-06-11 12:00:00,30.2,62.4,26.2,445.0,999.7,0.5,30.2,29.8,29.9,27.46,Low,0
2021-06-11 18:00:00,32.9,84.4,7.2,425.0,997.3,1.7,36.3,33.0,41.4,38.25,High,0
2021-06-12 00:00:00,34.3,28.8,4.2,630.0,1018.0,0.1,35.2,32.5,34.6,26.56,Low,0
2021-06-12 06:00:00,27.0,78.9,5.6,504.0,1017.8,0.8,30.3,27.6,31.2,34.82,Moderate,0
2021-06-12 12:00:00,39.2,70.5,25.0,630.0,1019.5,1.0,39.7,38.4,46.7,35.34,Moderate,0
2021-06-12 18:00:00,30.4,28.6,4.0,941.0,1004.7,2.2,31.4,29.3,29.7,27.86,Low,0
2021-06-13 00:00:00,32.4,72.1,4.2,430.0,1015.4,3.3,35.5,32.1,39.1,36.14,Moderate,0
2021-06-13 06:00:00,27.0,53.1,1.7,474.0,1004.5,0.6,29.5,26.6,28.9,28.85,Moderate,0
2021-06-13 12:00:00,18.0,90.9,6.9,594.0,996.2,1.1,21.7,20.0,18.8,34.28,Moderate,0
2021-06-13 18:00:00,32.7,30.6,10.9,493.0,1016.2,1.6,32.9,31.0,31.6,24.44,Low,0
2021-06-14 00:00:00,50.0,68.2,22.9,71.0,1021.3,0.6,50.7,47.5,69.2,35.71,Moderate,1
2021-06-14 06:00:00,39.5,48.6,7.4,405.0,994.8,6.4,41.0,37.7,45.5,33.72,Moderate,0
2021-06-14 12:00:00,33.9,91.8,13.7,722.0,994.6,3.1,36.8,34.4,43.2,41.96,High,0
2021-06-14 18:00:00,32.2,44.7,5.7,909.0,1005.4,0.5,33.8,31.5,34.2,31.52,Moderate,0
2021-06-15 00:00:00,34.2,92.2,3.6,261.0,1014.6,1.1,38.4,34.3,45.8,40.06,High,0
2021-06-15 06:00:00,37.8,87.6,20.9,260.0,993.7,0.4,39.7,37.3,48.6,36.82,Moderate,0
2021-06-15 12:00:00,25.7,40.3,10.7,558.0,1007.3,1.1,26.4,25.1,24.0,24.07,Low,0
2021-06-15 18:00:00,41.8,80.3,14.4,50.0,999.1,1.7,44.1,40.5,56.4,36.97,Moderate,1
2021-06-16 00:00:00,39.0,94.7,10.5,439.0,1012.0,0.1,42.5,38.9,54.7,42.45,High,0
2021-06-16 06:00:00,39.0,38.9,2.5,116.0,997.0,3.1,40.6,36.6,43.5,28.73,Moderate,0
2021-06-16 12:00:00,37.1,52.8,17.3,892.0,1012.7,1.4,37.7,36.1,40.7,33.62,Moderate,0
2021-06-16 18:00:00,34.1,59.0,5.5,358.0,1003.4,6.8,36.4,33.1,39.4,34.06,Moderate,0
2021-06-17 00:00:00,38.7,42.1,13.2,963.0,995.6,0.0,39.2,37.3,41.7,32.52,Moderate,0
2021-06-17 06:00:00,38.1,21.1,3.7,828.0,1005.6,2.7,38.7,35.9,38.0,28.84,Moderate,0
2021-06-17 12:00:00,31.5,36.5,4.0,388.0,985.6,2.4,32.8,30.0,32.3,26.25,Low,0
2021-06-17 18:00:00,30.0,41.1,5.8,282.0,999.4,0.2,31.4,28.7,30.6,24.8,Low,0
2021-06-18 00:00:00,34.7,53.3,4.7,502.0,1008.4,0.6,36.8,33.6,39.5,31.98,Moderate,0
2021-06-18 06:00:00,44.8,32.8,3.4,524.0,987.3,3.2,46.0,42.0,50.4,32.73,Moderate,1
2021-06-18 12:00:00,25.3,85.5,33.2,637.0,979.3,1.1,25.6,26.4,23.9,31.28,Moderate,0
2021-06-18 18:00:00,23.7,72.9,9.6,356.0,981.6,0.8,26.2,24.2,24.9,29.92,Moderate,0
2021-06-19 00:00:00,35.2,26.4,2.2,737.0,1018.3,3.5,36.3,33.3,35.7,28.75,Moderate,0
2021-06-19 06:00:00,34.4,68.8,3.6,616.0,1004.2,0.1,37.4,34.0,42.0,36.61,Moderate,0
2021-06-19 12:00:00,35.2,69.0,4.9,465.0,999.7,1.0,38.1,34.6,43.1,35.95,Moderate,0
2021-06-19 18:00:00,35.7,91.7,6.5,372.0,1014.5,1.6,39.5,35.7,48.1,41.04,High,0
2021-06-20 00:00:00,32.4,20.2,15.2,504.0,1001.0,1.4,31.6,30.4,28.7,20.86,Low,0
2021-06-20 06:00:00,44.4,38.6,10.9,346.0,1007.7,0.5,45.0,41.7,50.1,30.22,Moderate,1
2021-06-20 12:00:00,22.8,89.6,9.4,565.0,1005.3,1.2,26.2,24.2,25.2,35.44,Moderate,0
2021-06-20 18:00:00,28.2,89.9,2.7,571.0,1000.3,1.8,32.4,29.1,35.0,39.54,High,0
2021-06-21 00:00:00,33.3,74.0,13.5,615.0,1007.9,1.3,35.4,33.2,39.1,35.85,Moderate,0
2021-06-21 06:00:00,22.5,77.4,2.5,992.0,1012.7,1.7,26.1,24.0,25.0,37.01,Moderate,0
2021-06-21 12:00:00,32.8,26.9,8.1,517.0,1003.2,0.4,33.2,31.0,31.6,23.88,Low,0
2021-06-21 18:00:00,45.6,58.5,11.5,801.0,1000.4,2.7,47.1,43.9,58.4,39.8,High,1
2021-06-22 00:00:00,34.1,37.4,11.8,607.0,1001.6,0.9,34.6,32.6,34.4,27.2,Low,0
2021-06-22 06:00:00,35.6,33.6,10.4,490.0,982.0,6.5,36.0,33.7,36.0,28.29,Moderate,0
2021-06-22 12:00:00,25.2,80.8,10.7,520.0,1007.8,0.0,28.0,26.0,27.6,33.3,Moderate,0
2021-06-22 18:00:00,29.7,30.1,10.1,535.0,992.9,0.7,30.0,28.3,27.9,23.13,Low,0
2021-06-23 00:00:00,31.4,55.1,3.1,620.0,1011.3,0.3,33.8,30.8,35.1,32.04,Moderate,0
2021-06-23 06:00:00,31.8,90.4,2.9,310.0,1004.1,1.2,36.0,32.1,41.2,39.08,High,0
2021-06-23 12:00:00,43.0,33.9,16.2,184.0,1006.1,0.4,42.8,40.1,45.5,26.11,Low,1
2021-06-23 18:00:00,37.9,93.3,16.4,714.0,1012.0,2.0,40.6,38.1,50.9,43.15,High,0
2021-06-24 00:00:00,26.2,94.6,3.9,775.0,995.7,3.2,30.5,27.7,32.0,41.59,High,0
2021-06-24 06:00:00,35.7,61.7,10.5,736.0,1008.7,0.4,37.5,35.0,41.5,35.05,Moderate,0
2021-06-24 12:00:00,37.5,32.8,12.1,589.0,1007.7,0.3,37.7,35.5,38.1,27.18,Low,0
2021-06-24 18:00:00,42.0,43.7,9.4,742.0,1003.2,3.1,43.1,40.1,47.9,34.6,Moderate,1
2021-06-25 00:00:00,45.1,51.8,17.8,728.0,995.7,0.7,45.6,43.1,54.0,35.39,Moderate,1
2021-06-25 06:00:00,26.9,43.2,6.7,747.0,1011.0,0.9,28.3,26.5,26.6,27.48,Low,0
2021-06-25 12:00:00,28.3,41.0,7.1,335.0,1012.0,0.4,29.5,27.2,28.1,24.22,Low,0
2021-06-25 18:00:00,25.2,92.9,17.9,276.0,1006.1,0.8,27.7,26.2,27.5,33.34,Moderate,0
2021-06-26 00:00:00,32.4,31.5,3.1,453.0,994.3,0.4,33.6,30.7,32.8,25.37,Low,0
2021-06-26 06:00:00,37.3,75.0,15.8,546.0,999.7,1.6,39.2,36.7,46.0,37.03,Moderate,0
2021-06-26 12:00:00,40.9,20.0,23.5,490.0,1004.4,1.0,39.1,38.0,37.4,22.73,Low,0
2021-06-26 18:00:00,33.5,64.7,13.3,81.0,1011.9,2.3,35.1,32.5,37.9,30.0,Moderate,0
2021-06-27 00:00:00,31.8,88.7,8.9,980.0,989.2,0.6,35.2,32.7,39.8,42.26,High,0
2021-06-27 06:00:00,35.1,41.6,3.3,481.0,999.4,1.1,36.8,33.5,38.2,29.53,Moderate,0
2021-06-27 12:00:00,28.2,33.9,10.5,593.0,1001.0,0.5,28.6,27.2,26.4,23.69,Low,0
2021-06-27 18:00:00,48.6,68.9,5.3,861.0,1004.2,4.1,51.4,47.0,69.6,45.93,High,1
2021-06-28 00:00:00,22.7,73.4,7.6,50.0,992.0,1.1,25.5,23.0,23.9,27.81,Low,0
2021-06-28 06:00:00,35.3,71.6,12.0,422.0,1002.8,0.3,37.4,34.7,42.4,34.65,Moderate,0
2021-06-28 12:00:00,48.2,43.9,4.7,453.0,1001.9,0.5,49.8,45.4,59.5,35.3,Moderate,1
2021-06-28 18:00:00,34.0,38.9,3.7,466.0,994.6,0.1,35.5,32.4,36.1,27.82,Low,0
2021-06-29 00:00:00,32.7,91.7,6.2,507.0,1003.8,0.0,36.5,33.1,42.4,40.2,High,0
2021-06-29 06:00:00,31.5,89.2,21.9,912.0,999.6,1.1,33.3,32.4,36.8,39.32,High,0
2021-06-29 12:00:00,32.7,54.3,12.1,718.0,1010.0,0.6,34.0,32.0,35.2,31.46,Moderate,0
2021-06-29 18:00:00,43.6,83.5,5.2,790.0,996.1,5.0,47.2,43.0,63.0,47.13,High,1
2021-06-30 00:00:00,18.5,53.9,5.7,562.0,1005.9,0.3,20.5,19.1,17.2,24.98,Low,0
2021-06-30 06:00:00,44.7,51.8,19.4,200.0,996.9,2.4,45.0,42.2,53.0,31.52,Moderate,1
2021-06-30 12:00:00,24.0,31.8,2.9,50.0,999.0,0.6,25.2,22.8,22.6,18.76,Low,0
2021-06-30 18:00:00,32.1,52.0,21.6,168.0,1008.0,0.4,32.1,30.9,32.1,24.52,Low,0
2021-07-01 00:00:00,31.0,60.3,4.6,640.0,1007.3,5.2,33.5,30.7,35.0,34.72,Moderate,0
2021-07-01 06:00:00,38.1,21.7,21.0,558.0,1000.8,2.4,36.7,35.6,34.8,23.4,Low,0
2021-07-01 12:00:00,22.8,53.3,16.1,497.0,1002.3,1.5,23.5,22.9,20.5,24.62,Low,0
2021-07-01 18:00:00,37.2,78.6,4.1,458.0,990.5,1.8,40.6,36.7,48.8,39.64,High,0
2021-07-02 00:00:00,48.2,71.0,14.6,1053.0,1019.0,7.1,50.0,46.9,67.7,46.9,High,1
2021-07-02 06:00:00,24.5,67.6,2.3,344.0,1011.9,1.3,27.6,24.8,26.9,30.5,Moderate,0
2021-07-02 12:00:00,35.3,88.2,18.2,782.0,1011.5,0.2,37.5,35.6,44.3,40.23,High,0
2021-07-02 18:00:00,29.4,21.4,4.1,550.0,989.0,0.1,30.0,27.8,27.5,21.92,Low,0
2021-07-03 00:00:00,37.0,61.8,18.3,535.0,999.0,1.6,37.9,36.0,42.2,33.01,Moderate,0
2021-07-03 06:00:00,34.1,79.1,3.1,844.0,1001.7,1.6,37.7,34.3,43.4,41.39,High,0
2021-07-03 12:00:00,29.5,60.6,4.3,916.0,985.7,2.1,32.0,29.6,32.9,35.17,Moderate,0
2021-07-03 18:00:00,37.4,44.3,25.1,490.0,1013.9,0.2,36.6,35.7,37.9,26.63,Low,0
2021-07-04 00:00:00,46.6,30.2,13.0,750.0,1019.5,4.3,46.6,43.7,50.4,33.05,Moderate,1
2021-07-04 06:00:00,32.7,86.6,4.6,641.0,1025.6,1.2,36.5,33.1,41.9,40.67,High,0
2021-07-04 12:00:00,39.0,55.3,11.3,552.0,994.5,1.6,40.4,37.6,45.5,33.82,Moderate,0
2021-07-04 18:00:00,24.9,85.9,11.1,601.0,1006.2,0.1,27.9,26.0,27.6,35.0,Moderate,0
2021-07-05 00:00:00,27.3,63.9,7.9,378.0,1018.2,4.9,29.5,27.2,29.4,31.23,Moderate,0
2021-07-05 06:00:00,37.3,70.6,11.0,473.0,1002.5,1.2,39.5,36.5,46.0,36.2,Moderate,0
2021-07-05 12:00:00,44.4,80.3,19.6,405.0,999.3,1.2,46.1,43.2,61.1,39.59,High,1
2021-07-05 18:00:00,36.5,69.4,15.8,775.0,986.3,4.3,38.1,36.1,43.4,37.93,Moderate,0
2021-07-06 00:00:00,31.8,49.9,13.4,526.0,1016.3,4.0,32.7,30.9,32.9,29.45,Moderate,0
2021-07-06 06:00:00,34.0,58.5,4.5,226.0,1004.8,0.4,36.4,32.9,39.4,30.86,Moderate,0
2021-07-06 12:00:00,25.2,80.2,3.0,369.0,997.7,4.0,28.8,25.9,29.1,34.96,Moderate,0
2021-07-06 18:00:00,38.2,48.0,8.9,50.0,1007.8,2.0,39.5,36.1,43.0,28.48,Moderate,0
2021-07-07 00:00:00,40.2,49.1,16.1,426.0,1006.5,0.0,40.7,38.3,45.1,30.34,Moderate,0
2021-07-07 06:00:00,30.8,27.2,1.4,559.0,1006.7,0.4,32.0,29.2,30.5,24.71,Low,0
2021-07-07 12:00:00,30.7,88.6,6.5,516.0,1002.8,0.8,34.3,31.2,38.3,38.82,High,0
2021-07-07 18:00:00,35.9,26.8,12.8,1045.0,1021.2,1.3,35.7,34.3,34.6,28.59,Moderate,0
2021-07-08 00:00:00,30.9,68.6,21.3,694.0,1003.7,1.8,31.8,30.9,32.8,32.63,Moderate,0
2021-07-08 06:00:00,33.5,51.0,8.8,683.0,1021.2,0.4,35.0,32.6,36.5,31.33,Moderate,0
2021-07-08 12:00:00,48.7,50.4,6.2,139.0,1010.6,2.7,50.5,45.7,62.6,35.26,Moderate,1
2021-07-08 18:00:00,32.3,71.0,9.4,459.0,1008.5,2.8,34.7,32.0,37.8,34.83,Moderate,0
2021-07-09 00:00:00,31.5,25.0,13.4,428.0,1003.9,1.5,31.1,29.7,28.7,21.48,Low,0
2021-07-09 06:00:00,29.5,64.5,2.1,353.0,1014.7,3.8,32.5,29.2,33.8,32.96,Moderate,0
2021-07-09 12:00:00,39.2,77.9,4.4,350.0,1006.1,2.5,42.6,38.4,52.4,39.74,High,0
2021-07-09 18:00:00,32.7,82.1,4.8,98.0,995.7,0.4,36.2,32.4,41.1,35.16,Moderate,0
2021-07-10 00:00:00,29.5,32.8,7.1,231.0,995.3,2.4,30.3,27.9,28.6,22.63,Low,0
2021-07-10 06:00:00,43.2,87.3,18.8,769.0,1009.2,4.6,45.3,42.7,60.6,44.88,High,1
2021-07-10 12:00:00,43.9,69.2,4.0,514.0,995.9,0.2,46.9,42.4,59.7,40.18,High,1
2021-07-10 18:00:00,29.8,86.1,5.5,423.0,1004.4,5.8,33.4,30.3,36.6,39.04,High,0
2021-07-11 00:00:00,20.9,56.4,2.9,549.0,1015.6,0.0,23.4,21.3,20.9,27.04,Low,0
2021-07-11 06:00:00,41.1,60.7,7.2,842.0,1008.0,1.1,43.3,40.0,51.3,38.93,High,1
2021-07-11 12:00:00,29.2,88.9,7.7,551.0,997.8,2.2,32.7,29.9,35.6,38.73,High,0
2021-07-11 18:00:00,39.5,87.5,8.2,685.0,1019.1,2.3,42.9,39.3,54.6,43.95,High,0
2021-07-12 00:00:00,20.2,53.6,35.0,338.0,1010.5,2.0,18.7,20.4,13.6,18.73,Low,0
2021-07-12 06:00:00,40.2,40.6,16.0,395.0,1015.2,1.1,40.3,38.0,43.0,28.39,Moderate,0
2021-07-12 12:00:00,25.5,49.5,9.1,638.0,982.3,1.6,26.9,25.3,25.0,27.38,Low,0
2021-07-12 18:00:00,39.1,49.1,13.3,1023.0,1008.3,1.8,40.0,37.9,43.9,35.51,Moderate,0
2021-07-13 00:00:00,34.1,41.5,5.9,907.0,1013.4,1.0,35.5,33.0,36.3,31.69,Moderate,0
2021-07-13 06:00:00,27.3,40.1,31.8,696.0,1022.0,1.4,25.5,26.7,21.9,21.66,Low,0
2021-07-13 12:00:00,31.2,84.6,16.5,588.0,990.4,2.8,33.4,31.6,36.6,37.28,Moderate,0
2021-07-13 18:00:00,38.8,25.2,15.0,900.0,1017.1,0.6,38.3,36.7,37.6,27.72,Low,0
2021-07-14 00:00:00,34.7,70.8,21.8,749.0,1021.4,1.1,35.6,34.5,39.3,34.96,Moderate,0
2021-07-14 06:00:00,38.1,33.0,27.0,50.0,984.8,0.0,36.5,35.5,36.1,20.37,Low,0
2021-07-14 12:00:00,47.8,45.8,4.1,287.0,1009.8,1.7,49.6,44.9,59.6,34.89,Moderate,1
2021-07-14 18:00:00,23.1,24.6,20.1,635.0,1011.2,0.3,21.9,22.3,17.5,17.39,Low,0
2021-07-15 00:00:00,45.3,40.2,12.6,103.0,1001.7,1.0,45.8,42.3,51.7,29.04,Moderate,1
2021-07-15 06:00:00,34.7,77.6,11.4,326.0,1000.1,0.4,37.2,34.3,42.6,35.32,Moderate,0
2021-07-15 12:00:00,27.7,86.4,24.8,375.0,1011.7,0.0,29.0,28.3,29.4,31.92,Moderate,0
2021-07-15 18:00:00,24.7,36.6,4.4,486.0,998.9,1.0,26.0,24.0,23.6,23.38,Low,0
2021-07-16 00:00:00,32.7,54.8,9.2,478.0,1002.8,0.8,34.3,31.8,35.8,30.44,Moderate,0
2021-07-16 06:00:00,40.5,55.3,8.3,478.0,1013.1,0.8,42.3,38.9,48.7,34.25,Moderate,1
2021-07-16 12:00:00,33.1,85.5,12.5,756.0,1022.5,0.4,35.9,33.5,40.9,39.58,High,0
2021-07-16 18:00:00,44.6,77.2,12.9,484.0,1010.4,4.4,46.9,43.3,61.9,41.96,High,1
2021-07-17 00:00:00,23.8,58.5,19.6,454.0,1006.3,0.0,24.4,23.9,21.7,24.82,Low,0
2021-07-17 06:00:00,33.9,70.3,9.8,213.0,999.8,3.3,36.2,33.2,40.2,33.62,Moderate,0
2021-07-17 12:00:00,25.2,83.6,26.1,806.0,994.9,2.0,26.2,26.4,24.9,33.76,Moderate,0
2021-07-17 18:00:00,36.5,20.7,13.5,382.0,1016.1,0.3,35.9,34.0,34.0,21.87,Low,0
2021-07-18 00:00:00,40.2,50.2,4.1,278.0,1003.5,1.0,42.2,38.2,47.7,32.26,Moderate,1
2021-07-18 06:00:00,31.1,88.0,6.1,603.0,1016.5,6.7,34.8,31.7,39.0,41.64,High,0
2021-07-18 12:00:00,18.0,75.5,15.0,358.0,1001.7,1.5,20.0,19.2,16.2,27.18,Low,0
2021-07-18 18:00:00,35.4,60.7,12.8,419.0,998.5,0.2,36.9,34.4,40.4,31.76,Moderate,0
2021-07-19 00:00:00,37.1,59.7,12.4,615.0,1009.2,0.9,38.6,36.1,43.1,34.07,Moderate,0
2021-07-19 06:00:00,36.8,46.1,28.6,468.0,1004.2,0.9,35.7,35.2,36.6,26.19,Low,0
2021-07-19 12:00:00,42.7,59.0,18.3,1100.0,992.9,2.4,43.5,41.6,51.6,39.4,High,1
2021-07-19 18:00:00,26.5,69.2,7.0,531.0,1023.2,3.7,29.1,26.8,29.0,33.1,Moderate,0
2021-07-20 00:00:00,38.8,51.4,8.5,704.0,998.7,0.1,40.3,37.4,44.8,33.92,Moderate,0
2021-07-20 06:00:00,42.3,73.6,6.7,65.0,1014.3,0.6,45.2,40.7,57.1,36.79,Moderate,1
2021-07-20 12:00:00,21.5,84.6,4.9,335.0,1013.4,0.5,25.1,22.6,23.7,32.53,Moderate,0
2021-07-20 18:00:00,36.2,31.6,29.9,278.0,992.4,8.3,34.2,34.0,32.6,23.2,Low,0
2021-07-21 00:00:00,30.5,53.9,12.8,311.0,995.0,1.2,31.7,29.6,31.8,27.39,Low,0
2021-07-21 06:00:00,33.4,50.6,3.5,654.0,1002.0,3.2,35.5,32.5,37.3,33.01,Moderate,0
2021-07-21 12:00:00,36.4,71.6,24.5,809.0,996.3,0.8,37.0,36.1,41.9,35.73,Moderate,0
2021-07-21 18:00:00,30.6,38.7,5.4,636.0,1022.3,1.9,31.9,29.5,31.1,27.8,Low,0
2021-07-22 00:00:00,29.3,68.0,11.3,493.0,1003.0,0.5,31.3,29.2,32.2,31.8,Moderate,0
2021-07-22 06:00:00,34.2,85.8,10.1,392.0,1013.9,3.6,37.3,34.2,43.4,39.02,High,0
2021-07-22 12:00:00,26.4,51.4,2.6,828.0,1010.1,0.9,28.7,26.4,27.7,30.74,Moderate,0
2021-07-22 18:00:00,26.4,88.3,1.5,1068.0,1007.6,2.4,30.6,27.9,32.1,42.5,High,0
2021-07-23 00:00:00,38.8,94.5,16.1,584.0,1005.4,0.4,41.6,38.8,53.2,42.39,High,0
2021-07-23 06:00:00,26.0,28.0,21.0,785.0,1017.4,1.8,24.9,25.2,21.0,21.02,Low,0
2021-07-23 12:00:00,38.7,37.5,11.8,636.0,996.7,0.8,39.2,36.8,40.9,29.48,Moderate,0
2021-07-23 18:00:00,37.2,91.3,35.0,739.0,1022.3,0.0,37.6,37.4,45.4,38.11,High,0
2021-07-24 00:00:00,21.9,91.9,5.8,259.0,992.1,0.8,25.8,23.2,24.7,33.89,Moderate,0
2021-07-24 06:00:00,29.3,27.3,2.0,428.0,1012.8,1.2,30.4,27.8,28.6,23.24,Low,0
2021-07-24 12:00:00,42.4,21.1,13.0,649.0,990.9,0.2,41.9,39.5,41.7,26.69,Low,0
2021-07-24 18:00:00,27.1,32.1,4.3,853.0,1001.8,0.3,28.2,26.4,26.1,25.86,Low,0
2021-07-25 00:00:00,30.7,94.7,9.2,345.0,1005.9,0.9,34.3,31.3,38.7,38.55,High,0
2021-07-25 06:00:00,37.2,33.5,18.5,50.0,1000.1,0.6,36.7,34.7,36.6,22.0,Low,0
2021-07-25 12:00:00,39.5,57.7,6.3,425.0,1003.2,0.9,41.6,38.0,47.9,34.44,Moderate,0
2021-07-25 18:00:00,32.2,83.6,9.2,803.0,991.1,0.9,35.3,32.7,39.6,39.89,High,0
2021-07-26 00:00:00,29.8,21.5,20.4,154.0,995.1,0.2,28.4,27.7,24.8,15.93,Low,0
2021-07-26 06:00:00,44.0,65.3,8.3,256.0,1010.0,0.3,46.3,42.1,57.9,36.49,Moderate,1
2021-07-26 12:00:00,46.2,40.8,13.0,589.0,1005.3,2.8,46.7,43.6,53.3,33.79,Moderate,1
2021-07-26 18:00:00,40.9,84.7,14.2,521.0,998.1,0.3,43.4,40.3,55.7,40.75,High,1
2021-07-27 00:00:00,34.6,41.3,8.4,699.0,1018.2,1.6,35.7,33.3,36.4,30.02,Moderate,0
2021-07-27 06:00:00,28.3,71.5,8.6,243.0,992.8,0.8,30.8,28.2,31.7,30.99,Moderate,0
2021-07-27 12:00:00,28.2,70.6,9.4,469.0,1001.4,5.2,30.6,28.3,31.3,33.8,Moderate,0
2021-07-27 18:00:00,37.7,36.6,5.8,849.0,999.9,0.1,38.8,36.1,40.4,31.36,Moderate,0
2021-07-28 00:00:00,36.9,22.6,12.6,252.0,1011.2,2.7,36.5,34.3,35.1,22.57,Low,0
2021-07-28 06:00:00,43.8,50.7,5.9,919.0,1005.5,1.0,45.6,42.1,53.7,38.45,High,1
2021-07-28 12:00:00,38.6,41.7,6.5,283.0,1003.9,0.0,39.9,36.5,42.7,28.62,Moderate,0
2021-07-28 18:00:00,23.5,80.7,4.4,762.0,986.6,0.5,27.0,24.7,26.3,35.76,Moderate,0
2021-07-29 00:00:00,41.4,80.0,21.4,457.0,1013.7,0.8,42.8,40.5,54.1,38.06,High,1
2021-07-29 06:00:00,27.0,54.3,3.1,264.0,1002.8,0.6,29.3,26.5,28.8,27.3,Low,0
2021-07-29 12:00:00,31.3,65.5,29.1,426.0,1006.2,0.7,31.1,30.9,31.5,28.08,Moderate,0
2021-07-29 18:00:00,35.8,65.3,8.8,686.0,997.5,3.7,38.0,35.2,42.7,37.12,Moderate,0
2021-07-30 00:00:00,48.0,82.0,7.0,548.0,995.9,0.7,51.3,46.6,72.7,45.06,High,1
2021-07-30 06:00:00,50.0,51.9,4.4,830.0,1020.0,0.8,52.1,47.6,66.2,41.1,High,1
2021-07-30 12:00:00,38.2,40.7,4.8,909.0,987.3,2.1,39.7,36.7,42.2,33.96,Moderate,0
2021-07-30 18:00:00,32.7,39.9,5.9,254.0,994.5,2.4,34.0,31.1,34.0,26.26,Low,0
2021-07-31 00:00:00,37.7,60.2,35.0,236.0,1019.8,0.1,36.5,36.3,39.8,26.82,Low,0
2021-07-31 06:00:00,40.2,53.7,5.9,224.0,1011.4,1.8,42.2,38.3,48.2,32.65,Moderate,1
2021-07-31 12:00:00,31.8,53.0,13.3,325.0,1001.7,1.0,32.9,30.8,33.4,27.69,Low,0
2021-07-31 18:00:00,46.6,26.8,8.0,826.0,1017.5,0.2,47.0,43.7,50.2,32.34,Moderate,1
2021-08-01 00:00:00,35.6,73.9,30.6,690.0,1009.5,0.5,35.6,35.3,39.8,33.72,Moderate,0
2021-08-01 06:00:00,37.5,36.0,11.1,414.0,1007.3,0.1,38.0,35.4,39.0,26.8,Low,0
2021-08-01 12:00:00,38.7,34.8,3.6,547.0,1007.3,0.7,40.0,36.6,41.9,29.74,Moderate,0
2021-08-01 18:00:00,37.0,51.0,6.7,901.0,1009.7,0.4,38.7,36.0,42.2,34.96,Moderate,0
2021-08-02 00:00:00,39.9,37.1,35.0,1027.0,1010.1,0.7,37.6,38.2,38.0,28.18,Moderate,0
2021-08-02 06:00:00,29.7,63.8,16.5,615.0,1027.0,1.3,30.9,29.6,31.2,31.08,Moderate,0
2021-08-02 12:00:00,30.1,47.9,9.2,50.0,1003.1,2.0,31.4,28.8,31.0,24.76,Low,0
2021-08-02 18:00:00,26.3,53.7,4.6,624.0,1003.4,1.4,28.4,26.2,27.5,29.51,Moderate,0
2021-08-03 00:00:00,37.1,60.3,5.0,784.0,992.6,1.7,39.5,36.3,44.6,37.24,Moderate,0
2021-08-03 06:00:00,39.5,35.3,4.0,606.0,1004.5,3.0,40.8,37.4,43.1,31.4,Moderate,0
2021-08-03 12:00:00,37.2,31.7,2.4,732.0,1023.6,3.1,38.5,35.3,39.3,30.76,Moderate,0
2021-08-03 18:00:00,45.7,86.0,15.8,639.0,1014.8,3.0,48.1,44.8,66.7,44.75,High,1
2021-08-04 00:00:00,34.0,52.5,14.0,241.0,999.6,0.2,34.9,32.7,36.5,27.5,Low,0
2021-08-04 06:00:00,38.7,50.9,10.5,328.0,1005.3,0.4,40.0,36.9,44.2,30.64,Moderate,0
2021-08-04 12:00:00,26.4,22.7,23.3,470.0,992.0,1.0,24.7,25.0,20.4,16.77,Low,0
2021-08-04 18:00:00,31.3,57.3,15.4,816.0,995.3,0.7,32.3,31.0,32.9,31.7,Moderate,0
2021-08-05 00:00:00,38.9,61.6,2.9,359.0,1006.5,0.2,41.6,37.5,48.4,35.09,Moderate,0
2021-08-05 06:00:00,39.9,61.9,9.5,664.0,1000.1,0.5,41.9,38.7,49.0,36.68,Moderate,0
2021-08-05 12:00:00,31.9,73.0,17.1,626.0,994.6,5.6,33.5,31.9,35.9,35.84,Moderate,0
2021-08-05 18:00:00,33.5,33.3,9.6,947.0,1009.9,0.6,34.0,32.3,33.3,28.79,Moderate,0
2021-08-06 00:00:00,23.4,38.9,10.3,540.0,1004.2,0.8,24.1,23.0,21.1,22.52,Low,0
2021-08-06 06:00:00,31.5,80.8,2.4,111.0,989.3,0.0,35.3,31.3,39.3,34.73,Moderate,0
2021-08-06 12:00:00,40.2,91.0,6.0,712.0,984.2,1.9,44.0,40.1,57.3,45.64,High,1
2021-08-06 18:00:00,38.0,30.2,13.3,1085.0,999.3,0.8,37.9,36.3,38.0,30.41,Moderate,0
2021-08-07 00:00:00,37.5,57.3,8.5,728.0,989.1,0.2,39.3,36.5,44.0,35.03,Moderate,0
2021-08-07 06:00:00,34.3,36.1,2.7,353.0,986.3,5.2,35.8,32.5,36.2,28.39,Moderate,0
2021-08-07 12:00:00,34.0,24.5,16.9,280.0,1016.3,2.3,33.2,31.7,31.0,20.95,Low,0
2021-08-07 18:00:00,29.4,44.4,8.3,312.0,1004.0,1.9,30.6,28.3,29.8,25.67,Low,0
2021-08-08 00:00:00,38.9,30.8,10.1,1051.0,1002.3,4.8,39.2,37.1,40.0,32.75,Moderate,0
2021-08-08 06:00:00,36.9,73.2,2.9,468.0,1003.1,0.8,40.2,36.2,47.4,38.12,High,0
2021-08-08 12:00:00,37.4,60.0,2.1,384.0,993.6,1.9,40.1,36.1,45.6,34.96,Moderate,0
2021-08-08 18:00:00,30.3,30.8,10.5,510.0,1009.1,0.3,30.6,28.9,28.6,23.16,Low,0
2021-08-09 00:00:00,18.9,20.7,21.4,471.0,1003.7,1.8,17.4,18.2,12.2,13.56,Low,0
2021-08-09 06:00:00,41.7,80.6,16.6,942.0,997.4,0.0,43.7,41.3,55.8,42.66,High,1
2021-08-09 12:00:00,30.6,33.2,15.0,296.0,998.9,0.2,30.5,29.0,28.5,21.36,Low,0
2021-08-09 18:00:00,28.0,65.5,11.2,845.0,992.7,0.8,29.9,28.3,30.0,33.35,Moderate,0
2021-08-10 00:00:00,38.9,45.3,3.4,581.0,1000.9,0.0,40.8,37.2,44.6,32.51,Moderate,0
2021-08-10 06:00:00,31.3,63.9,1.2,852.0,1002.6,0.9,34.4,31.3,36.7,36.52,Moderate,0
2021-08-10 12:00:00,41.4,43.7,35.0,946.0,1000.7,1.1,39.4,39.7,42.0,30.04,Moderate,0
2021-08-10 18:00:00,38.3,26.5,8.2,571.0,1005.6,1.5,38.6,36.0,38.6,27.03,Low,0
2021-08-11 00:00:00,38.8,36.7,6.2,471.0,1004.2,0.2,39.9,36.7,41.9,29.0,Moderate,0
2021-08-11 06:00:00,24.4,34.1,10.0,567.0,1007.3,0.3,24.9,23.7,21.9,21.86,Low,0
2021-08-11 12:00:00,42.5,52.1,4.4,526.0,1014.4,1.4,44.6,40.6,52.1,35.7,Moderate,1
2021-08-11 18:00:00,35.8,69.4,6.7,136.0,1010.9,1.6,38.5,34.8,43.9,33.7,Moderate,0
2021-08-12 00:00:00,31.4,39.8,28.6,938.0,1014.5,0.0,30.0,30.6,27.9,25.39,Low,0
2021-08-12 06:00:00,35.0,20.9,12.2,611.0,996.5,1.2,34.6,32.8,32.5,23.54,Low,0
2021-08-12 12:00:00,21.6,58.9,14.2,259.0,999.9,2.3,22.8,21.8,19.8,24.35,Low,0
2021-08-12 18:00:00,36.9,65.4,8.8,50.0,1011.5,0.1,39.1,35.5,44.6,31.6,Moderate,0
2021-08-13 00:00:00,26.8,92.2,19.7,50.0,1011.7,0.8,29.0,27.4,29.7,31.82,Moderate,0
2021-08-13 06:00:00,24.5,64.2,19.3,743.0,998.2,0.6,25.4,25.0,23.2,29.0,Moderate,0
2021-08-13 12:00:00,23.3,55.3,8.1,395.0,1011.1,3.7,25.1,23.3,22.9,26.95,Low,0
2021-08-13 18:00:00,41.8,63.0,9.6,436.0,995.6,0.3,43.8,40.3,52.7,36.01,Moderate,1
2021-08-14 00:00:00,29.6,89.6,21.8,672.0,1009.8,0.6,31.5,30.4,33.6,36.61,Moderate,0
2021-08-14 06:00:00,44.7,82.1,10.0,421.0,1004.7,3.4,47.6,43.5,64.2,42.99,High,1
2021-08-14 12:00:00,30.2,44.2,7.4,687.0,991.2,0.6,31.5,29.4,31.0,28.52,Moderate,0
2021-08-14 18:00:00,22.0,37.8,7.8,574.0,1000.7,1.1,23.0,21.7,19.8,22.48,Low,0
2021-08-15 00:00:00,26.2,39.7,6.7,529.0,1026.8,0.1,27.4,25.5,25.3,24.38,Low,0
2021-08-15 06:00:00,42.7,57.8,9.9,157.0,1007.0,6.3,44.4,40.6,52.9,35.07,Moderate,1
2021-08-15 12:00:00,32.9,75.8,6.9,345.0,1028.0,2.6,35.9,32.6,40.0,35.87,Moderate,0
2021-08-15 18:00:00,30.2,57.7,9.9,701.0,990.6,1.5,31.9,29.9,32.4,31.82,Moderate,0
2021-08-16 00:00:00,35.1,25.1,5.5,379.0,1012.5,0.1,35.7,32.8,34.7,23.85,Low,0
2021-08-16 06:00:00,37.5,74.3,12.3,851.0,979.7,0.1,39.7,37.2,46.9,39.41,High,0
2021-08-16 12:00:00,41.8,80.4,13.6,1100.0,1005.0,1.2,44.2,41.5,56.6,44.86,High,1
2021-08-16 18:00:00,44.1,41.7,15.2,714.0,1011.3,0.5,44.4,41.9,49.7,32.76,Moderate,1
2021-08-17 00:00:00,31.5,69.8,13.8,923.0,1013.4,1.5,33.3,31.7,35.4,36.31,Moderate,0
2021-08-17 06:00:00,24.7,52.0,18.7,730.0,997.0,1.4,25.1,24.8,22.4,26.34,Low,0
2021-08-17 12:00:00,31.1,86.7,10.4,416.0,1015.4,2.7,34.2,31.4,38.0,37.66,Moderate,0
2021-08-17 18:00:00,35.8,83.4,9.8,600.0,999.7,0.5,38.8,35.7,46.0,39.67,High,0
2021-08-18 00:00:00,27.3,59.4,6.1,1053.0,1003.4,1.3,29.5,27.7,29.2,34.27,Moderate,0
2021-08-18 06:00:00,27.3,71.9,16.2,419.0,1000.7,2.3,29.0,27.5,28.7,30.97,Moderate,0
2021-08-18 12:00:00,36.4,86.3,6.4,290.0,993.6,1.0,39.9,36.1,48.4,39.2,High,0
2021-08-18 18:00:00,33.7,57.2,2.0,266.0,1020.7,2.7,36.3,32.6,39.1,32.01,Moderate,0
2021-08-19 00:00:00,34.2,43.5,5.9,496.0,1005.5,0.2,35.7,32.8,36.7,28.88,Moderate,0
2021-08-19 06:00:00,28.7,76.5,17.0,299.0,1015.9,2.0,30.5,28.8,31.3,31.58,Moderate,0
2021-08-19 12:00:00,32.4,36.5,14.8,969.0,1015.4,4.3,32.4,31.4,31.4,29.52,Moderate,0
2021-08-19 18:00:00,27.5,49.1,11.5,604.0,995.3,0.6,28.6,27.1,27.2,27.09,Low,0
2021-08-20 00:00:00,40.2,84.9,35.0,793.0,1017.2,0.7,40.2,39.9,50.2,38.51,High,0
2021-08-20 06:00:00,41.2,74.3,12.4,475.0,1010.0,0.1,43.4,40.2,54.0,38.23,High,1
2021-08-20 12:00:00,21.1,50.3,5.1,265.0,994.6,1.5,23.0,21.0,20.3,23.56,Low,0
2021-08-20 18:00:00,27.5,36.1,4.8,223.0,1009.5,1.2,28.7,26.2,26.9,22.53,Low,0
2021-08-21 00:00:00,23.5,46.7,13.8,323.0,994.8,0.1,24.2,23.1,21.3,21.95,Low,0
2021-08-21 06:00:00,29.4,41.3,24.0,637.0,1021.1,2.1,28.6,28.5,26.3,24.27,Low,0
2021-08-21 12:00:00,33.4,33.2,9.7,680.0,1013.1,2.7,33.9,31.9,33.1,27.44,Low,0
2021-08-21 18:00:00,23.9,75.7,12.6,701.0,1004.3,3.6,26.2,24.9,24.8,33.68,Moderate,0
2021-08-22 00:00:00,27.5,38.9,13.1,178.0,1017.6,1.2,27.9,26.3,25.7,21.24,Low,0
2021-08-22 06:00:00,27.0,54.1,35.0,550.0,989.2,0.9,25.5,26.7,22.5,23.12,Low,0
2021-08-22 12:00:00,35.5,48.9,18.0,293.0,997.5,3.1,35.8,34.0,37.3,27.88,Low,0
2021-08-22 18:00:00,34.5,93.7,20.9,650.0,1002.5,0.8,36.7,35.0,43.3,39.93,High,0
2021-08-23 00:00:00,28.9,49.3,5.0,670.0,1027.4,1.6,30.8,28.4,30.4,29.91,Moderate,0
2021-08-23 06:00:00,35.2,26.0,6.4,257.0,994.3,1.4,35.7,32.8,34.8,23.48,Low,0
2021-08-23 12:00:00,30.2,26.7,6.0,792.0,987.9,0.7,30.8,28.9,28.8,25.25,Low,0
2021-08-23 18:00:00,32.1,64.3,8.2,1100.0,990.6,0.1,34.3,32.2,36.6,37.16,Moderate,0
2021-08-24 00:00:00,45.7,65.0,10.3,759.0,1014.1,0.0,47.7,44.2,60.9,40.45,High,1
2021-08-24 06:00:00,43.4,51.4,12.0,509.0,999.1,0.8,44.5,41.4,52.0,34.08,Moderate,1
2021-08-24 12:00:00,24.9,52.4,9.2,471.0,1003.4,1.0,26.4,24.7,24.5,26.35,Low,0
2021-08-24 18:00:00,39.8,24.0,5.9,498.0,1012.6,2.6,40.3,37.2,40.4,27.38,Low,0
2021-08-25 00:00:00,39.7,58.7,4.1,360.0,1003.4,0.8,42.1,38.1,48.9,34.7,Moderate,0
2021-08-25 06:00:00,26.0,57.9,12.9,613.0,1007.0,0.5,27.3,26.0,25.9,28.37,Moderate,0
2021-08-25 12:00:00,39.7,31.2,15.5,265.0,1010.4,0.9,39.4,37.1,40.1,24.87,Low,0
2021-08-25 18:00:00,44.8,27.8,8.5,78.0,1000.7,0.4,45.2,41.4,47.8,26.14,Low,1
2021-08-26 00:00:00,26.1,29.3,2.4,605.0,1003.3,0.1,27.3,25.1,24.9,23.16,Low,0
2021-08-26 06:00:00,27.6,27.6,17.9,555.0,1007.4,0.2,26.8,26.4,23.5,19.97,Low,0
2021-08-26 12:00:00,41.1,65.7,8.2,407.0,1013.7,0.6,43.4,39.7,52.4,36.54,Moderate,1
2021-08-26 18:00:00,35.9,34.7,3.1,229.0,997.1,0.0,37.3,33.8,38.0,25.93,Low,0
2021-08-27 00:00:00,37.9,38.9,9.6,622.0,974.8,0.4,38.7,36.1,40.5,29.66,Moderate,0
2021-08-27 06:00:00,36.4,33.0,18.7,302.0,1011.8,2.3,35.8,34.2,35.4,23.96,Low,0
2021-08-27 12:00:00,36.7,91.8,7.2,515.0,1014.3,0.4,40.4,36.8,49.9,42.03,High,0
2021-08-27 18:00:00,24.7,84.1,0.9,991.0,1007.0,0.2,28.8,26.2,29.1,39.46,High,0
2021-08-28 00:00:00,41.3,37.3,7.9,713.0,1007.7,4.5,42.2,39.2,45.5,33.25,Moderate,1
2021-08-28 06:00:00,42.2,44.6,5.7,208.0,999.4,1.5,43.7,39.7,49.2,31.08,Moderate,1
2021-08-28 12:00:00,32.4,35.7,10.9,231.0,1010.0,0.1,32.9,30.6,32.0,23.09,Low,0
2021-08-28 18:00:00,33.7,56.9,9.8,588.0,1013.5,0.1,35.4,32.9,37.6,31.87,Moderate,0
2021-08-29 00:00:00,23.3,21.5,6.7,206.0,1005.6,1.4,23.6,21.9,20.0,16.56,Low,0
2021-08-29 06:00:00,37.6,70.4,6.4,50.0,1029.9,1.2,40.4,36.4,47.4,34.04,Moderate,0
2021-08-29 12:00:00,38.0,59.2,22.3,683.0,989.4,0.1,38.3,37.0,42.6,32.6,Moderate,0
2021-08-29 18:00:00,33.6,87.4,13.7,630.0,1006.6,0.4,36.3,33.9,41.9,39.1,High,0
2021-08-30 00:00:00,41.9,32.3,13.4,663.0,993.3,4.0,41.9,39.5,44.0,30.62,Moderate,0
2021-08-30 06:00:00,31.7,80.3,17.2,616.0,1013.8,1.3,33.7,32.0,36.7,35.98,Moderate,0
2021-08-30 12:00:00,38.0,79.4,8.1,534.0,989.2,0.9,41.0,37.5,49.7,39.65,High,0
2021-08-30 18:00:00,26.9,29.5,26.1,384.0,991.7,0.4,25.2,25.6,21.3,17.28,Low,0
2021-08-31 00:00:00,33.8,49.9,12.1,679.0,998.7,0.2,34.8,32.8,36.1,30.43,Moderate,0
2021-08-31 06:00:00,32.8,32.8,10.5,932.0,1007.7,0.8,33.2,31.6,32.1,28.13,Moderate,0
2021-08-31 12:00:00,35.6,39.1,12.0,425.0,999.0,3.8,36.1,33.8,36.7,27.91,Low,0
2021-08-31 18:00:00,31.4,39.7,7.9,295.0,999.1,0.1,32.4,29.9,31.9,24.72,Low,0
2021-09-01 00:00:00,33.1,61.7,5.9,266.0,1003.2,7.1,35.5,32.2,38.2,33.62,Moderate,0
2021-09-01 06:00:00,39.8,50.9,19.9,333.0,1002.6,0.3,40.0,37.9,44.1,29.26,Moderate,0
2021-09-01 12:00:00,30.9,91.1,3.8,601.0,1019.9,0.8,35.0,31.6,39.5,40.71,High,0
2021-09-01 18:00:00,22.8,29.5,4.1,50.0,1011.9,0.1,23.8,21.6,20.7,17.22,Low,0
2021-09-02 00:00:00,46.2,93.0,9.0,660.0,1001.8,1.3,49.8,45.5,71.6,47.65,High,1
2021-09-02 06:00:00,43.7,37.3,5.0,711.0,1026.0,1.0,45.0,41.3,49.7,33.67,Moderate,1
2021-09-02 12:00:00,25.0,78.0,2.4,100.0,1009.9,1.6,28.6,25.3,28.7,31.58,Moderate,0
2021-09-02 18:00:00,38.8,45.4,4.0,305.0,995.3,1.2,40.6,36.8,44.3,30.72,Moderate,0
2021-09-03 00:00:00,30.5,30.7,5.1,570.0,1007.6,0.8,31.4,29.1,29.9,24.94,Low,0
2021-09-03 06:00:00,35.8,84.3,12.5,514.0,1010.4,2.0,38.5,35.7,45.7,39.24,High,0
2021-09-03 12:00:00,36.1,43.2,8.5,680.0,998.1,0.0,37.2,34.7,38.9,30.45,Moderate,0
2021-09-03 18:00:00,32.4,69.4,17.7,515.0,994.5,1.2,33.7,32.1,36.1,32.67,Moderate,0
2021-09-04 00:00:00,28.5,62.5,3.8,866.0,1005.9,0.2,31.2,28.7,31.8,34.26,Moderate,0
2021-09-04 06:00:00,29.2,55.4,4.4,470.0,1001.4,0.9,31.4,28.7,31.7,29.95,Moderate,0
2021-09-04 12:00:00,27.6,57.2,11.2,304.0,1019.8,2.3,29.1,27.1,28.4,27.57,Low,0
2021-09-04 18:00:00,28.2,74.9,5.7,284.0,1012.4,0.2,31.3,28.3,32.5,32.48,Moderate,0
2021-09-05 00:00:00,33.5,26.6,7.6,734.0,998.6,4.1,33.9,31.8,32.5,27.14,Low,0
2021-09-05 06:00:00,29.0,70.1,4.0,557.0,1009.3,3.3,32.0,29.1,33.5,35.11,Moderate,0
2021-09-05 12:00:00,38.8,87.2,3.8,708.0,1017.7,0.8,42.7,38.7,53.9,44.09,High,0
2021-09-05 18:00:00,44.4,24.3,5.5,703.0,991.1,0.0,45.0,41.5,46.7,30.23,Moderate,1
2021-09-06 00:00:00,29.9,30.5,18.4,50.0,994.8,2.3,29.2,28.0,26.6,18.58,Low,0
2021-09-06 06:00:00,35.7,73.7,3.1,265.0,1004.9,3.2,39.0,35.0,45.3,36.98,Moderate,0
2021-09-06 12:00:00,37.5,52.8,19.8,295.0,1005.4,0.3,37.8,35.9,40.8,28.43,Moderate,0
2021-09-06 18:00:00,37.3,50.3,17.3,346.0,1004.5,3.7,37.7,35.7,40.5,29.79,Moderate,0
2021-09-07 00:00:00,34.5,30.3,6.7,445.0,1001.9,3.7,35.2,32.6,34.6,26.39,Low,0
2021-09-07 06:00:00,39.2,58.0,9.8,800.0,1001.7,1.0,40.9,38.1,46.8,36.53,Moderate,0
2021-09-07 12:00:00,37.4,29.5,11.9,850.0,1008.8,2.4,37.4,35.5,37.3,29.04,Moderate,0
2021-09-07 18:00:00,25.3,55.7,15.0,477.0,1016.3,0.9,26.3,25.2,24.3,26.2,Low,0
2021-09-08 00:00:00,40.1,77.3,4.4,487.0,1000.2,1.2,43.4,39.3,54.1,40.56,High,1
2021-09-08 06:00:00,40.2,39.4,16.2,374.0,1029.4,0.6,40.2,37.9,42.7,27.72,Low,0
2021-09-08 12:00:00,28.7,56.1,10.3,572.0,1024.6,0.3,30.3,28.4,30.0,29.28,Moderate,0
2021-09-08 18:00:00,34.3,94.4,4.7,601.0,1018.3,2.1,38.5,34.8,46.2,43.34,High,0
2021-09-09 00:00:00,38.8,71.5,10.4,752.0,1011.2,0.0,41.1,38.2,49.0,38.9,High,0
2021-09-09 06:00:00,32.5,83.1,4.6,750.0,1025.1,1.3,36.1,32.9,41.0,40.56,High,0
2021-09-09 12:00:00,41.5,51.1,9.5,50.0,1002.1,3.0,42.9,39.2,49.1,30.98,Moderate,1
2021-09-09 18:00:00,50.0,77.6,6.9,512.0,996.7,0.4,53.1,48.2,76.1,44.5,High,1
2021-09-10 00:00:00,28.5,23.0,10.8,896.0,999.7,0.6,28.4,27.4,25.3,23.35,Low,0
2021-09-10 06:00:00,24.3,29.2,11.2,440.0,995.0,1.3,24.4,23.3,21.0,19.75,Low,0
2021-09-10 12:00:00,36.1,35.2,21.5,835.0,1006.2,0.4,35.3,34.6,34.8,27.15,Low,0
2021-09-10 18:00:00,39.1,50.1,14.4,473.0,1008.0,2.8,39.9,37.4,43.9,31.77,Moderate,0
2021-09-11 00:00:00,32.4,83.4,12.8,594.0,1007.0,0.7,35.0,32.7,39.2,37.57,Moderate,0
2021-09-11 06:00:00,44.2,46.0,2.2,266.0,1004.9,1.3,46.2,41.7,53.7,33.4,Moderate,1
2021-09-11 12:00:00,24.6,69.1,18.0,275.0,1006.3,0.4,25.9,24.8,24.1,26.95,Low,0
2021-09-11 18:00:00,38.9,73.2,7.1,731.0,1022.4,0.1,41.7,38.3,50.3,39.9,High,0
2021-09-12 00:00:00,29.8,64.0,4.0,770.0,1011.2,0.3,32.5,29.8,33.9,34.49,Moderate,0
2021-09-12 06:00:00,46.0,46.8,32.4,557.0,1014.2,0.1,44.5,43.6,51.2,30.13,Moderate,1
2021-09-12 12:00:00,47.9,63.3,5.7,243.0,1006.9,0.9,50.4,45.6,65.9,38.38,High,1
2021-09-12 18:00:00,28.6,45.7,23.0,561.0,988.8,1.3,28.1,27.9,26.0,24.36,Low,0
2021-09-13 00:00:00,30.2,26.3,12.0,864.0,986.9,0.1,30.1,29.0,27.6,24.28,Low,0
2021-09-13 06:00:00,40.0,94.5,13.8,986.0,1025.8,0.1,43.1,40.3,56.2,46.3,High,1
2021-09-13 12:00:00,31.3,29.5,9.6,471.0,999.7,1.0,31.6,29.7,29.9,23.42,Low,0
2021-09-13 18:00:00,33.7,25.4,4.8,135.0,998.8,2.4,34.4,31.4,33.1,22.41,Low,0
2021-09-14 00:00:00,34.2,85.9,15.5,760.0,1007.5,1.5,36.6,34.5,42.4,39.99,High,0
2021-09-14 06:00:00,20.6,42.6,11.4,481.0,1010.5,0.2,21.4,20.5,17.8,21.32,Low,0
2021-09-14 12:00:00,33.9,68.8,11.3,786.0,1011.8,3.3,36.0,33.7,39.7,37.24,Moderate,0
2021-09-14 18:00:00,29.2,44.7,10.2,620.0,1022.7,3.7,30.2,28.5,29.2,28.22,Moderate,0
2021-09-15 00:00:00,30.5,49.4,8.0,329.0,1020.0,0.6,32.0,29.5,32.0,27.15,Low,0
2021-09-15 06:00:00,44.1,39.7,15.6,565.0,996.9,1.4,44.2,41.6,49.0,31.38,Moderate,1
2021-09-15 12:00:00,25.2,45.7,13.5,877.0,1014.7,1.0,25.9,25.2,23.4,26.99,Low,0
2021-09-15 18:00:00,39.7,50.8,16.8,513.0,1001.2,4.3,40.2,38.0,44.6,32.56,Moderate,0
2021-09-16 00:00:00,32.0,74.0,8.3,291.0,1003.6,1.1,34.7,31.7,38.0,33.81,Moderate,0
2021-09-16 06:00:00,32.0,58.4,7.8,153.0,994.1,4.8,34.0,31.0,35.6,30.27,Moderate,0
2021-09-16 12:00:00,39.5,90.8,6.5,357.0,988.1,0.3,43.3,39.1,55.7,41.96,High,0
2021-09-16 18:00:00,36.4,23.1,10.4,447.0,1004.7,0.6,36.3,34.0,35.0,23.64,Low,0
2021-09-17 00:00:00,38.0,57.7,2.3,755.0,995.4,2.3,40.6,37.0,46.1,37.53,Moderate,0
2021-09-17 06:00:00,40.8,63.8,35.0,270.0,1014.3,2.3,39.8,39.2,46.1,30.14,Moderate,0
2021-09-17 12:00:00,31.7,89.0,6.0,938.0,1002.2,2.0,35.4,32.6,40.2,43.05,High,0
2021-09-17 18:00:00,29.7,23.7,21.1,216.0,1008.1,2.9,28.4,27.8,24.8,17.7,Low,0
2021-09-18 00:00:00,26.4,63.0,7.0,1100.0,1018.7,1.8,28.7,27.1,28.2,35.11,Moderate,0
2021-09-18 06:00:00,28.2,84.0,14.3,981.0,990.1,1.5,30.7,29.3,32.0,38.71,High,0
2021-09-18 12:00:00,50.0,38.1,27.6,585.0,997.8,0.9,48.6,46.9,56.1,31.21,Moderate,1
2021-09-18 18:00:00,42.7,85.7,13.8,138.0,1006.8,0.9,45.3,41.6,60.0,39.23,High,1
2021-09-19 00:00:00,24.5,21.4,26.6,536.0,1008.1,0.8,22.4,23.3,17.5,15.35,Low,0
2021-09-19 06:00:00,24.7,74.9,20.3,453.0,1016.0,1.5,26.0,25.3,24.4,29.7,Moderate,0
2021-09-19 12:00:00,37.4,90.0,4.5,231.0,1013.7,0.8,41.4,37.0,51.5,40.44,High,0
2021-09-19 18:00:00,37.8,69.3,15.7,623.0,1006.0,0.2,39.4,37.1,45.7,35.94,Moderate,0
2021-09-20 00:00:00,37.8,52.9,12.4,344.0,1008.0,0.2,39.0,36.2,42.8,30.4,Moderate,0
2021-09-20 06:00:00,32.2,23.4,5.6,371.0,1008.3,3.9,32.7,30.2,30.8,23.37,Low,0
2021-09-20 12:00:00,33.1,89.0,19.2,499.0,990.3,0.0,35.2,33.4,40.2,37.05,Moderate,0
2021-09-20 18:00:00,36.3,55.3,3.7,406.0,1003.4,0.2,38.6,35.0,42.6,32.53,Moderate,0
2021-09-21 00:00:00,34.6,22.2,18.4,1070.0,1007.5,0.9,33.5,33.0,31.0,25.78,Low,0
2021-09-21 06:00:00,18.5,71.7,15.8,416.0,1009.6,0.5,20.2,19.6,16.5,26.38,Low,0
2021-09-21 12:00:00,32.4,56.1,10.5,660.0,995.8,0.8,33.9,31.8,35.3,31.74,Moderate,0
2021-09-21 18:00:00,28.0,29.3,6.2,586.0,992.3,0.2,28.7,26.8,26.4,23.15,Low,0
2021-09-22 00:00:00,35.2,36.1,15.6,638.0,1002.7,0.2,35.1,33.6,34.9,26.6,Low,0
2021-09-22 06:00:00,50.0,24.8,1.7,657.0,1024.7,2.4,51.0,46.5,55.7,34.13,Moderate,1
2021-09-22 12:00:00,36.6,63.1,5.3,770.0,996.8,2.1,39.1,35.9,44.3,37.7,Moderate,0
2021-09-22 18:00:00,31.8,66.7,9.7,617.0,1016.7,0.2,34.0,31.6,36.2,33.74,Moderate,0
2021-09-23 00:00:00,40.5,57.9,10.5,606.0,1020.8,1.7,42.1,39.1,48.9,35.74,Moderate,1
2021-09-23 06:00:00,37.4,81.3,5.4,565.0,1005.5,1.4,40.8,37.1,49.5,40.8,High,0
2021-09-23 12:00:00,36.9,84.6,5.5,515.0,998.2,1.9,40.5,36.7,49.2,41.18,High,0
2021-09-23 18:00:00,38.2,66.2,14.1,322.0,1010.1,1.0,39.8,37.0,46.0,33.68,Moderate,0
2021-09-24 00:00:00,48.4,21.0,4.6,535.0,1006.9,0.5,48.9,44.8,51.4,30.3,Moderate,1
2021-09-24 06:00:00,26.1,72.1,7.5,610.0,996.4,1.6,28.8,26.6,28.7,33.4,Moderate,0
2021-09-24 12:00:00,37.3,51.3,3.7,651.0,998.4,0.7,39.4,36.0,43.3,34.0,Moderate,0
2021-09-24 18:00:00,27.5,62.4,10.1,595.0,1009.5,0.4,29.4,27.5,29.1,30.56,Moderate,0
2021-09-25 00:00:00,37.9,68.7,8.4,492.0,1014.3,0.8,40.3,37.0,47.1,36.52,Moderate,0
2021-09-25 06:00:00,27.6,46.3,1.6,536.0,1001.8,2.2,29.7,27.0,28.9,28.46,Moderate,0
2021-09-25 12:00:00,31.1,88.8,3.1,412.0,1004.3,1.0,35.2,31.5,39.7,39.02,High,0
2021-09-25 18:00:00,31.9,30.0,21.9,628.0,1011.7,0.5,30.8,30.4,28.3,22.36,Low,0
2021-09-26 00:00:00,40.8,70.4,5.8,495.0,1003.3,2.7,43.6,39.7,53.5,39.46,High,1
2021-09-26 06:00:00,40.4,20.3,12.6,595.0,1002.0,3.2,39.9,37.7,39.0,26.32,Low,0
2021-09-26 12:00:00,25.3,89.3,4.4,800.0,997.4,0.9,29.2,26.7,29.9,39.14,High,0
2021-09-26 18:00:00,34.4,28.4,24.0,373.0,997.3,0.7,32.9,32.3,30.8,20.82,Low,0
2021-09-27 00:00:00,29.0,27.1,2.2,699.0,1031.7,1.4,30.1,27.7,28.1,25.12,Low,0
2021-09-27 06:00:00,25.2,45.0,20.5,558.0,1003.0,0.1,25.0,24.8,22.0,22.71,Low,0
2021-09-27 12:00:00,32.5,48.0,10.5,1055.0,1018.7,1.8,33.6,32.0,34.2,33.07,Moderate,0
2021-09-27 18:00:00,31.8,36.1,15.3,496.0,1021.8,2.3,31.8,30.4,30.4,24.8,Low,0
2021-09-28 00:00:00,50.0,63.9,22.1,724.0,1003.2,0.8,50.5,48.0,67.6,39.76,High,1
2021-09-28 06:00:00,37.0,53.2,11.6,554.0,1008.7,0.3,38.3,35.7,41.7,31.89,Moderate,0
2021-09-28 12:00:00,24.4,22.6,28.1,203.0,1006.0,0.0,22.2,23.0,17.2,12.53,Low,0
2021-09-28 18:00:00,30.0,44.0,21.9,420.0,988.9,1.5,29.6,29.0,27.9,23.8,Low,0
2021-09-29 00:00:00,41.1,80.8,15.0,770.0,989.5,0.5,43.3,40.6,54.9,41.64,High,1
2021-09-29 06:00:00,48.6,71.7,19.7,442.0,1005.5,0.9,49.8,46.7,67.9,39.48,High,1
2021-09-29 12:00:00,22.9,74.4,9.8,50.0,1000.8,0.7,25.4,23.3,23.8,27.56,Low,0
2021-09-29 18:00:00,20.8,72.4,4.8,542.0,1023.9,0.3,23.8,21.8,21.7,30.67,Moderate,0
2021-09-30 00:00:00,47.1,43.3,35.0,277.0,1002.6,1.1,45.1,44.2,51.5,27.48,Low,1
2021-09-30 06:00:00,36.7,27.5,10.3,583.0,1024.5,0.9,36.8,34.6,36.3,26.02,Low,0
2021-09-30 12:00:00,27.9,40.4,12.0,938.0,1000.2,1.5,28.5,27.5,26.6,27.82,Low,0
2021-09-30 18:00:00,37.7,82.4,3.2,742.0,1024.1,0.4,41.4,37.6,50.7,42.63,High,0
2021-10-01 00:00:00,18.0,93.5,23.0,934.0,1010.1,0.4,19.9,20.4,15.9,34.02,Moderate,0
2021-10-01 06:00:00,34.0,57.0,11.8,410.0,1010.6,2.5,35.4,33.0,37.7,31.14,Moderate,0
2021-10-01 12:00:00,36.3,20.7,14.0,514.0,999.9,1.8,35.7,33.9,33.7,23.2,Low,0
2021-10-01 18:00:00,40.5,30.5,15.3,289.0,1010.8,2.2,40.2,37.8,41.1,25.73,Low,0
2021-10-02 00:00:00,26.9,44.2,5.6,379.0,1021.9,0.2,28.4,26.1,27.0,24.95,Low,0
2021-10-02 06:00:00,34.6,63.4,22.6,318.0,1003.6,0.4,35.1,33.7,37.7,29.42,Moderate,0
2021-10-02 12:00:00,27.5,25.6,12.7,223.0,1001.6,1.3,27.3,25.9,24.1,18.36,Low,0
2021-10-02 18:00:00,35.8,90.8,1.7,891.0,1002.5,2.9,40.1,36.3,49.0,46.17,High,0
2021-10-03 00:00:00,27.7,47.4,19.7,50.0,1021.2,3.3,27.7,26.6,25.7,21.9,Low,0
2021-10-03 06:00:00,31.1,88.4,9.2,893.0,1013.6,2.7,34.4,32.0,38.4,41.9,High,0
2021-10-03 12:00:00,27.0,78.5,6.1,862.0,1019.5,0.1,30.2,27.9,31.0,37.05,Moderate,0
2021-10-03 18:00:00,38.6,76.7,2.4,675.0,1008.1,2.6,42.1,38.1,51.4,42.04,High,0
2021-10-04 00:00:00,40.0,65.5,7.5,271.0,1005.4,3.4,42.4,38.6,50.4,36.1,Moderate,1
2021-10-04 06:00:00,32.4,67.0,6.9,154.0,1009.2,0.1,34.9,31.7,37.8,31.14,Moderate,0
2021-10-04 12:00:00,34.3,67.9,21.2,413.0,1015.7,0.8,35.2,33.7,38.3,31.55,Moderate,0
2021-10-04 18:00:00,23.9,67.2,6.5,706.0,1002.5,1.2,26.5,24.6,25.2,31.97,Moderate,0
2021-10-05 00:00:00,31.9,61.5,2.9,551.0,1018.7,0.4,34.6,31.4,36.9,33.42,Moderate,0
2021-10-05 06:00:00,33.6,94.0,14.1,289.0,1008.7,1.1,36.6,33.8,42.9,38.35,High,0
2021-10-05 12:00:00,50.0,74.9,21.8,837.0,980.9,3.3,51.1,48.5,72.1,44.3,High,1
2021-10-05 18:00:00,26.2,78.3,7.8,971.0,1013.8,3.0,29.2,27.3,29.4,38.14,High,0
2021-10-06 00:00:00,44.2,85.4,31.6,493.0,992.3,4.2,44.7,43.3,59.9,40.09,High,1
2021-10-06 06:00:00,41.0,36.2,19.6,577.0,1013.6,1.0,40.5,38.7,42.4,28.26,Moderate,0
2021-10-06 12:00:00,36.0,26.3,23.1,173.0,1014.0,0.8,34.5,33.5,32.6,19.73,Low,0
2021-10-06 18:00:00,46.3,56.2,13.9,446.0,1008.3,1.6,47.4,44.1,58.5,36.01,Moderate,1
2021-10-07 00:00:00,36.6,58.6,12.9,678.0,1010.4,0.8,38.0,35.7,41.9,33.91,Moderate,0
2021-10-07 06:00:00,36.7,82.2,6.2,639.0,1016.0,0.1,40.1,36.5,48.2,40.65,High,0
2021-10-07 12:00:00,33.6,53.3,27.2,423.0,1000.0,1.9,33.0,32.5,33.4,26.84,Low,0
2021-10-07 18:00:00,42.6,62.8,24.4,481.0,1012.9,0.5,42.8,41.0,51.3,33.77,Moderate,1
2021-10-08 00:00:00,41.7,59.5,27.6,438.0,1016.6,0.1,41.4,40.1,48.1,31.44,Moderate,0
2021-10-08 06:00:00,29.6,22.9,9.9,480.0,1022.6,0.0,29.6,27.9,26.8,20.67,Low,0
2021-10-08 12:00:00,24.8,66.1,7.9,656.0,993.9,4.0,27.2,25.3,26.1,32.42,Moderate,0
2021-10-08 18:00:00,32.6,82.1,16.6,58.0,1009.1,0.4,34.7,32.3,38.6,32.45,Moderate,0
2021-10-09 00:00:00,28.4,31.8,7.1,531.0,995.4,0.9,29.1,27.2,27.1,23.61,Low,0
2021-10-09 06:00:00,33.6,64.6,9.9,637.0,995.0,4.5,35.6,33.1,38.7,35.64,Moderate,0
2021-10-09 12:00:00,42.7,64.5,1.9,407.0,1008.6,0.9,45.7,41.1,56.4,38.33,High,1
2021-10-09 18:00:00,30.8,32.3,12.1,430.0,1005.8,0.1,31.0,29.3,29.2,22.78,Low,0
2021-10-10 00:00:00,33.7,29.3,14.9,437.0,1016.5,1.2,33.4,31.8,31.8,23.21,Low,0
2021-10-10 06:00:00,34.4,93.5,23.4,430.0,1001.5,0.1,36.3,34.7,42.6,37.44,Moderate,0
2021-10-10 12:00:00,39.9,49.5,17.0,551.0,1003.7,0.1,40.3,38.2,44.5,31.1,Moderate,0
2021-10-10 18:00:00,18.3,37.1,18.9,582.0,1007.1,2.9,17.9,18.4,13.2,19.11,Low,0
2021-10-11 00:00:00,29.8,32.8,30.3,50.0,996.4,0.5,27.8,28.0,24.4,16.1,Low,0
2021-10-11 06:00:00,35.5,70.1,5.4,713.0,997.8,1.7,38.4,35.1,43.8,38.36,High,0
2021-10-11 12:00:00,42.4,65.7,4.6,478.0,1016.2,1.1,45.1,40.9,55.6,38.55,High,1
2021-10-11 18:00:00,30.6,68.3,11.5,1033.0,999.5,0.4,32.6,31.0,34.2,36.43,Moderate,0
2021-10-12 00:00:00,20.9,26.6,4.2,252.0,1016.8,1.1,21.7,20.0,18.2,17.49,Low,0
2021-10-12 06:00:00,38.3,87.0,12.6,333.0,1011.1,0.1,41.1,37.8,51.1,39.0,High,0
2021-10-12 12:00:00,29.6,49.2,4.3,499.0,989.5,0.6,31.5,28.9,31.5,28.71,Moderate,0
2021-10-12 18:00:00,25.7,43.5,5.1,653.0,1010.3,1.1,27.3,25.3,25.4,26.7,Low,0
2021-10-13 00:00:00,29.6,54.7,2.5,62.0,1010.2,0.4,32.0,28.6,32.6,27.1,Low,0
2021-10-13 06:00:00,32.7,49.3,12.0,343.0,1009.2,1.6,33.7,31.5,34.4,27.77,Low,0
2021-10-13 12:00:00,29.8,84.8,3.4,698.0,1003.6,0.1,33.6,30.5,36.8,39.2,High,0
2021-10-13 18:00:00,18.6,89.7,14.3,313.0,995.6,1.0,21.4,20.2,18.1,30.63,Moderate,0
2021-10-14 00:00:00,40.3,42.8,15.9,893.0,1018.5,1.9,40.5,38.7,43.8,33.02,Moderate,0
2021-10-14 06:00:00,42.9,84.8,5.9,437.0,1004.0,0.8,46.4,42.0,61.7,42.88,High,1
2021-10-14 12:00:00,38.6,78.6,17.4,325.0,996.2,3.1,40.4,37.8,48.9,37.06,Moderate,0
2021-10-14 18:00:00,26.0,89.8,16.1,703.0,1009.6,1.5,28.6,27.2,28.8,36.73,Moderate,0
2021-10-15 00:00:00,32.6,38.4,20.3,952.0,997.6,4.8,32.1,31.6,30.9,29.03,Moderate,0
2021-10-15 06:00:00,34.0,63.3,5.5,654.0,995.5,0.5,36.5,33.5,40.0,35.1,Moderate,0
2021-10-15 12:00:00,38.2,40.6,5.3,865.0,1001.2,4.2,39.6,36.7,42.1,34.24,Moderate,0
2021-10-15 18:00:00,38.7,81.8,15.4,969.0,998.3,1.4,40.9,38.7,50.2,42.54,High,0
2021-10-16 00:00:00,28.9,20.4,11.4,320.0,995.9,2.1,28.6,27.0,25.4,18.96,Low,0
2021-10-16 06:00:00,34.6,62.4,12.1,785.0,1013.1,3.5,36.3,34.1,39.5,35.86,Moderate,0
2021-10-16 12:00:00,37.2,45.4,23.9,169.0,1003.9,1.2,36.6,35.2,38.0,25.0,Low,0
2021-10-16 18:00:00,44.2,44.2,18.2,656.0,1017.5,3.0,44.2,42.0,50.0,33.27,Moderate,1
2021-10-17 00:00:00,38.9,68.4,16.2,532.0,996.5,1.2,40.4,37.9,47.4,35.78,Moderate,0
2021-10-17 06:00:00,39.5,83.9,15.0,861.0,987.7,1.4,41.9,39.3,52.4,42.7,High,0
2021-10-17 12:00:00,34.6,65.7,19.2,843.0,1006.5,0.9,35.6,34.3,38.7,34.79,Moderate,0
2021-10-17 18:00:00,43.9,84.0,8.8,692.0,1023.6,0.2,47.0,43.1,63.2,44.26,High,1
2021-10-18 00:00:00,36.9,39.8,4.1,625.0,1010.3,1.2,38.4,35.2,40.3,30.84,Moderate,0
2021-10-18 06:00:00,28.0,59.0,6.4,677.0,1037.2,5.7,30.2,27.9,30.1,33.14,Moderate,0
2021-10-18 12:00:00,43.8,53.8,5.8,565.0,1008.3,2.3,45.8,41.9,54.6,37.04,Moderate,1
2021-10-18 18:00:00,38.9,20.9,0.7,535.0,1007.4,2.1,39.9,36.3,39.5,27.34,Low,0
2021-10-19 00:00:00,30.9,61.8,15.0,911.0,983.4,1.5,32.2,30.9,33.1,33.71,Moderate,0
2021-10-19 06:00:00,30.6,69.6,8.0,941.0,1009.3,0.6,33.1,30.9,35.1,36.84,Moderate,0
2021-10-19 12:00:00,36.1,64.4,9.0,515.0,1006.7,0.3,38.2,35.3,43.0,34.51,Moderate,0
2021-10-19 18:00:00,37.2,75.2,6.7,609.0,1000.9,0.4,40.2,36.7,47.6,38.91,High,0
2021-10-20 00:00:00,35.4,62.9,10.0,570.0,1003.6,0.0,37.3,34.6,41.3,33.93,Moderate,0
2021-10-20 06:00:00,36.2,25.0,26.2,147.0,1004.3,1.7,34.3,33.6,32.0,19.0,Low,0
2021-10-20 12:00:00,45.9,28.7,2.4,466.0,1003.2,2.5,47.0,42.8,50.9,31.72,Moderate,1
2021-10-20 18:00:00,41.5,64.7,29.3,950.0,1025.9,0.5,41.2,40.6,48.8,36.29,Moderate,0
2021-10-21 00:00:00,35.3,40.6,11.9,363.0,1001.3,0.1,35.9,33.6,36.6,26.41,Low,0
2021-10-21 06:00:00,40.6,26.0,7.1,1079.0,1006.7,0.6,41.0,38.5,41.7,31.65,Moderate,0
2021-10-21 12:00:00,26.8,52.2,7.7,843.0,1001.0,0.5,28.5,26.8,27.4,30.07,Moderate,0
2021-10-21 18:00:00,36.8,61.6,5.0,650.0,1012.8,0.9,39.3,35.9,44.4,36.15,Moderate,0
2021-10-22 00:00:00,46.7,44.7,1.7,690.0,1006.8,0.5,48.7,44.3,57.7,37.2,Moderate,1
2021-10-22 06:00:00,32.5,74.0,4.3,321.0,1002.2,0.6,35.7,32.2,39.6,34.88,Moderate,0
2021-10-22 12:00:00,28.1,68.3,10.0,484.0,985.7,3.6,30.3,28.2,30.7,32.61,Moderate,0
2021-10-22 18:00:00,29.4,45.0,8.4,910.0,1007.4,0.6,30.6,28.9,29.8,29.84,Moderate,0
2021-10-23 00:00:00,26.4,76.6,13.7,396.0,1001.9,2.3,28.6,26.8,28.4,32.06,Moderate,0
2021-10-23 06:00:00,28.5,68.7,6.8,815.0,1004.4,1.5,31.1,28.9,32.0,35.28,Moderate,0
2021-10-23 12:00:00,31.4,67.8,6.1,206.0,993.2,0.6,34.1,30.8,36.5,31.62,Moderate,0
2021-10-23 18:00:00,24.2,61.5,35.0,250.0,1019.3,2.6,23.1,24.2,19.5,22.05,Low,0
2021-10-24 00:00:00,34.1,20.9,5.1,1025.0,1013.6,1.4,34.5,32.4,32.8,27.73,Low,0
2021-10-24 06:00:00,40.3,72.2,5.4,547.0,1019.3,0.0,43.3,39.3,53.0,39.21,High,1
2021-10-24 12:00:00,27.6,48.2,19.0,415.0,1016.5,0.1,27.7,26.9,25.8,23.82,Low,0
2021-10-24 18:00:00,44.6,90.7,16.1,891.0,1010.9,2.1,47.2,44.2,65.4,46.94,High,1
2021-10-25 00:00:00,37.6,81.3,7.5,861.0,993.6,0.9,40.8,37.5,49.5,42.52,High,0
2021-10-25 06:00:00,41.2,64.1,17.0,780.0,1023.4,0.8,42.4,40.1,50.5,37.3,Moderate,1
2021-10-25 12:00:00,29.4,38.9,10.8,408.0,995.7,0.2,30.0,28.2,28.5,23.92,Low,0
2021-10-25 18:00:00,40.0,35.3,6.8,478.0,1002.3,0.3,40.9,37.7,43.2,29.16,Moderate,0
2021-10-26 00:00:00,26.4,45.5,15.4,628.0,1012.1,2.4,26.8,26.0,24.6,25.72,Low,0
2021-10-26 06:00:00,40.2,55.7,10.1,724.0,1012.6,2.6,41.8,38.9,47.9,36.33,Moderate,0
2021-10-26 12:00:00,35.2,42.2,1.8,423.0,1010.7,1.2,37.1,33.6,38.7,29.62,Moderate,0
2021-10-26 18:00:00,37.9,58.6,15.4,593.0,1001.0,0.5,39.0,36.8,43.6,33.25,Moderate,0
2021-10-27 00:00:00,25.8,32.4,9.1,617.0,998.9,4.0,26.3,25.0,23.6,23.92,Low,0
2021-10-27 06:00:00,27.7,93.3,24.9,872.0,1030.3,1.5,29.4,29.1,30.3,37.87,Moderate,0
2021-10-27 12:00:00,38.2,28.1,17.5,739.0,1004.6,2.4,37.5,36.1,37.0,27.1,Low,0
2021-10-27 18:00:00,27.4,89.9,11.4,173.0,1003.4,0.0,30.5,28.0,32.0,33.82,Moderate,0
2021-10-28 00:00:00,37.2,88.5,7.6,497.0,997.9,0.9,40.7,37.1,50.2,41.39,High,0
2021-10-28 06:00:00,24.4,59.4,9.9,318.0,1007.4,3.1,26.2,24.4,24.4,27.32,Low,0
2021-10-28 12:00:00,39.9,74.4,4.9,692.0,1007.0,0.6,43.0,39.2,52.9,40.98,High,0
2021-10-28 18:00:00,25.4,52.7,11.4,781.0,1004.8,1.9,26.7,25.5,24.8,28.85,Moderate,0
2021-10-29 00:00:00,37.9,67.3,26.1,575.0,1008.8,1.6,38.1,37.0,43.4,33.53,Moderate,0
2021-10-29 06:00:00,38.4,45.5,31.5,483.0,1022.6,0.2,36.9,36.6,38.4,26.05,Low,0
2021-10-29 12:00:00,29.1,42.6,21.4,567.0,999.0,2.2,28.7,28.2,26.6,24.49,Low,0
2021-10-29 18:00:00,38.1,63.4,11.0,602.0,1005.4,0.2,40.0,37.1,45.8,35.38,Moderate,0
2021-10-30 00:00:00,35.8,57.4,2.9,390.0,998.5,2.0,38.3,34.6,42.3,33.51,Moderate,0
2021-10-30 06:00:00,30.2,63.5,9.5,245.0,1007.9,7.1,32.2,29.6,33.3,31.89,Moderate,0
2021-10-30 12:00:00,26.9,41.5,18.3,50.0,999.3,4.8,26.8,25.7,24.2,20.88,Low,0
2021-10-30 18:00:00,20.3,47.5,16.9,867.0,999.7,2.4,20.6,20.8,16.7,24.97,Low,0
2021-10-31 00:00:00,36.4,26.3,8.9,674.0,990.4,1.1,36.6,34.4,35.9,26.62,Low,0
2021-10-31 06:00:00,23.0,23.9,8.4,641.0,1006.0,1.7,23.2,22.2,19.6,20.05,Low,0
2021-10-31 12:00:00,34.7,39.0,13.0,866.0,1009.3,2.0,35.1,33.5,35.3,29.96,Moderate,0
2021-10-31 18:00:00,32.2,25.6,10.4,236.0,1023.6,0.0,32.2,30.1,30.2,20.58,Low,0
2021-11-01 00:00:00,38.8,27.8,9.5,116.0,1009.7,0.2,39.0,36.0,39.3,23.45,Low,0
2021-11-01 06:00:00,31.9,81.0,9.1,646.0,1000.5,1.4,34.9,32.2,38.7,38.12,High,0
2021-11-01 12:00:00,31.7,22.9,23.3,623.0,991.4,0.0,30.0,30.0,26.7,20.0,Low,0
2021-11-01 18:00:00,39.1,69.4,4.4,117.0,992.8,3.6,42.0,37.7,50.3,36.2,Moderate,0
2021-11-02 00:00:00,36.3,40.4,8.0,640.0,992.0,1.0,37.4,34.7,38.8,29.99,Moderate,0
2021-11-02 06:00:00,36.2,85.4,8.3,450.0,1023.8,0.4,39.5,36.0,47.4,39.5,High,0
2021-11-02 12:00:00,37.3,56.4,11.2,348.0,1007.9,0.8,38.8,35.9,42.9,31.54,Moderate,0
2021-11-02 18:00:00,23.3,42.9,10.1,467.0,999.2,2.9,24.2,22.9,21.4,23.71,Low,0
2021-11-03 00:00:00,39.3,58.8,9.7,50.0,995.4,3.9,41.1,37.5,47.1,32.18,Moderate,0
2021-11-03 06:00:00,38.3,48.6,4.6,402.0,996.4,0.2,40.2,36.6,44.2,31.55,Moderate,0
2021-11-03 12:00:00,26.9,62.3,10.1,374.0,998.9,2.3,28.8,26.8,28.2,29.27,Moderate,0
2021-11-03 18:00:00,32.3,28.6,15.2,689.0,1018.2,1.3,31.9,30.8,29.9,24.27,Low,0
2021-11-04 00:00:00,33.7,94.8,11.5,510.0,1004.7,1.3,37.1,34.2,43.8,40.85,High,0
2021-11-04 06:00:00,33.1,51.9,4.3,710.0,990.5,2.3,35.2,32.3,36.9,33.14,Moderate,0
2021-11-04 12:00:00,36.3,46.1,10.7,50.0,1028.1,0.4,37.3,34.3,39.4,26.24,Low,0
2021-11-04 18:00:00,44.0,73.3,10.2,340.0,993.6,1.1,46.4,42.5,59.9,39.02,High,1
2021-11-05 00:00:00,41.6,47.3,7.8,689.0,999.1,0.6,43.0,39.8,48.6,34.36,Moderate,1
2021-11-05 06:00:00,24.8,82.5,11.6,473.0,1018.1,0.1,27.5,25.7,27.0,33.05,Moderate,0
2021-11-05 12:00:00,38.4,54.1,6.3,761.0,1009.2,0.2,40.3,37.2,45.2,35.32,Moderate,0
2021-11-05 18:00:00,43.3,74.0,15.6,99.0,1000.3,0.2,45.1,41.7,57.6,35.68,Moderate,1
2021-11-06 00:00:00,36.7,28.1,30.3,733.0,992.7,1.4,34.5,34.7,32.5,23.47,Low,0
2021-11-06 06:00:00,41.6,83.5,16.5,390.0,995.3,0.2,43.8,40.8,56.4,39.29,High,1
2021-11-06 12:00:00,48.1,75.2,5.5,366.0,995.9,1.3,51.2,46.3,70.7,42.54,High,1
2021-11-06 18:00:00,41.2,35.9,15.0,798.0,1005.1,1.3,41.2,39.1,43.6,30.96,Moderate,0
2021-11-07 00:00:00,35.7,30.9,17.5,840.0,1006.9,3.5,35.1,34.1,34.2,27.82,Low,0
2021-11-07 06:00:00,41.3,43.7,12.9,809.0,1003.5,1.5,41.9,39.5,46.1,33.52,Moderate,0
2021-11-07 12:00:00,35.0,93.2,13.8,1060.0,1004.6,6.4,38.0,35.8,45.5,46.48,High,0
2021-11-07 18:00:00,34.2,39.3,9.5,867.0,994.5,0.0,35.0,33.0,35.3,29.82,Moderate,0
2021-11-08 00:00:00,31.5,54.2,3.8,351.0,1007.9,1.8,33.8,30.6,35.0,30.23,Moderate,0
2021-11-08 06:00:00,44.9,22.3,9.0,585.0,1017.8,0.0,44.9,41.8,46.1,28.37,Moderate,1
2021-11-08 12:00:00,28.3,49.8,4.9,460.0,1003.4,2.0,30.2,27.7,29.6,28.36,Moderate,0
2021-11-08 18:00:00,44.7,62.8,8.5,1057.0,1003.2,0.7,46.8,43.5,58.5,42.29,High,1
2021-11-09 00:00:00,37.5,91.5,6.7,826.0,1005.8,1.4,41.3,37.8,51.6,45.1,High,0
2021-11-09 06:00:00,24.2,58.8,4.6,503.0,1016.2,0.6,26.6,24.3,25.1,28.65,Moderate,0
2021-11-09 12:00:00,36.6,81.4,22.7,769.0,996.1,0.3,37.9,36.6,44.6,38.15,High,0
2021-11-09 18:00:00,19.3,61.0,10.0,242.0,1019.5,1.9,21.2,19.7,17.9,24.42,Low,0
2021-11-10 00:00:00,38.4,23.1,6.9,613.0,1009.2,3.5,38.7,36.0,38.2,27.5,Low,0
2021-11-10 06:00:00,40.2,43.6,2.5,316.0,1005.3,0.3,42.1,38.0,46.4,30.97,Moderate,1
2021-11-10 12:00:00,29.9,63.2,17.0,128.0,1017.1,3.8,31.0,29.2,31.4,28.15,Moderate,0
2021-11-10 18:00:00,34.9,91.3,11.7,746.0,993.2,0.2,38.1,35.4,45.4,41.86,High,0
2021-11-11 00:00:00,47.7,84.4,33.0,777.0,1010.2,2.0,48.0,46.7,67.8,42.49,High,1
2021-11-11 06:00:00,30.5,37.1,5.9,664.0,1009.3,4.8,31.6,29.4,30.7,28.48,Moderate,0
2021-11-11 12:00:00,26.6,36.5,21.6,504.0,995.6,0.2,25.8,25.7,22.6,20.62,Low,0
2021-11-11 18:00:00,44.4,35.1,9.0,233.0,1009.6,0.9,45.1,41.4,49.4,29.02,Moderate,1
2021-11-12 00:00:00,47.7,89.2,5.1,260.0,1007.8,0.6,51.5,46.3,74.9,44.9,High,1
2021-11-12 06:00:00,34.0,83.9,7.5,308.0,1003.2,0.7,37.3,33.8,43.2,37.33,Moderate,0
2021-11-12 12:00:00,41.1,78.1,10.8,492.0,1013.6,2.1,43.7,40.2,55.1,40.28,High,1
2021-11-12 18:00:00,43.4,49.5,6.9,819.0,999.3,1.6,45.0,41.6,52.4,37.23,Moderate,1
2021-11-13 00:00:00,28.8,57.8,3.9,815.0,1007.7,5.2,31.2,28.8,31.6,34.56,Moderate,0
2021-11-13 06:00:00,30.6,54.8,4.9,138.0,1003.7,0.3,32.8,29.6,33.6,27.63,Low,0
2021-11-13 12:00:00,42.6,39.0,14.2,377.0,998.9,1.2,42.8,40.1,46.7,29.33,Moderate,1
2021-11-13 18:00:00,45.8,57.9,4.4,370.0,1010.0,0.9,48.2,43.6,59.9,37.29,Moderate,1
2021-11-14 00:00:00,37.9,22.3,6.2,50.0,1002.9,3.8,38.3,34.9,37.5,23.1,Low,0
2021-11-14 06:00:00,27.8,29.9,4.6,692.0,990.3,0.0,28.7,26.8,26.6,24.25,Low,0
2021-11-14 12:00:00,47.9,86.5,11.9,488.0,987.0,6.8,50.8,46.6,73.1,46.84,High,1
2021-11-14 18:00:00,30.3,76.4,35.0,522.0,1012.9,1.0,29.9,30.5,30.3,30.0,Moderate,0
2021-11-15 00:00:00,31.7,51.7,13.8,886.0,992.8,1.5,32.6,31.2,33.0,31.6,Moderate,0
2021-11-15 06:00:00,36.4,58.8,5.7,572.0,1007.8,0.7,38.7,35.4,43.0,34.47,Moderate,0
2021-11-15 12:00:00,44.9,47.7,11.9,442.0,1005.5,2.9,45.9,42.5,53.5,34.08,Moderate,1
2021-11-15 18:00:00,40.0,75.6,5.9,693.0,1001.3,1.2,43.1,39.3,53.2,41.34,High,1
2021-11-16 00:00:00,36.9,78.8,11.2,815.0,1024.6,1.6,39.5,36.8,46.9,40.74,High,0
2021-11-16 06:00:00,37.2,77.2,24.5,624.0,1006.8,1.6,38.1,36.8,44.5,36.38,Moderate,0
2021-11-16 12:00:00,34.3,74.2,9.6,722.0,1012.6,0.7,36.9,34.2,41.6,37.72,Moderate,0
2021-11-16 18:00:00,37.9,35.3,12.5,514.0,1007.8,0.1,38.2,35.9,39.1,27.27,Low,0
2021-11-17 00:00:00,18.0,45.3,9.9,530.0,1002.7,2.5,19.1,18.3,15.2,22.3,Low,0
2021-11-17 06:00:00,31.9,55.2,17.9,578.0,1004.8,0.5,32.5,31.2,33.0,29.09,Moderate,0
2021-11-17 12:00:00,35.7,44.8,15.3,362.0,1019.6,2.8,36.1,34.1,37.3,27.9,Low,0
2021-11-17 18:00:00,25.9,76.6,7.7,408.0,1015.9,1.4,28.8,26.4,28.8,32.82,Moderate,0
2021-11-18 00:00:00,36.7,44.7,15.3,894.0,1024.5,0.7,37.1,35.5,38.8,31.58,Moderate,0
2021-11-18 06:00:00,32.6,30.4,11.2,1052.0,1007.2,1.4,32.8,31.5,31.3,28.41,Moderate,0
2021-11-18 12:00:00,46.3,49.9,7.3,948.0,996.2,1.6,47.9,44.4,57.7,39.52,High,1
2021-11-18 18:00:00,45.0,93.5,7.3,219.0,1000.6,1.8,48.8,44.0,69.0,44.44,High,1
2021-11-19 00:00:00,30.7,36.9,11.0,195.0,993.1,2.6,31.2,29.1,29.9,23.21,Low,0
2021-11-19 06:00:00,32.9,65.9,12.4,252.0,1012.7,0.3,34.7,32.2,37.3,30.8,Moderate,0
2021-11-19 12:00:00,33.5,52.5,8.9,584.0,999.1,4.3,35.1,32.6,36.7,32.31,Moderate,0
2021-11-19 18:00:00,30.8,25.3,12.6,50.0,974.4,0.8,30.6,28.7,28.0,18.32,Low,0
2021-11-20 00:00:00,35.4,56.6,5.5,403.0,1029.6,3.0,37.6,34.2,41.0,33.05,Moderate,0
2021-11-20 06:00:00,28.7,72.7,4.3,902.0,999.3,0.4,31.8,29.3,33.3,37.14,Moderate,0
2021-11-20 12:00:00,26.1,58.5,2.9,796.0,999.2,0.0,28.7,26.3,28.0,31.76,Moderate,0
2021-11-20 18:00:00,38.4,85.4,14.0,423.0,1021.7,1.3,41.0,38.0,50.7,39.46,High,0
2021-11-21 00:00:00,38.4,41.7,2.6,442.0,992.9,0.6,40.2,36.5,43.2,30.71,Moderate,0
2021-11-21 06:00:00,28.4,26.5,12.5,692.0,1016.4,6.2,28.2,27.2,25.3,24.26,Low,0
2021-11-21 12:00:00,40.3,90.2,6.9,784.0,999.1,0.2,44.0,40.2,57.2,45.26,High,1
2021-11-21 18:00:00,29.6,48.4,7.9,417.0,991.8,0.1,31.1,28.8,30.7,27.0,Low,0
2021-11-22 00:00:00,35.8,63.2,8.0,491.0,1022.1,0.1,38.0,34.9,42.5,34.03,Moderate,0
2021-11-22 06:00:00,39.7,79.4,35.0,408.0,1014.2,0.4,39.5,38.9,47.8,33.92,Moderate,0
2021-11-22 12:00:00,33.8,44.3,6.3,217.0,1014.2,1.3,35.3,32.2,36.2,27.11,Low,0
2021-11-22 18:00:00,37.2,73.7,4.8,495.0,1008.7,1.1,40.3,36.6,47.6,38.3,High,0
2021-11-23 00:00:00,30.4,30.2,29.3,476.0,1011.0,0.6,28.4,28.9,25.0,19.15,Low,0
2021-11-23 06:00:00,32.6,41.8,3.2,235.0,992.7,0.1,34.3,31.0,34.7,26.28,Low,0
2021-11-23 12:00:00,32.6,30.9,3.8,712.0,1006.1,0.4,33.7,31.1,32.9,27.12,Low,0
2021-11-23 18:00:00,28.8,80.8,17.2,671.0,995.7,0.3,30.8,29.4,32.0,34.86,Moderate,0
2021-11-24 00:00:00,32.8,36.7,12.8,724.0,991.1,2.1,33.1,31.5,32.3,27.54,Low,0
2021-11-24 06:00:00,23.2,73.8,7.3,358.0,1009.1,2.3,26.0,23.8,24.7,30.92,Moderate,0
2021-11-24 12:00:00,30.6,90.7,4.4,54.0,1016.6,2.3,34.6,30.8,38.8,36.78,Moderate,0
2021-11-24 18:00:00,32.0,59.6,1.6,667.0,1001.2,5.2,34.8,31.6,37.0,35.8,Moderate,0
2021-11-25 00:00:00,32.2,60.5,25.3,384.0,1002.9,3.2,32.2,31.5,32.8,28.56,Moderate,0
2021-11-25 06:00:00,32.3,54.6,15.4,327.0,993.6,1.0,33.2,31.3,34.0,27.91,Low,0
2021-11-25 12:00:00,33.6,44.4,23.6,236.0,1005.1,0.8,33.0,32.0,32.6,23.55,Low,0
2021-11-25 18:00:00,37.4,55.7,19.2,481.0,1012.6,3.7,37.9,36.1,41.4,31.82,Moderate,0
2021-11-26 00:00:00,40.1,65.2,13.2,944.0,1012.9,1.4,41.8,39.3,49.4,39.28,High,0
2021-11-26 06:00:00,29.5,93.9,6.2,424.0,1010.5,0.5,33.5,30.3,37.0,38.86,High,0
2021-11-26 12:00:00,25.6,90.3,4.4,278.0,998.8,1.2,29.6,26.5,30.5,35.72,Moderate,0
2021-11-26 18:00:00,26.7,84.7,20.4,713.0,998.5,7.3,28.5,27.7,28.5,37.01,Moderate,0
2021-11-27 00:00:00,30.6,86.7,7.0,593.0,1013.0,2.8,34.1,31.2,37.8,39.47,High,0
2021-11-27 06:00:00,31.5,55.1,4.6,50.0,1013.1,0.5,33.7,30.3,35.0,27.58,Low,0
2021-11-27 12:00:00,28.6,69.3,5.9,716.0,1003.3,4.6,31.4,28.9,32.4,35.99,Moderate,0
2021-11-27 18:00:00,24.9,87.1,21.3,1082.0,1000.7,6.0,26.7,26.5,25.8,38.94,High,0
2021-11-28 00:00:00,30.8,49.5,5.0,50.0,1016.7,0.4,32.7,29.5,33.1,25.75,Low,0
2021-11-28 06:00:00,35.3,92.1,7.3,241.0,1001.4,3.4,39.0,35.2,47.2,40.45,High,0
2021-11-28 12:00:00,38.2,51.2,9.0,50.0,1012.5,3.2,39.7,36.2,43.7,29.68,Moderate,0
2021-11-28 18:00:00,30.1,65.1,11.4,531.0,1003.6,0.1,32.0,29.9,33.0,31.56,Moderate,0
2021-11-29 00:00:00,31.1,73.2,4.7,798.0,994.5,1.7,34.2,31.4,37.1,37.94,Moderate,0
2021-11-29 06:00:00,27.5,91.3,8.8,576.0,1021.1,0.5,31.0,28.5,32.8,37.94,Moderate,0
2021-11-29 12:00:00,33.8,38.3,17.4,898.0,1006.2,1.7,33.6,32.7,33.0,28.63,Moderate,0
2021-11-29 18:00:00,28.1,76.0,33.1,758.0,997.9,3.7,27.9,28.7,27.2,32.01,Moderate,0
2021-11-30 00:00:00,38.0,59.1,4.0,976.0,991.1,1.0,40.5,37.2,46.1,38.75,High,0
2021-11-30 06:00:00,21.5,40.1,4.6,840.0,992.1,0.8,23.0,21.6,20.0,25.36,Low,0
2021-11-30 12:00:00,31.5,78.2,5.1,449.0,1001.3,3.8,34.8,31.5,38.4,37.4,Moderate,0
2021-11-30 18:00:00,36.1,61.4,14.7,567.0,1024.3,5.5,37.4,35.2,41.3,34.83,Moderate,0
2021-12-01 00:00:00,35.3,69.6,4.3,333.0,999.2,0.1,38.3,34.5,43.5,34.96,Moderate,0
2021-12-01 06:00:00,50.0,44.2,8.6,492.0,1019.5,3.8,51.2,47.0,62.2,36.85,Moderate,1
2021-12-01 12:00:00,36.4,56.1,8.0,565.0,1003.7,0.1,38.2,35.3,42.0,33.08,Moderate,0
2021-12-01 18:00:00,27.0,66.3,34.9,529.0,993.2,0.6,26.1,27.1,24.0,25.92,Low,0
2021-12-02 00:00:00,33.3,50.4,6.3,886.0,1000.3,2.2,35.1,32.6,36.6,33.74,Moderate,0
2021-12-02 06:00:00,21.6,34.9,6.0,467.0,992.2,2.3,22.6,21.1,19.4,21.55,Low,0
2021-12-02 12:00:00,33.4,92.1,14.7,317.0,996.4,1.9,36.2,33.6,42.1,38.16,High,0
2021-12-02 18:00:00,28.2,58.4,11.9,333.0,996.1,0.1,29.7,27.8,29.2,27.44,Low,0
2021-12-03 00:00:00,40.4,75.0,5.7,714.0,986.0,0.2,43.5,39.7,53.9,41.22,High,1
2021-12-03 06:00:00,30.2,50.8,22.2,199.0,1020.1,4.1,30.1,29.2,29.1,24.78,Low,0
2021-12-03 12:00:00,33.2,46.6,3.1,500.0,1007.1,0.1,35.2,32.0,36.4,29.76,Moderate,0
2021-12-03 18:00:00,29.6,50.5,9.2,882.0,998.1,0.1,31.0,29.3,30.7,30.76,Moderate,0
2021-12-04 00:00:00,46.2,50.7,7.6,623.0,1007.2,2.7,47.8,44.0,57.7,37.56,Moderate,1
2021-12-04 06:00:00,31.8,60.8,8.7,531.0,996.6,1.5,33.8,31.3,35.5,32.28,Moderate,0
2021-12-04 12:00:00,46.8,60.8,5.7,541.0,978.3,0.7,49.2,44.8,62.7,39.42,High,1
2021-12-04 18:00:00,39.7,57.3,8.8,293.0,1034.6,0.3,41.5,38.0,47.7,32.73,Moderate,0
2021-12-05 00:00:00,37.4,30.1,11.0,336.0,1006.9,3.2,37.6,35.0,37.6,25.8,Low,0
2021-12-05 06:00:00,36.6,57.2,1.0,501.0,999.1,6.7,39.3,35.4,43.9,36.67,Moderate,0
2021-12-05 12:00:00,36.8,32.7,6.7,618.0,985.7,0.1,37.6,34.9,38.2,28.06,Moderate,0
2021-12-05 18:00:00,20.5,29.5,5.1,787.0,990.1,1.2,21.4,20.3,17.8,21.9,Low,0
2021-12-06 00:00:00,32.0,89.9,28.1,573.0,1021.5,0.5,33.1,32.5,36.6,35.73,Moderate,0
2021-12-06 06:00:00,39.9,65.4,12.9,888.0,1020.0,2.7,41.6,39.1,49.2,39.33,High,0
2021-12-06 12:00:00,33.7,69.5,4.9,951.0,1012.5,0.6,36.6,33.7,40.7,38.9,High,0
2021-12-06 18:00:00,24.2,50.1,6.5,749.0,993.8,1.9,25.9,24.3,23.9,28.4,Moderate,0
2021-12-07 00:00:00,33.6,88.2,7.8,856.0,1020.1,1.2,37.1,34.2,43.2,42.45,High,0
2021-12-07 06:00:00,45.9,67.8,6.4,302.0,1009.5,1.2,48.5,44.0,63.0,39.01,High,1
2021-12-07 12:00:00,42.7,77.7,13.6,263.0,1011.5,2.9,45.0,41.4,57.8,38.91,High,1
2021-12-07 18:00:00,33.6,47.6,25.1,679.0,1009.5,1.0,33.0,32.6,32.9,27.44,Low,0
2021-12-08 00:00:00,40.7,92.0,0.4,215.0,989.9,2.8,45.3,40.1,59.8,43.83,High,1
2021-12-08 06:00:00,31.4,81.5,7.5,477.0,993.0,0.7,34.6,31.6,38.3,36.83,Moderate,0
2021-12-08 12:00:00,22.1,84.0,33.0,743.0,999.9,0.3,22.3,23.6,19.0,30.02,Moderate,0
2021-12-08 18:00:00,27.5,32.9,7.7,903.0,1011.4,0.9,28.2,26.8,26.0,26.15,Low,0
2021-12-09 00:00:00,44.9,40.3,11.4,486.0,991.2,1.0,45.5,42.3,51.3,31.99,Moderate,1
2021-12-09 06:00:00,32.1,41.4,1.3,388.0,1003.2,1.0,34.0,30.7,34.4,27.8,Low,0
2021-12-09 12:00:00,32.3,40.3,22.0,630.0,1003.2,2.5,31.7,31.1,30.4,25.81,Low,0
2021-12-09 18:00:00,31.9,84.2,4.0,282.0,1012.9,1.2,35.6,31.9,40.2,37.14,Moderate,0
2021-12-10 00:00:00,47.3,22.4,12.7,507.0,1011.7,3.3,46.9,43.9,48.8,29.3,Moderate,1
2021-12-10 06:00:00,45.4,25.7,4.6,548.0,994.9,1.1,46.1,42.3,48.8,30.43,Moderate,1
2021-12-10 12:00:00,49.5,40.5,0.7,543.0,1019.5,0.4,51.4,46.5,61.4,36.47,Moderate,1
2021-12-10 18:00:00,32.9,35.0,11.9,572.0,993.4,0.2,33.2,31.4,32.3,25.54,Low,0
2021-12-11 00:00:00,36.1,37.4,15.6,341.0,1015.9,3.0,36.1,34.1,36.4,26.08,Low,0
2021-12-11 06:00:00,23.4,79.8,9.0,368.0,999.5,0.1,26.3,24.2,25.2,31.47,Moderate,0
2021-12-11 12:00:00,44.3,62.2,3.6,363.0,1006.6,0.2,47.0,42.4,58.5,37.56,Moderate,1
2021-12-11 18:00:00,25.8,20.4,35.0,145.0,1007.3,0.1,22.6,24.1,17.2,10.83,Low,0
2021-12-12 00:00:00,35.5,52.2,15.2,635.0,1007.0,0.8,36.3,34.4,38.5,31.03,Moderate,0
2021-12-12 06:00:00,26.3,50.6,10.7,774.0,1011.7,1.1,27.5,26.2,25.9,28.54,Moderate,0
2021-12-12 12:00:00,29.9,28.5,19.8,749.0,1008.9,0.0,28.9,28.7,26.0,22.24,Low,0
2021-12-12 18:00:00,28.1,70.7,6.4,484.0,1012.8,1.1,30.9,28.2,31.7,33.06,Moderate,0
2021-12-13 00:00:00,29.7,72.7,29.9,347.0,1009.6,0.8,29.7,29.6,29.9,28.44,Moderate,0
2021-12-13 06:00:00,30.2,74.1,15.4,736.0,992.4,2.2,32.1,30.5,33.7,35.32,Moderate,0
2021-12-13 12:00:00,30.2,74.6,18.6,710.0,1007.7,2.7,31.7,30.5,33.1,34.79,Moderate,0
2021-12-13 18:00:00,39.8,20.0,7.4,604.0,999.4,1.7,39.9,37.1,39.2,26.55,Low,0
2021-12-14 00:00:00,26.3,91.5,3.9,986.0,993.9,1.0,30.4,27.9,31.8,41.68,High,0
2021-12-14 06:00:00,35.5,81.1,10.8,543.0,1002.1,0.4,38.3,35.3,44.8,38.3,High,0
2021-12-14 12:00:00,42.5,87.8,6.6,486.0,1006.8,2.8,46.1,41.8,61.5,44.38,High,1
2021-12-14 18:00:00,30.4,21.2,32.1,450.0,1007.5,0.6,27.6,28.6,23.2,16.14,Low,0
2021-12-15 00:00:00,29.0,90.0,3.0,160.0,1015.6,0.7,33.1,29.4,36.3,36.39,Moderate,0
2021-12-15 06:00:00,32.4,80.7,23.3,715.0,1018.1,3.7,33.6,32.7,36.8,36.75,Moderate,0
2021-12-15 12:00:00,42.3,82.8,2.1,524.0,1008.4,5.6,46.2,41.5,60.6,45.2,High,1
2021-12-15 18:00:00,35.4,27.0,4.6,677.0,1010.2,3.4,36.2,33.5,35.6,28.03,Moderate,0
2021-12-16 00:00:00,30.3,75.4,2.1,1010.0,1006.0,9.5,33.8,30.9,36.6,42.96,High,0
2021-12-16 06:00:00,37.4,92.0,6.4,452.0,1012.7,3.0,41.2,37.3,51.5,42.99,High,0
2021-12-16 12:00:00,26.3,70.9,8.1,50.0,1009.9,1.8,28.9,26.2,28.7,28.94,Moderate,0
2021-12-16 18:00:00,38.8,62.8,5.8,670.0,1004.5,0.5,41.2,37.8,47.9,37.2,Moderate,0
2021-12-17 00:00:00,36.9,90.9,12.7,592.0,1026.5,4.6,39.9,37.0,49.1,42.84,High,0
2021-12-17 06:00:00,31.8,53.2,8.2,367.0,999.5,3.1,33.5,30.8,34.4,29.81,Moderate,0
2021-12-17 12:00:00,28.1,64.9,1.3,649.0,1019.5,0.4,31.2,28.2,32.0,33.62,Moderate,0
2021-12-17 18:00:00,27.8,55.7,4.4,747.0,991.5,1.0,30.1,27.7,29.8,31.51,Moderate,0
2021-12-18 00:00:00,37.7,90.0,7.3,313.0,1013.1,0.1,41.3,37.4,51.6,40.39,High,0
2021-12-18 06:00:00,42.6,25.7,19.2,475.0,1019.4,4.6,41.6,39.7,42.0,26.93,Low,0
2021-12-18 12:00:00,29.5,57.6,10.3,919.0,985.9,1.3,31.1,29.5,31.3,32.96,Moderate,0
2021-12-18 18:00:00,37.2,71.5,6.6,370.0,1006.4,0.4,40.0,36.4,46.8,36.21,Moderate,0
2021-12-19 00:00:00,19.4,79.4,2.7,567.0,1012.2,0.5,23.0,20.8,20.8,32.47,Moderate,0
2021-12-19 06:00:00,29.9,63.7,10.6,50.0,1007.5,5.9,31.8,29.2,32.7,29.7,Moderate,0
2021-12-19 12:00:00,33.8,88.2,22.2,180.0,1008.8,1.4,35.5,33.7,40.7,34.66,Moderate,0
2021-12-19 18:00:00,27.6,90.6,7.5,589.0,1006.4,0.8,31.2,28.6,33.1,38.27,High,0
2021-12-20 00:00:00,27.4,24.8,4.7,857.0,994.1,1.0,28.1,26.4,25.5,24.37,Low,0
2021-12-20 06:00:00,29.3,50.2,14.0,209.0,1028.7,0.2,30.1,28.3,29.3,24.57,Low,0
2021-12-20 12:00:00,36.0,21.8,19.7,569.0,1000.0,0.1,34.7,33.7,32.4,22.01,Low,0
2021-12-20 18:00:00,32.7,44.7,8.3,456.0,1009.3,1.3,33.9,31.5,34.4,28.1,Moderate,0
2021-12-21 00:00:00,18.3,60.3,15.1,788.0,998.5,1.1,19.5,19.4,15.5,26.59,Low,0
2021-12-21 06:00:00,19.2,88.3,6.9,246.0,982.2,0.7,22.8,20.6,20.3,31.43,Moderate,0
2021-12-21 12:00:00,29.8,83.5,15.6,658.0,995.8,1.3,32.1,30.4,34.3,36.56,Moderate,0
2021-12-21 18:00:00,37.2,29.6,22.9,387.0,990.5,0.1,35.9,34.9,34.9,22.5,Low,0
2021-12-22 00:00:00,18.0,27.0,17.2,606.0,1015.9,4.3,17.3,17.8,12.5,17.46,Low,0
2021-12-22 06:00:00,30.5,64.2,13.6,567.0,998.9,0.5,32.1,30.3,33.1,31.48,Moderate,0
2021-12-22 12:00:00,30.3,59.9,27.9,487.0,999.9,0.1,29.9,29.9,29.4,26.72,Low,0
2021-12-22 18:00:00,43.7,40.0,7.8,669.0,994.4,0.3,44.8,41.4,50.0,33.23,Moderate,1
2021-12-23 00:00:00,31.3,87.5,13.6,561.0,1005.9,0.2,34.0,31.8,37.8,37.52,Moderate,0
2021-12-23 06:00:00,36.7,89.6,8.0,517.0,997.8,0.3,40.2,36.7,49.3,41.3,High,0
2021-12-23 12:00:00,35.0,50.2,13.6,461.0,1014.9,0.8,35.9,33.7,37.6,29.32,Moderate,0
2021-12-23 18:00:00,19.1,86.8,15.2,569.0,1008.0,2.0,21.6,20.8,18.5,32.22,Moderate,0
2021-12-24 00:00:00,39.4,48.8,17.9,606.0,999.3,0.5,39.7,37.8,43.4,31.07,Moderate,0
2021-12-24 06:00:00,35.5,75.3,9.8,303.0,1013.5,0.9,38.1,34.9,43.9,35.43,Moderate,0
2021-12-24 12:00:00,37.6,55.7,1.8,463.0,1005.1,4.0,40.2,36.3,45.1,35.36,Moderate,0
2021-12-24 18:00:00,50.0,29.2,8.1,286.0,1005.2,0.5,50.5,46.3,56.3,30.5,Moderate,1
2021-12-25 00:00:00,19.4,89.6,14.9,540.0,990.4,2.4,22.1,21.1,19.1,33.04,Moderate,0
2021-12-25 06:00:00,46.1,54.1,11.9,402.0,1004.3,0.3,47.4,43.8,57.8,35.01,Moderate,1
2021-12-25 12:00:00,32.0,75.1,13.1,743.0,1008.2,0.3,34.2,32.2,37.2,36.23,Moderate,0
2021-12-25 18:00:00,36.0,47.5,15.9,718.0,1018.3,0.9,36.5,34.8,38.2,30.6,Moderate,0
2021-12-26 00:00:00,33.7,21.4,3.9,319.0,997.5,0.4,34.3,31.4,32.6,22.27,Low,0
2021-12-26 06:00:00,31.0,27.5,16.4,549.0,1027.8,3.5,30.4,29.4,27.9,22.89,Low,0
2021-12-26 12:00:00,30.0,57.2,28.8,710.0,1010.6,0.1,29.4,29.7,28.4,27.4,Low,0
2021-12-26 18:00:00,36.3,71.7,7.3,506.0,989.8,1.4,39.0,35.7,45.1,37.09,Moderate,0
2021-12-27 00:00:00,23.4,45.1,18.1,368.0,996.5,1.4,23.5,23.0,20.2,21.43,Low,0
2021-12-27 06:00:00,39.3,72.2,10.2,277.0,1019.2,0.1,41.7,38.2,50.2,35.81,Moderate,0
2021-12-27 12:00:00,31.1,72.4,12.8,764.0,1017.4,2.0,33.2,31.3,35.4,35.96,Moderate,0
2021-12-27 18:00:00,26.1,72.8,17.0,776.0,1005.2,0.9,27.7,26.8,26.9,32.68,Moderate,0
2021-12-28 00:00:00,30.8,56.9,11.8,498.0,1006.5,1.9,32.2,30.2,32.8,30.12,Moderate,0
2021-12-28 06:00:00,42.8,88.6,7.0,742.0,993.4,2.6,46.4,42.4,62.3,46.48,High,1
2021-12-28 12:00:00,30.3,56.7,12.2,50.0,1018.2,0.6,31.7,29.3,32.0,25.96,Low,0
2021-12-28 18:00:00,36.5,53.8,4.7,882.0,995.1,1.0,38.6,35.6,42.4,35.9,Moderate,0
2021-12-29 00:00:00,28.9,35.0,2.7,511.0,1013.4,0.5,30.3,27.7,29.0,25.22,Low,0
2021-12-29 06:00:00,39.3,43.1,23.9,585.0,1018.5,0.3,38.6,37.5,40.7,28.17,Moderate,0
2021-12-29 12:00:00,38.8,23.2,13.3,470.0,1005.5,0.0,38.4,36.2,37.5,24.12,Low,0
2021-12-29 18:00:00,46.9,67.5,15.3,899.0,1014.7,5.0,48.4,45.5,63.3,43.41,High,1
2021-12-30 00:00:00,32.8,38.6,11.3,285.0,1023.5,0.9,33.4,31.2,32.9,24.6,Low,0
2021-12-30 06:00:00,38.7,42.8,2.2,919.0,1007.7,0.0,40.6,37.2,44.0,34.57,Moderate,0
2021-12-30 12:00:00,34.7,77.8,22.8,649.0,1003.2,0.0,35.9,34.6,40.4,35.37,Moderate,0
2021-12-30 18:00:00,43.1,44.5,7.0,706.0,1004.3,0.5,44.5,41.1,50.4,34.59,Moderate,1
2021-12-31 00:00:00,29.0,38.2,8.1,468.0,997.6,0.0,29.9,27.9,28.5,24.49,Low,0
2021-12-31 06:00:00,39.2,32.7,21.1,223.0,997.3,0.7,38.3,36.6,38.7,23.51,Low,0
2021-12-31 12:00:00,32.6,78.1,4.6,783.0,1009.4,0.1,36.0,32.9,40.3,39.18,High,0
2021-12-31 18:00:00,33.6,29.7,7.6,628.0,1003.4,0.1,34.2,31.9,33.2,25.77,Low,0
2022-01-01 00:00:00,34.6,54.0,7.2,890.0,1008.3,1.7,36.4,33.9,39.0,34.9,Moderate,0
2022-01-01 06:00:00,35.8,58.0,4.5,502.0,990.1,3.6,38.2,34.8,42.1,34.74,Moderate,0
2022-01-01 12:00:00,33.2,71.6,10.3,445.0,1004.1,0.8,35.5,32.8,39.2,34.4,Moderate,0
2022-01-01 18:00:00,35.5,67.5,5.1,897.0,1015.3,2.7,38.3,35.2,43.3,39.5,High,0
2022-01-02 00:00:00,45.0,80.8,23.5,1028.0,993.8,0.0,46.2,44.4,61.9,43.46,High,1
2022-01-02 06:00:00,40.9,23.4,2.5,552.0,1005.2,2.3,41.8,38.2,42.4,28.7,Moderate,0
2022-01-02 12:00:00,40.1,42.2,3.4,362.0,986.5,0.1,41.8,37.9,45.7,30.67,Moderate,0
2022-01-02 18:00:00,30.8,41.0,7.5,753.0,991.9,2.7,32.0,29.9,31.3,29.2,Moderate,0
2022-01-03 00:00:00,27.8,31.0,9.5,486.0,1013.1,3.2,28.2,26.6,25.8,23.12,Low,0
2022-01-03 06:00:00,40.7,41.7,5.7,700.0,1001.9,2.3,42.1,38.8,46.1,33.66,Moderate,1
2022-01-03 12:00:00,40.1,43.2,16.0,485.0,1023.2,2.6,40.3,38.1,43.5,30.19,Moderate,0
2022-01-03 18:00:00,44.3,59.1,8.4,941.0,1009.3,1.2,46.2,42.9,56.6,40.51,High,1
2022-01-04 00:00:00,29.8,69.8,13.8,375.0,1010.3,0.5,31.6,29.6,32.7,31.09,Moderate,0
2022-01-04 06:00:00,32.4,48.6,22.4,670.0,994.2,1.5,32.1,31.5,31.8,27.8,Low,0
2022-01-04 12:00:00,22.5,74.0,27.3,428.0,1001.1,0.9,22.9,23.3,19.8,26.69,Low,0
2022-01-04 18:00:00,31.3,45.2,7.7,480.0,997.7,0.0,32.6,30.2,32.6,27.45,Low,0
2022-01-05 00:00:00,41.0,41.8,10.3,447.0,994.3,1.0,41.9,38.8,45.7,30.54,Moderate,0
2022-01-05 06:00:00,30.7,60.6,11.8,735.0,1011.6,1.6,32.3,30.5,33.2,32.68,Moderate,0
2022-01-05 12:00:00,38.5,21.8,7.9,780.0,1013.6,0.0,38.6,36.2,37.8,27.04,Low,0
2022-01-05 18:00:00,32.7,26.0,4.3,689.0,1009.0,1.5,33.5,31.0,32.1,26.05,Low,0
2022-01-06 00:00:00,36.3,51.3,18.9,523.0,996.7,1.6,36.6,35.0,38.8,29.86,Moderate,0
2022-01-06 06:00:00,26.0,90.7,4.3,585.0,1008.3,0.3,30.0,27.2,31.2,38.01,High,0
2022-01-06 12:00:00,34.6,74.1,20.1,774.0,985.9,0.8,35.9,34.5,40.1,36.16,Moderate,0
2022-01-06 18:00:00,18.0,26.6,13.1,782.0,1018.2,5.0,17.8,17.9,13.3,19.74,Low,0
2022-01-07 00:00:00,32.7,83.5,11.5,50.0,992.0,3.2,35.5,32.4,40.0,34.79,Moderate,0
2022-01-07 06:00:00,22.6,74.9,5.4,482.0,993.8,0.8,25.7,23.4,24.3,31.71,Moderate,0
2022-01-07 12:00:00,42.4,65.8,1.6,494.0,1006.2,0.6,45.5,41.0,56.2,39.12,High,1
2022-01-07 18:00:00,39.4,81.5,18.6,717.0,1007.0,0.2,41.2,39.0,50.9,39.83,High,0
2022-01-08 00:00:00,37.3,50.3,5.3,533.0,1004.3,0.1,39.2,35.9,42.8,32.33,Moderate,0
2022-01-08 06:00:00,44.6,36.6,13.7,730.0,993.9,0.5,44.8,42.2,49.2,32.13,Moderate,1
2022-01-08 12:00:00,27.4,58.4,14.2,280.0,1016.3,4.2,28.6,27.0,27.7,27.66,Low,0
2022-01-08 18:00:00,46.2,61.2,9.6,615.0,988.1,4.8,48.1,44.3,60.8,40.46,High,1
2022-01-09 00:00:00,40.5,60.4,11.6,775.0,990.2,2.5,42.1,39.3,49.3,37.69,Moderate,1
2022-01-09 06:00:00,32.3,62.4,13.0,181.0,1003.9,0.6,33.9,31.4,35.7,29.1,Moderate,0
2022-01-09 12:00:00,41.9,91.2,10.9,1100.0,992.4,0.2,45.2,42.0,60.2,47.8,High,1
2022-01-09 18:00:00,26.3,87.7,4.9,848.0,1017.2,1.4,30.1,27.6,31.2,39.63,High,0
2022-01-10 00:00:00,28.2,85.7,2.6,550.0,993.2,1.6,32.2,28.9,34.5,38.28,High,0
2022-01-10 06:00:00,29.7,80.1,5.7,343.0,1020.6,0.8,33.0,29.9,35.6,35.1,Moderate,0
2022-01-10 12:00:00,30.3,90.8,7.2,506.0,1015.4,1.8,34.0,31.0,37.8,39.32,High,0
2022-01-10 18:00:00,26.6,27.4,23.2,571.0,1017.4,2.1,25.2,25.5,21.2,19.2,Low,0
2022-01-11 00:00:00,42.6,39.9,3.6,660.0,1023.9,2.3,44.2,40.4,49.0,34.18,Moderate,1
2022-01-11 06:00:00,32.2,57.1,25.3,925.0,1005.8,1.0,32.0,31.9,32.3,30.99,Moderate,0
2022-01-11 12:00:00,36.5,83.5,30.6,431.0,994.9,2.4,37.0,36.2,43.3,35.25,Moderate,0
2022-01-11 18:00:00,30.0,57.9,5.9,691.0,1004.0,0.0,32.2,29.7,32.9,31.98,Moderate,0
2022-01-12 00:00:00,21.3,76.1,30.0,227.0,999.3,1.7,21.5,22.1,17.8,24.91,Low,0
2022-01-12 06:00:00,35.9,30.4,8.6,447.0,997.9,0.4,36.4,33.8,36.1,25.53,Low,0
2022-01-12 12:00:00,20.6,38.9,7.6,644.0,1006.5,0.5,21.6,20.5,18.2,22.48,Low,0
2022-01-12 18:00:00,33.5,74.9,23.2,723.0,1001.9,0.1,34.5,33.5,37.7,34.62,Moderate,0
2022-01-13 00:00:00,24.4,32.4,11.2,362.0,997.5,0.3,24.7,23.5,21.5,19.66,Low,0
2022-01-13 06:00:00,47.9,46.4,10.1,440.0,1002.5,7.2,49.0,45.2,58.9,36.96,Moderate,1
2022-01-13 12:00:00,40.4,39.9,5.7,915.0,1010.5,0.8,41.7,38.7,45.2,34.16,Moderate,0
2022-01-13 18:00:00,34.7,46.2,6.1,840.0,1014.6,3.9,36.3,33.7,37.9,33.61,Moderate,0
2022-01-14 00:00:00,42.8,73.1,10.3,602.0,989.0,0.3,45.2,41.7,57.3,40.09,High,1
2022-01-14 06:00:00,28.1,47.6,23.2,50.0,1002.0,0.3,27.7,27.0,25.5,20.39,Low,0
2022-01-14 12:00:00,37.8,61.6,3.6,1100.0,1003.6,1.2,40.4,37.3,46.4,40.36,High,0
2022-01-14 18:00:00,35.4,27.5,9.0,545.0,993.2,0.6,35.7,33.4,34.8,25.3,Low,0
2022-01-15 00:00:00,35.8,80.4,3.0,472.0,1003.8,1.5,39.5,35.5,46.7,39.67,High,0
2022-01-15 06:00:00,42.9,47.7,5.4,419.0,1006.5,0.8,44.6,40.7,51.3,33.57,Moderate,1
2022-01-15 12:00:00,39.1,68.6,15.0,644.0,1010.2,2.5,40.7,38.2,48.0,37.45,Moderate,0
2022-01-15 18:00:00,36.0,74.4,4.6,647.0,1005.8,0.8,39.2,35.7,45.6,39.01,High,0
2022-01-16 00:00:00,22.4,35.7,19.5,788.0,996.2,1.3,21.8,22.2,17.8,21.47,Low,0
2022-01-16 06:00:00,27.3,86.4,4.6,318.0,1025.1,0.6,31.1,27.9,32.7,35.56,Moderate,0
2022-01-16 12:00:00,33.1,66.2,6.2,472.0,1013.3,1.8,35.7,32.6,38.9,34.38,Moderate,0
2022-01-16 18:00:00,34.7,52.2,1.8,1058.0,1010.5,1.6,37.1,34.1,39.8,36.8,Moderate,0
2022-01-17 00:00:00,26.1,33.7,19.5,606.0,1015.0,0.8,25.4,25.3,22.1,21.1,Low,0
2022-01-17 06:00:00,50.0,90.7,17.7,507.0,1007.4,0.5,52.4,48.7,79.3,45.61,High,1
2022-01-17 12:00:00,44.6,76.6,3.1,315.0,1017.9,1.4,48.1,43.1,63.6,41.45,High,1
2022-01-17 18:00:00,38.2,35.6,7.7,676.0,1005.6,4.3,39.1,36.3,40.5,31.13,Moderate,0
2022-01-18 00:00:00,34.5,45.3,7.2,808.0,1005.0,0.2,35.9,33.4,37.2,31.54,Moderate,0
2022-01-18 06:00:00,32.5,80.7,6.7,769.0,1011.4,2.4,35.7,32.8,40.2,40.07,High,0
2022-01-18 12:00:00,27.3,72.2,30.8,485.0,1020.8,1.2,27.2,27.6,25.9,28.23,Moderate,0
2022-01-18 18:00:00,34.5,77.4,6.6,640.0,1020.1,1.1,37.6,34.4,43.1,38.74,High,0
2022-01-19 00:00:00,35.8,53.1,4.8,968.0,1010.9,4.9,37.9,35.0,41.1,37.4,Moderate,0
2022-01-19 06:00:00,25.3,73.7,2.0,818.0,1010.2,1.4,28.7,26.2,28.7,36.04,Moderate,0
2022-01-19 12:00:00,36.3,49.0,5.0,354.0,1012.0,2.7,38.2,34.7,41.1,31.18,Moderate,0
2022-01-19 18:00:00,32.9,35.8,23.1,50.0,1014.9,1.1,31.9,30.9,30.3,19.9,Low,0
2022-01-20 00:00:00,20.6,67.5,11.1,624.0,1018.0,0.4,22.6,21.5,19.8,28.75,Moderate,0
2022-01-20 06:00:00,28.0,93.2,11.1,750.0,1002.6,1.8,31.3,29.2,33.4,39.94,High,0
2022-01-20 12:00:00,31.1,43.3,5.3,278.0,1018.2,3.8,32.6,29.8,32.5,27.18,Low,0
2022-01-20 18:00:00,47.2,54.6,20.8,548.0,1008.4,2.8,47.4,44.9,58.4,35.82,Moderate,1
2022-01-21 00:00:00,37.9,70.6,13.8,484.0,1011.5,0.3,39.8,37.1,46.5,35.68,Moderate,0
2022-01-21 06:00:00,24.7,60.6,6.8,576.0,1018.8,0.6,26.9,24.9,25.6,29.44,Moderate,0
2022-01-21 12:00:00,37.4,83.3,4.3,414.0,1012.5,1.1,41.0,37.0,50.1,40.28,High,0
2022-01-21 18:00:00,23.2,77.1,9.0,873.0,1014.2,1.3,26.0,24.5,24.7,34.92,Moderate,0
2022-01-22 00:00:00,41.6,24.4,4.6,587.0,1001.1,0.3,42.3,38.9,43.1,28.41,Moderate,1
2022-01-22 06:00:00,30.7,94.9,8.2,330.0,1020.0,0.4,34.5,31.3,38.9,38.52,High,0
2022-01-22 12:00:00,33.3,76.4,10.4,779.0,1012.0,2.1,35.9,33.4,40.1,38.58,High,0
2022-01-22 18:00:00,43.3,84.8,5.5,234.0,1006.3,2.0,46.9,42.2,62.7,42.04,High,1
2022-01-23 00:00:00,25.0,68.8,0.9,871.0,1016.0,2.7,28.3,25.8,28.0,35.75,Moderate,0
2022-01-23 06:00:00,24.2,84.2,12.7,798.0,1030.9,4.1,26.9,25.5,26.1,36.82,Moderate,0
2022-01-23 12:00:00,29.9,28.4,5.6,897.0,993.3,0.6,30.6,28.8,28.8,26.37,Low,0
2022-01-23 18:00:00,41.3,46.1,10.3,510.0,997.0,2.9,42.4,39.3,47.3,32.89,Moderate,1
2022-01-24 00:00:00,23.4,85.7,8.5,426.0,1031.9,1.6,26.7,24.5,25.9,34.01,Moderate,0
2022-01-24 06:00:00,18.0,35.1,27.5,571.0,1009.3,4.7,16.5,18.0,11.0,17.3,Low,0
2022-01-24 12:00:00,30.8,25.9,9.6,529.0,1006.9,0.5,30.9,29.2,28.7,22.56,Low,0
2022-01-24 18:00:00,37.9,79.1,17.5,387.0,1003.8,0.5,39.8,37.3,47.6,36.41,Moderate,0
2022-01-25 00:00:00,42.4,82.7,7.1,412.0,1017.1,1.8,45.7,41.5,59.8,42.06,High,1
2022-01-25 06:00:00,30.8,32.2,4.6,458.0,1031.1,4.0,31.9,29.3,30.6,25.83,Low,0
2022-01-25 12:00:00,31.1,84.1,13.1,257.0,998.3,2.6,33.7,31.2,37.0,35.24,Moderate,0
2022-01-25 18:00:00,42.1,71.5,5.3,719.0,1004.0,1.9,45.0,41.1,56.4,41.82,High,1
2022-01-26 00:00:00,20.9,59.0,15.5,537.0,1001.5,0.7,22.0,21.4,18.7,25.33,Low,0
2022-01-26 06:00:00,31.3,82.3,3.4,473.0,1012.3,1.9,35.0,31.5,39.0,38.19,High,0
2022-01-26 12:00:00,35.3,51.4,12.0,272.0,1017.2,2.4,36.4,33.8,38.6,29.22,Moderate,0
2022-01-26 18:00:00,37.1,34.5,9.4,260.0,1021.2,2.1,37.7,34.9,38.4,26.12,Low,0
2022-01-27 00:00:00,30.4,41.4,24.1,1034.0,1012.7,1.7,29.6,29.8,27.6,27.56,Low,0
2022-01-27 06:00:00,34.2,57.9,12.8,393.0,1030.2,0.1,35.6,33.2,38.0,30.29,Moderate,0
2022-01-27 12:00:00,18.0,59.8,8.6,703.0,999.3,1.6,20.0,19.0,16.4,27.16,Low,0
2022-01-27 18:00:00,29.4,80.4,16.3,591.0,996.7,1.0,31.5,29.9,33.1,34.85,Moderate,0
2022-01-28 00:00:00,37.2,79.4,0.9,50.0,1019.7,4.9,41.1,36.3,49.6,38.5,High,0
2022-01-28 06:00:00,27.1,63.6,13.9,998.0,1006.2,1.4,28.6,27.6,27.9,33.29,Moderate,0
2022-01-28 12:00:00,34.4,78.6,14.8,721.0,991.2,1.4,36.6,34.4,41.6,38.07,High,0
2022-01-28 18:00:00,37.1,34.4,15.9,358.0,1001.8,7.7,36.9,35.0,37.1,27.5,Low,0
2022-01-29 00:00:00,31.6,23.8,15.1,543.0,1007.6,0.1,31.0,29.8,28.3,21.26,Low,0
2022-01-29 06:00:00,35.2,85.5,13.5,263.0,998.5,0.5,37.9,34.9,44.6,36.66,Moderate,0
2022-01-29 12:00:00,27.3,25.7,7.3,1007.0,994.9,1.6,27.7,26.5,24.9,25.36,Low,0
2022-01-29 18:00:00,32.6,38.5,10.6,323.0,1002.9,0.6,33.3,31.0,32.8,24.81,Low,0
2022-01-30 00:00:00,38.3,72.1,5.9,419.0,994.4,0.6,41.2,37.4,49.1,37.43,Moderate,0
2022-01-30 06:00:00,35.1,50.7,4.9,368.0,1011.4,3.3,37.0,33.7,39.6,31.41,Moderate,0
2022-01-30 12:00:00,29.9,85.7,7.5,570.0,985.6,1.3,33.3,30.5,36.3,38.11,High,0
2022-01-30 18:00:00,35.6,42.3,8.3,893.0,1005.9,0.2,36.7,34.4,38.1,31.7,Moderate,0
2022-01-31 00:00:00,39.0,20.9,12.4,997.0,1010.2,0.6,38.6,36.8,37.4,27.98,Low,0
2022-01-31 06:00:00,19.7,42.5,21.7,450.0,1004.1,0.1,19.2,19.7,14.7,18.56,Low,0
2022-01-31 12:00:00,42.1,63.4,17.3,645.0,1015.9,1.2,43.2,40.8,51.9,36.59,Moderate,1
2022-01-31 18:00:00,31.6,48.2,11.7,570.0,991.3,0.3,32.6,30.7,32.7,28.31,Moderate,0
2022-02-01 00:00:00,37.0,60.1,20.0,305.0,998.0,2.9,37.6,35.7,41.5,30.98,Moderate,0
2022-02-01 06:00:00,42.4,85.7,9.6,1100.0,1001.7,1.3,45.5,42.3,60.1,47.29,High,1
2022-02-01 12:00:00,24.4,88.4,13.7,891.0,1012.1,0.1,27.2,25.9,26.6,37.06,Moderate,0
2022-02-01 18:00:00,29.0,39.9,7.3,597.0,1007.2,0.5,30.1,28.1,28.8,26.22,Low,0
2022-02-02 00:00:00,32.0,54.7,9.4,945.0,1026.4,1.4,33.6,31.7,34.7,33.77,Moderate,0
2022-02-02 06:00:00,28.5,61.2,7.8,853.0,996.9,0.6,30.6,28.6,30.8,33.17,Moderate,0
2022-02-02 12:00:00,46.1,91.2,2.4,570.0,991.1,1.1,50.4,45.3,72.0,47.72,High,1
2022-02-02 18:00:00,28.0,94.9,2.4,631.0,1022.9,3.6,32.5,29.2,35.3,41.84,High,0
2022-02-03 00:00:00,30.1,37.7,3.1,928.0,990.7,0.6,31.6,29.3,30.8,29.52,Moderate,0
2022-02-03 06:00:00,35.4,74.5,11.7,313.0,1011.8,0.6,37.7,34.8,43.2,34.77,Moderate,0
2022-02-03 12:00:00,25.6,48.4,22.1,968.0,995.2,2.6,25.4,25.7,22.5,27.37,Low,0
2022-02-03 18:00:00,31.2,20.6,20.0,494.0,984.3,0.6,29.8,29.3,26.4,19.1,Low,0
2022-02-04 00:00:00,36.2,20.7,13.8,931.0,1001.3,0.1,35.6,34.2,33.6,25.72,Low,0
2022-02-04 06:00:00,31.7,54.5,6.4,549.0,1014.0,0.3,33.7,31.0,34.8,30.83,Moderate,0
2022-02-04 12:00:00,33.3,56.6,4.8,634.0,992.8,4.5,35.6,32.6,37.9,34.51,Moderate,0
2022-02-04 18:00:00,30.3,21.7,10.3,541.0,1010.8,4.1,30.1,28.6,27.4,22.49,Low,0
2022-02-05 00:00:00,23.4,71.5,6.3,417.0,1012.6,0.4,26.2,24.0,24.9,30.41,Moderate,0
2022-02-05 06:00:00,36.3,42.1,2.8,482.0,992.3,1.2,38.1,34.6,40.1,30.34,Moderate,0
2022-02-05 12:00:00,46.3,62.0,4.2,895.0,1002.7,0.2,48.9,44.7,62.3,42.28,High,1
2022-02-05 18:00:00,34.1,42.6,7.3,50.0,1020.8,1.7,35.4,32.2,36.2,25.5,Low,0
2022-02-06 00:00:00,35.6,32.5,21.6,240.0,1011.5,0.3,34.6,33.4,33.6,21.73,Low,0
2022-02-06 06:00:00,38.8,50.5,2.1,369.0,1002.4,0.1,41.1,37.1,45.9,32.47,Moderate,0
2022-02-06 12:00:00,25.1,37.4,3.5,280.0,1009.2,2.6,26.6,24.2,24.3,22.96,Low,0
2022-02-06 18:00:00,45.9,60.1,7.7,927.0,998.1,0.6,48.0,44.3,60.2,41.3,High,1
2022-02-07 00:00:00,35.4,34.9,5.2,864.0,1016.1,0.2,36.5,33.9,37.0,30.17,Moderate,0
2022-02-07 06:00:00,45.4,58.1,12.7,698.0,1016.1,2.7,46.8,43.6,57.6,38.6,High,1
2022-02-07 12:00:00,28.9,31.8,7.9,391.0,1006.2,2.2,29.5,27.5,27.5,23.08,Low,0
2022-02-07 18:00:00,46.7,70.3,2.8,884.0,1007.3,1.7,49.9,45.4,66.3,45.26,High,1
2022-02-08 00:00:00,39.4,76.5,6.4,153.0,995.0,3.6,42.5,38.3,52.1,37.98,Moderate,0
2022-02-08 06:00:00,37.9,28.3,10.6,1085.0,991.5,1.0,38.0,36.2,38.0,30.5,Moderate,0
2022-02-08 12:00:00,35.6,55.1,14.8,379.0,1001.2,0.2,36.6,34.3,39.2,29.75,Moderate,0
2022-02-08 18:00:00,32.3,25.3,3.4,484.0,1004.1,0.1,33.2,30.4,31.7,23.84,Low,0
2022-02-09 00:00:00,42.4,64.9,11.1,443.0,1015.6,0.6,44.3,40.9,54.1,36.62,Moderate,1
2022-02-09 06:00:00,35.0,39.8,7.4,282.0,1014.2,0.1,36.1,33.2,36.9,26.37,Low,0
2022-02-09 12:00:00,20.2,59.6,19.9,1031.0,1006.8,1.2,20.8,21.3,17.0,28.16,Moderate,0
2022-02-09 18:00:00,26.2,58.8,6.4,747.0,1016.9,0.0,28.4,26.4,27.5,30.81,Moderate,0
2022-02-10 00:00:00,32.7,89.3,2.9,854.0,995.6,0.9,36.8,33.4,42.7,43.18,High,0
2022-02-10 06:00:00,36.2,61.2,5.5,244.0,1015.8,0.3,38.6,35.0,43.2,32.42,Moderate,0
2022-02-10 12:00:00,33.6,63.7,1.5,595.0,997.1,0.7,36.6,33.1,40.2,35.45,Moderate,0
2022-02-10 18:00:00,42.5,50.1,1.7,680.0,1017.4,1.7,44.8,40.7,52.0,37.0,Moderate,1
2022-02-11 00:00:00,20.3,91.2,2.1,618.0,1004.9,0.6,24.6,22.1,23.0,36.36,Moderate,0
2022-02-11 06:00:00,35.0,78.3,12.8,260.0,985.0,0.6,37.4,34.5,43.0,34.93,Moderate,0
2022-02-11 12:00:00,21.3,41.4,11.8,819.0,1012.3,7.0,22.0,21.4,18.5,26.17,Low,0
2022-02-11 18:00:00,39.3,83.3,13.2,580.0,1013.1,1.9,41.9,38.9,52.2,40.88,High,0
2022-02-12 00:00:00,33.3,52.4,5.9,311.0,1000.4,1.1,35.2,32.1,37.0,29.62,Moderate,0
2022-02-12 06:00:00,36.9,82.2,4.3,86.0,1001.3,1.3,40.5,36.2,48.9,37.4,Moderate,0
2022-02-12 12:00:00,28.0,81.7,34.0,702.0,1003.4,1.5,28.0,28.8,27.5,32.02,Moderate,0
2022-02-12 18:00:00,43.0,34.2,10.2,1100.0,985.7,0.0,43.5,41.0,46.7,34.11,Moderate,1
2022-02-13 00:00:00,41.3,72.6,3.9,296.0,981.4,0.1,44.5,40.0,55.4,38.21,High,1
2022-02-13 06:00:00,38.1,41.8,23.5,593.0,1018.0,1.6,37.4,36.3,38.7,27.9,Low,0
2022-02-13 12:00:00,33.1,42.3,21.3,828.0,996.8,0.7,32.7,32.1,32.0,27.66,Low,0
2022-02-13 18:00:00,38.1,42.2,14.2,233.0,1023.6,0.1,38.5,36.0,40.6,26.64,Low,0
2022-02-14 00:00:00,29.1,74.4,8.2,430.0,1018.7,0.5,31.8,29.2,33.4,33.46,Moderate,0
2022-02-14 06:00:00,40.0,37.2,4.8,335.0,1020.7,0.2,41.3,37.6,44.1,28.92,Moderate,0
2022-02-14 12:00:00,45.5,20.1,6.6,796.0,998.5,3.7,45.7,42.4,46.7,31.44,Moderate,1
2022-02-14 18:00:00,41.5,73.6,19.4,881.0,988.9,0.3,42.9,40.8,53.0,39.91,High,1
2022-02-15 00:00:00,28.9,32.8,5.3,590.0,994.1,0.2,29.9,27.7,28.2,24.64,Low,0
2022-02-15 06:00:00,36.5,27.8,3.3,340.0,1000.5,1.5,37.5,34.2,37.4,25.79,Low,0
2022-02-15 12:00:00,24.9,37.8,14.0,439.0,981.3,1.1,25.1,24.2,22.1,21.53,Low,0
2022-02-15 18:00:00,38.0,48.5,9.0,392.0,1000.2,1.3,39.3,36.3,42.8,30.82,Moderate,0
2022-02-16 00:00:00,37.2,55.7,5.5,306.0,1003.0,0.9,39.3,35.7,43.7,32.17,Moderate,0
2022-02-16 06:00:00,20.9,23.3,5.9,524.0,992.1,0.9,21.4,20.1,17.6,18.3,Low,0
2022-02-16 12:00:00,25.9,92.8,1.3,694.0,994.6,2.3,30.4,27.3,31.8,40.6,High,0
2022-02-16 18:00:00,32.0,73.7,6.2,673.0,1002.8,0.4,34.9,32.1,38.3,36.77,Moderate,0
2022-02-17 00:00:00,31.9,44.2,18.3,548.0,1008.6,0.8,31.9,30.8,31.2,26.14,Low,0
2022-02-17 06:00:00,25.5,43.9,4.3,564.0,996.1,4.7,27.2,25.1,25.4,27.46,Low,0
2022-02-17 12:00:00,36.7,53.6,35.0,530.0,1007.9,0.3,35.2,35.4,36.8,27.0,Low,0
2022-02-17 18:00:00,35.8,67.0,9.1,226.0,1006.4,0.5,38.1,34.8,43.0,32.91,Moderate,0
2022-02-18 00:00:00,32.6,31.0,2.6,590.0,1005.5,0.3,33.8,31.0,33.1,26.43,Low,0
2022-02-18 06:00:00,28.7,34.2,10.9,404.0,998.5,0.0,29.1,27.4,27.0,22.32,Low,0
2022-02-18 12:00:00,41.3,84.5,4.3,213.0,991.7,0.5,45.0,40.3,58.4,40.62,High,1
2022-02-18 18:00:00,45.6,39.2,14.3,643.0,1022.0,0.1,45.8,43.1,51.5,32.32,Moderate,1
2022-02-19 00:00:00,30.6,48.5,20.3,397.0,1011.3,0.3,30.6,29.6,29.7,24.92,Low,0
2022-02-19 06:00:00,29.7,85.3,16.2,607.0,1015.1,0.7,32.0,30.3,34.3,36.25,Moderate,0
2022-02-19 12:00:00,37.4,69.7,16.0,762.0,1004.2,0.0,39.0,36.9,45.0,36.77,Moderate,0
2022-02-19 18:00:00,31.5,45.6,6.7,312.0,1003.4,2.1,33.0,30.3,33.1,27.31,Low,0
2022-02-20 00:00:00,33.0,71.3,4.4,573.0,1009.9,2.4,36.0,32.8,39.9,36.93,Moderate,0
2022-02-20 06:00:00,39.2,21.5,13.1,97.0,986.7,0.8,38.7,36.1,37.6,21.4,Low,0
2022-02-20 12:00:00,20.6,75.2,4.7,933.0,993.9,6.3,23.8,22.1,21.7,36.33,Moderate,0
2022-02-20 18:00:00,43.2,56.5,6.8,210.0,997.0,1.7,45.2,41.1,54.1,34.38,Moderate,1
2022-02-21 00:00:00,34.5,81.0,4.9,421.0,1000.5,2.0,38.0,34.3,44.1,38.65,High,0
2022-02-21 06:00:00,31.1,91.6,5.4,885.0,996.2,0.3,35.0,32.1,39.7,42.56,High,0
2022-02-21 12:00:00,33.4,89.4,13.9,491.0,1008.3,2.7,36.2,33.7,41.8,39.23,High,0
2022-02-21 18:00:00,33.7,88.2,5.1,251.0,1005.8,4.4,37.5,33.7,43.9,39.62,High,0
2022-02-22 00:00:00,21.9,58.4,14.0,728.0,1018.9,0.4,23.1,22.5,20.2,27.26,Low,0
2022-02-22 06:00:00,44.5,47.0,20.2,723.0,1029.7,1.7,44.4,42.4,51.0,33.75,Moderate,1
2022-02-22 12:00:00,34.3,54.9,6.1,392.0,992.4,2.1,36.3,33.2,38.9,31.61,Moderate,0
2022-02-22 18:00:00,37.1,71.7,3.8,419.0,1006.5,0.5,40.2,36.3,47.2,37.18,Moderate,0
2022-02-23 00:00:00,40.7,86.3,17.6,441.0,1006.5,1.0,42.9,40.1,55.0,40.03,High,1
2022-02-23 06:00:00,26.9,35.5,11.4,498.0,1004.9,0.2,27.3,26.0,24.8,22.5,Low,0
2022-02-23 12:00:00,37.3,88.9,5.0,77.0,994.2,0.3,41.1,36.8,51.0,38.69,High,0
2022-02-23 18:00:00,32.1,81.1,7.1,505.0,995.8,0.1,35.3,32.2,39.5,37.12,Moderate,0
2022-02-24 00:00:00,39.9,93.4,12.0,996.0,1007.4,1.2,43.1,40.2,56.1,46.8,High,0
2022-02-24 06:00:00,19.1,86.0,2.3,326.0,995.5,1.5,23.1,20.5,20.9,32.6,Moderate,0
2022-02-24 12:00:00,33.3,41.0,25.8,404.0,1006.6,3.7,32.3,31.8,31.2,24.4,Low,0
2022-02-24 18:00:00,29.8,27.9,16.7,254.0,1002.5,1.2,29.2,28.1,26.4,19.37,Low,0
2022-02-25 00:00:00,37.0,28.4,9.3,703.0,1006.4,0.5,37.3,35.0,37.0,27.34,Low,0
2022-02-25 06:00:00,37.3,41.8,24.9,851.0,995.5,0.1,36.4,35.9,37.2,28.67,Moderate,0
2022-02-25 12:00:00,29.0,66.1,22.4,845.0,1006.6,3.2,29.6,29.3,29.4,32.55,Moderate,0
2022-02-25 18:00:00,29.0,80.3,8.0,238.0,996.2,1.0,32.1,29.1,34.0,33.66,Moderate,0
2022-02-26 00:00:00,33.2,87.4,7.5,675.0,1006.6,2.0,36.7,33.6,42.4,41.05,High,0
2022-02-26 06:00:00,27.7,66.8,7.7,908.0,1018.4,0.0,30.1,28.2,30.4,34.44,Moderate,0
2022-02-26 12:00:00,39.9,20.4,13.4,677.0,1007.6,1.0,39.3,37.3,38.2,25.8,Low,0
2022-02-26 18:00:00,31.4,34.0,12.7,670.0,1008.2,0.6,31.6,30.1,30.1,25.33,Low,0
2022-02-27 00:00:00,18.0,27.5,1.6,432.0,1013.2,0.0,19.2,17.6,15.6,17.9,Low,0
2022-02-27 06:00:00,31.4,47.2,12.1,605.0,991.0,2.2,32.3,30.5,32.2,28.82,Moderate,0
2022-02-27 12:00:00,26.7,57.6,12.1,859.0,1022.2,1.1,28.1,26.9,27.0,30.82,Moderate,0
2022-02-27 18:00:00,22.6,23.3,7.8,632.0,994.4,0.6,22.8,21.8,19.2,19.39,Low,0
2022-02-28 00:00:00,25.3,46.1,9.7,238.0,1013.8,2.5,26.4,24.6,24.3,23.63,Low,0
2022-02-28 06:00:00,34.8,33.4,2.0,436.0,1012.5,0.9,36.2,32.9,36.5,27.2,Low,0
2022-02-28 12:00:00,43.3,68.5,3.2,852.0,996.0,0.0,46.3,42.2,58.4,42.36,High,1
2022-02-28 18:00:00,36.2,54.8,4.7,631.0,1015.1,4.3,38.4,35.1,42.1,35.29,Moderate,0
2022-03-01 00:00:00,29.8,57.1,13.6,580.0,1010.0,0.4,31.0,29.4,31.0,29.46,Moderate,0
2022-03-01 06:00:00,37.2,52.1,20.8,411.0,1023.9,2.7,37.3,35.7,40.0,29.63,Moderate,0
2022-03-01 12:00:00,30.8,91.7,13.0,847.0,1006.9,2.5,33.8,31.8,37.7,41.41,High,0
2022-03-01 18:00:00,29.1,36.1,10.0,966.0,1003.9,0.3,29.7,28.4,27.9,27.47,Low,0
2022-03-02 00:00:00,25.9,58.7,14.9,866.0,999.9,1.0,27.0,26.2,25.5,30.19,Moderate,0
2022-03-02 06:00:00,21.7,75.2,0.6,911.0,987.6,0.1,25.4,23.1,24.0,35.31,Moderate,0
2022-03-02 12:00:00,31.3,61.8,19.7,460.0,1001.8,0.7,32.0,30.8,32.8,29.29,Moderate,0
2022-03-02 18:00:00,35.1,89.7,8.4,425.0,1002.2,2.0,38.6,35.2,46.1,40.43,High,0
2022-03-03 00:00:00,33.3,48.3,18.1,511.0,1007.6,0.4,33.5,32.2,33.9,27.41,Low,0
2022-03-03 06:00:00,31.1,54.8,14.3,560.0,990.8,0.2,32.1,30.5,32.5,29.1,Moderate,0
2022-03-03 12:00:00,27.4,26.6,5.0,908.0,1002.6,1.1,28.1,26.5,25.6,25.18,Low,0
2022-03-03 18:00:00,38.3,65.7,10.9,841.0,1010.8,1.2,40.3,37.6,46.7,38.21,High,0
2022-03-04 00:00:00,24.8,41.6,5.3,685.0,1011.8,1.7,26.2,24.5,24.1,26.23,Low,0
2022-03-04 06:00:00,39.4,32.0,12.6,192.0,986.4,2.1,39.5,36.8,40.5,25.38,Low,0
2022-03-04 12:00:00,27.0,60.8,27.8,128.0,1012.1,1.8,26.7,26.6,24.7,23.38,Low,0
2022-03-04 18:00:00,28.7,59.9,12.7,610.0,1002.5,2.8,30.2,28.5,30.0,30.91,Moderate,0
2022-03-05 00:00:00,23.7,25.7,4.8,770.0,1003.1,0.4,24.4,23.0,21.2,22.04,Low,0
2022-03-05 06:00:00,30.5,72.4,16.7,530.0,981.4,1.3,32.1,30.5,33.6,32.92,Moderate,0
2022-03-05 12:00:00,40.8,66.8,4.6,1029.0,1019.9,0.7,43.6,40.1,52.8,42.1,High,1
2022-03-05 18:00:00,37.6,34.2,20.3,279.0,1006.8,4.9,36.9,35.3,36.9,25.22,Low,0
2022-03-06 00:00:00,40.8,55.2,3.9,248.0,989.7,0.9,43.1,38.9,50.0,33.55,Moderate,1
2022-03-06 06:00:00,37.7,74.0,18.6,384.0,1008.8,4.8,39.2,36.9,45.9,36.31,Moderate,0
2022-03-06 12:00:00,26.3,59.7,6.2,374.0,1008.4,2.2,28.5,26.1,27.8,29.1,Moderate,0
2022-03-06 18:00:00,31.7,49.7,13.6,682.0,1017.2,1.9,32.6,31.0,32.7,29.75,Moderate,0
2022-03-07 00:00:00,28.5,44.2,16.8,445.0,1001.9,1.0,28.7,27.6,26.9,24.2,Low,0
2022-03-07 06:00:00,43.3,65.8,10.9,163.0,1005.1,0.9,45.3,41.4,56.2,35.29,Moderate,1
2022-03-07 12:00:00,25.6,90.4,6.8,773.0,998.6,1.1,29.3,27.0,30.0,38.94,High,0
2022-03-07 18:00:00,40.3,70.4,11.1,110.0,1011.0,0.5,42.5,38.8,51.5,34.52,Moderate,1
2022-03-08 00:00:00,40.3,25.6,8.4,282.0,997.2,3.5,40.6,37.4,41.0,26.19,Low,0
2022-03-08 06:00:00,46.8,54.6,9.5,144.0,996.1,2.4,48.4,44.2,59.8,34.73,Moderate,1
2022-03-08 12:00:00,31.1,86.8,2.3,602.0,1004.3,2.4,35.2,31.6,39.5,40.59,High,0
2022-03-08 18:00:00,39.0,27.1,14.7,597.0,992.7,0.9,38.6,36.6,38.4,26.18,Low,0
2022-03-09 00:00:00,50.0,94.2,10.6,1029.0,1021.0,0.1,53.4,49.3,82.1,51.68,Extreme,1
2022-03-09 06:00:00,29.7,91.2,1.8,778.0,1024.3,1.7,34.0,30.7,37.9,42.24,High,0
2022-03-09 12:00:00,23.3,25.9,7.1,910.0,1000.5,0.7,23.7,22.8,20.4,22.61,Low,0
2022-03-09 18:00:00,20.8,90.0,1.1,622.0,991.1,3.1,25.2,22.5,23.9,37.39,Moderate,0
2022-03-10 00:00:00,39.0,47.2,9.6,306.0,1008.4,2.3,40.2,37.1,44.0,30.53,Moderate,0
2022-03-10 06:00:00,20.8,83.4,13.3,582.0,1000.2,0.2,23.4,22.2,21.0,31.99,Moderate,0
2022-03-10 12:00:00,31.4,51.4,5.5,698.0,1016.7,1.4,33.3,30.8,34.1,31.6,Moderate,0
2022-03-10 18:00:00,37.1,53.1,5.2,726.0,997.1,1.8,39.1,36.0,43.1,35.01,Moderate,0
2022-03-11 00:00:00,35.3,67.6,6.8,432.0,1010.4,1.3,37.9,34.6,42.7,35.12,Moderate,0
2022-03-11 06:00:00,37.0,78.1,5.2,672.0,1006.1,1.1,40.3,36.7,48.1,40.56,High,0
2022-03-11 12:00:00,35.6,22.5,4.4,317.0,998.2,0.4,36.2,33.1,35.0,23.28,Low,0
2022-03-11 18:00:00,43.0,64.5,1.5,289.0,1007.4,0.4,46.0,41.2,57.0,37.48,Moderate,1
2022-03-12 00:00:00,27.3,34.0,5.0,271.0,1013.8,2.2,28.4,26.0,26.4,22.59,Low,0
2022-03-12 06:00:00,29.3,45.9,2.4,556.0,1005.9,0.0,31.3,28.5,31.0,28.35,Moderate,0
2022-03-12 12:00:00,28.6,46.1,19.7,256.0,1006.0,2.3,28.5,27.6,26.7,23.18,Low,0
2022-03-12 18:00:00,39.8,55.2,22.0,444.0,996.3,1.1,39.9,38.2,44.8,31.02,Moderate,0
2022-03-13 00:00:00,40.3,45.1,12.8,776.0,1016.4,4.1,41.0,38.6,44.9,34.1,Moderate,0
2022-03-13 06:00:00,37.2,28.1,19.1,293.0,1015.4,8.9,36.3,34.8,35.3,25.26,Low,0
2022-03-13 12:00:00,42.3,30.9,4.7,424.0,1000.9,1.6,43.3,39.6,45.8,29.56,Moderate,1
2022-03-13 18:00:00,25.8,22.5,13.2,568.0,1003.8,0.8,25.3,24.6,21.7,19.13,Low,0
2022-03-14 00:00:00,45.7,55.3,13.0,612.0,1019.1,1.0,46.9,43.7,57.2,36.73,Moderate,1
2022-03-14 06:00:00,44.7,91.6,11.3,425.0,993.7,0.3,47.9,43.9,66.9,44.05,High,1
2022-03-14 12:00:00,39.1,28.7,6.7,747.0,1011.0,0.2,39.7,36.9,40.4,29.1,Moderate,0
2022-03-14 18:00:00,46.5,91.0,9.1,698.0,999.4,1.3,50.0,45.7,71.7,47.54,High,1
2022-03-15 00:00:00,22.4,75.0,11.0,835.0,1022.8,2.5,24.8,23.6,22.9,33.77,Moderate,0
2022-03-15 06:00:00,30.3,67.8,10.8,530.0,1005.6,0.5,32.4,30.2,33.8,32.58,Moderate,0
2022-03-15 12:00:00,28.9,68.4,4.2,422.0,1017.6,0.8,31.8,28.8,33.0,32.71,Moderate,0
2022-03-15 18:00:00,39.1,82.0,21.1,379.0,997.4,1.2,40.7,38.4,49.9,37.14,Moderate,0
2022-03-16 00:00:00,26.6,28.0,9.7,627.0,992.5,3.6,26.8,25.5,23.9,22.99,Low,0
2022-03-16 06:00:00,39.3,57.9,15.3,456.0,1002.7,0.2,40.4,37.9,45.8,32.59,Moderate,0
2022-03-16 12:00:00,43.6,72.3,6.0,408.0,1007.6,0.4,46.5,42.2,59.6,39.7,High,1
2022-03-16 18:00:00,38.9,64.0,12.6,438.0,999.9,3.8,40.6,37.7,47.1,35.6,Moderate,0
2022-03-17 00:00:00,36.0,82.5,10.1,379.0,1012.6,0.1,38.9,35.7,46.1,37.68,Moderate,0
2022-03-17 06:00:00,27.1,25.4,4.6,600.0,1002.9,1.6,27.8,25.9,25.2,22.68,Low,0
2022-03-17 12:00:00,28.1,71.8,9.2,197.0,984.2,1.5,30.6,28.0,31.3,30.76,Moderate,0
2022-03-17 18:00:00,42.7,60.1,7.3,626.0,1010.5,0.7,44.8,41.2,54.1,37.72,Moderate,1
2022-03-18 00:00:00,39.5,48.4,7.9,719.0,996.2,0.9,41.0,38.0,45.4,34.0,Moderate,0
2022-03-18 06:00:00,33.7,45.5,17.2,405.0,1001.4,2.9,33.9,32.3,34.2,27.15,Low,0
2022-03-18 12:00:00,31.1,66.6,8.5,1031.0,1020.5,0.3,33.4,31.4,35.3,36.78,Moderate,0
2022-03-18 18:00:00,19.8,86.8,16.5,554.0,1022.7,0.4,22.2,21.4,19.2,31.6,Moderate,0
2022-03-19 00:00:00,26.5,57.2,13.5,160.0,999.2,1.1,27.7,26.0,26.4,25.11,Low,0
2022-03-19 06:00:00,47.4,81.9,10.0,480.0,1010.8,0.8,50.3,46.0,70.6,43.68,High,1
2022-03-19 12:00:00,25.0,50.2,17.8,566.0,999.5,1.3,25.4,24.8,22.8,24.94,Low,0
2022-03-19 18:00:00,35.3,27.7,16.9,662.0,1002.1,3.8,34.7,33.4,33.2,25.72,Low,0
2022-03-20 00:00:00,41.1,24.6,10.0,486.0,998.9,3.7,41.1,38.3,41.5,27.58,Low,0
2022-03-20 06:00:00,25.2,23.9,10.5,297.0,987.8,0.4,25.1,23.8,21.7,17.58,Low,0
2022-03-20 12:00:00,35.3,48.5,17.9,276.0,1006.0,0.5,35.6,33.7,36.9,26.68,Low,0
2022-03-20 18:00:00,40.6,45.3,14.1,387.0,1007.9,0.3,41.2,38.5,45.2,29.78,Moderate,0
2022-03-21 00:00:00,34.1,73.8,21.0,411.0,998.3,3.9,35.3,33.7,39.0,34.04,Moderate,0
2022-03-21 06:00:00,50.0,75.7,8.3,266.0,1015.9,0.8,52.8,47.9,75.1,42.04,High,1
2022-03-21 12:00:00,22.3,23.8,3.6,367.0,1000.6,0.9,23.1,21.3,19.7,18.33,Low,0
2022-03-21 18:00:00,41.4,36.6,5.4,715.0,998.6,2.4,42.6,39.3,45.9,32.9,Moderate,1
2022-03-22 00:00:00,32.8,40.6,1.7,962.0,1010.3,1.1,34.6,31.9,35.1,32.17,Moderate,0
2022-03-22 06:00:00,39.4,61.1,5.1,739.0,989.6,0.2,41.8,38.3,48.8,37.6,Moderate,0
2022-03-22 12:00:00,37.1,30.8,14.0,876.0,1014.1,0.9,37.0,35.3,36.8,28.48,Moderate,0
2022-03-22 18:00:00,28.9,30.0,8.4,794.0,1001.0,1.5,29.4,27.9,27.2,25.3,Low,0
2022-03-23 00:00:00,35.6,90.8,4.6,758.0,1014.9,1.9,39.6,36.0,48.1,44.15,High,0
2022-03-23 06:00:00,21.0,80.3,6.1,466.0,1017.9,1.6,24.3,22.2,22.4,32.36,Moderate,0
2022-03-23 12:00:00,38.2,33.5,11.3,585.0,1011.4,0.2,38.5,36.1,39.4,27.76,Low,0
2022-03-23 18:00:00,36.1,50.5,6.3,445.0,996.9,0.5,37.9,34.7,40.8,31.12,Moderate,0
2022-03-24 00:00:00,38.5,46.7,7.8,495.0,992.5,2.0,39.9,36.8,43.4,31.85,Moderate,0
2022-03-24 06:00:00,41.4,79.3,2.5,567.0,990.7,3.2,45.1,40.6,57.6,43.33,High,1
2022-03-24 12:00:00,36.6,58.3,19.4,728.0,1016.0,0.1,37.2,35.7,40.6,32.66,Moderate,0
2022-03-24 18:00:00,35.0,29.6,21.2,656.0,1003.7,0.1,33.9,33.2,32.3,23.86,Low,0
2022-03-25 00:00:00,27.8,75.4,4.8,510.0,999.0,1.5,31.0,28.2,32.1,34.75,Moderate,0
2022-03-25 06:00:00,29.0,49.8,7.1,564.0,1003.7,1.2,30.6,28.4,30.2,28.73,Moderate,0
2022-03-25 12:00:00,42.3,39.7,1.5,658.0,1015.8,0.3,44.1,40.1,48.9,33.7,Moderate,1
2022-03-25 18:00:00,44.1,48.2,18.4,717.0,1012.8,1.2,44.3,42.1,51.0,34.01,Moderate,1
2022-03-26 00:00:00,32.3,57.3,3.2,170.0,1009.4,5.5,34.8,31.2,36.8,31.42,Moderate,0
2022-03-26 06:00:00,34.3,45.7,8.9,281.0,1011.4,1.5,35.5,32.8,36.7,27.71,Low,0
2022-03-26 12:00:00,27.7,38.1,4.0,827.0,1006.8,0.9,29.1,27.1,27.6,27.71,Low,0
2022-03-26 18:00:00,42.2,49.9,9.1,535.0,1008.0,2.6,43.6,40.3,50.0,34.57,Moderate,1
2022-03-27 00:00:00,38.7,21.4,16.1,444.0,1007.2,0.4,37.8,36.0,36.4,23.02,Low,0
2022-03-27 06:00:00,47.6,77.9,13.4,484.0,1005.0,0.8,49.9,46.1,69.0,42.13,High,1
2022-03-27 12:00:00,27.9,32.8,14.1,484.0,1012.5,1.1,27.8,26.7,25.2,21.95,Low,0
2022-03-27 18:00:00,31.4,23.3,2.9,689.0,1008.6,1.1,32.2,29.8,30.4,24.93,Low,0
2022-03-28 00:00:00,35.6,69.0,8.8,273.0,996.2,3.8,38.0,34.7,43.1,34.89,Moderate,0
2022-03-28 06:00:00,38.5,78.0,29.9,556.0,1010.3,0.5,38.8,37.9,46.1,35.19,Moderate,0
2022-03-28 12:00:00,32.5,81.0,10.8,612.0,1007.5,0.1,35.3,32.7,39.4,37.34,Moderate,0
2022-03-28 18:00:00,27.9,57.0,9.3,649.0,1011.1,3.7,29.6,27.8,29.1,31.11,Moderate,0
2022-03-29 00:00:00,40.2,35.4,7.5,606.0,1004.0,0.4,41.1,38.0,43.4,30.13,Moderate,0
2022-03-29 06:00:00,39.0,75.3,10.1,679.0,1013.1,0.7,41.6,38.4,50.3,39.69,High,0
2022-03-29 12:00:00,27.6,72.5,9.1,407.0,1004.4,1.1,30.1,27.8,30.6,32.16,Moderate,0
2022-03-29 18:00:00,43.5,38.5,26.6,315.0,1012.2,5.6,42.2,40.8,45.5,28.2,Moderate,1
2022-03-30 00:00:00,42.2,87.8,15.5,1100.0,1000.4,1.1,44.7,42.2,59.1,46.47,High,1
2022-03-30 06:00:00,34.9,27.8,8.3,475.0,1001.1,0.9,35.3,32.9,34.4,24.87,Low,0
2022-03-30 12:00:00,34.6,93.7,15.0,504.0,1011.0,1.3,37.5,34.9,44.6,40.23,High,0
2022-03-30 18:00:00,37.9,84.5,5.1,719.0,1001.7,5.3,41.5,37.8,51.2,44.41,High,0
2022-03-31 00:00:00,28.0,71.6,9.0,949.0,1027.1,2.6,30.5,28.7,31.2,36.73,Moderate,0
2022-03-31 06:00:00,34.2,90.4,6.3,414.0,1010.7,0.3,38.0,34.4,45.0,39.94,High,0
2022-03-31 12:00:00,18.9,74.2,14.3,300.0,1005.2,2.4,20.9,19.9,17.5,27.28,Low,0
2022-03-31 18:00:00,40.1,34.3,8.5,239.0,1013.2,2.8,40.8,37.5,42.8,27.69,Low,0
2022-04-01 00:00:00,23.1,53.2,10.0,948.0,1000.2,1.8,24.6,23.6,22.1,29.44,Moderate,0
2022-04-01 06:00:00,44.5,25.4,8.0,290.0,1014.2,1.6,44.8,41.2,46.7,27.51,Low,1
2022-04-01 12:00:00,31.7,49.2,11.6,543.0,1014.0,0.9,32.8,30.8,33.0,28.63,Moderate,0
2022-04-01 18:00:00,32.5,75.6,14.5,306.0,1017.5,1.5,34.5,32.2,37.8,33.44,Moderate,0
2022-04-02 00:00:00,29.6,49.0,21.3,188.0,1000.6,2.0,29.5,28.5,28.1,23.42,Low,0
2022-04-02 06:00:00,32.0,44.8,7.5,477.0,992.8,0.2,33.3,30.8,33.5,27.75,Low,0
2022-04-02 12:00:00,43.9,64.7,4.2,316.0,998.9,0.4,46.6,42.1,58.3,37.6,Moderate,1
2022-04-02 18:00:00,18.0,85.4,12.1,377.0,1002.2,0.3,20.8,19.6,17.5,29.96,Moderate,0
2022-04-03 00:00:00,42.9,23.6,3.3,1052.0,1021.7,2.8,43.7,40.5,44.9,33.42,Moderate,1
2022-04-03 06:00:00,36.4,48.9,7.3,656.0,1027.0,1.7,38.0,35.1,40.7,32.66,Moderate,0
2022-04-03 12:00:00,25.6,31.9,2.6,783.0,1008.4,0.9,26.9,24.9,24.5,25.16,Low,0
2022-04-03 18:00:00,26.5,72.2,35.0,756.0,1005.1,2.6,25.9,27.1,23.9,29.56,Moderate,0
2022-04-04 00:00:00,45.7,27.9,19.5,525.0,1001.5,1.9,44.8,42.6,47.0,28.24,Moderate,1
2022-04-04 06:00:00,27.4,69.9,18.4,440.0,1013.2,3.7,28.7,27.5,28.2,30.72,Moderate,0
2022-04-04 12:00:00,25.9,41.5,21.9,612.0,1026.9,0.1,25.3,25.4,22.2,22.28,Low,0
2022-04-04 18:00:00,42.0,34.9,17.1,592.0,1022.9,1.1,41.7,39.6,44.1,29.03,Moderate,0
2022-04-05 00:00:00,36.4,90.2,10.9,408.0,1016.4,1.8,39.6,36.3,48.3,40.44,High,0
2022-04-05 06:00:00,27.4,21.4,11.1,582.0,1016.2,0.3,27.1,26.0,23.8,19.93,Low,0
2022-04-05 12:00:00,35.5,52.8,20.6,373.0,1013.3,0.6,35.7,34.2,37.5,28.06,Moderate,0
2022-04-05 18:00:00,26.8,21.6,21.5,507.0,1004.5,0.8,25.3,25.4,21.1,17.24,Low,0
2022-04-06 00:00:00,41.7,56.3,4.5,466.0,997.6,2.4,44.0,40.0,51.8,36.28,Moderate,1
2022-04-06 06:00:00,41.4,57.6,8.3,233.0,1004.8,1.0,43.3,39.5,50.8,33.47,Moderate,1
2022-04-06 12:00:00,37.7,44.1,9.8,50.0,1009.2,1.0,38.7,35.5,41.2,26.76,Low,0
2022-04-06 18:00:00,36.5,29.9,17.4,315.0,990.5,0.8,35.9,34.2,35.1,23.06,Low,0
2022-04-07 00:00:00,46.3,48.2,5.1,1001.0,1003.5,0.4,48.1,44.4,57.5,39.51,High,1
2022-04-07 06:00:00,34.0,70.4,4.7,473.0,996.7,3.8,37.0,33.5,41.4,36.84,Moderate,0
2022-04-07 12:00:00,25.7,78.7,3.1,744.0,1015.1,0.6,29.3,26.6,29.6,36.41,Moderate,0
2022-04-07 18:00:00,37.1,59.8,6.4,50.0,999.5,1.3,39.3,35.5,44.3,31.19,Moderate,0
2022-04-08 00:00:00,48.6,64.2,7.3,298.0,1008.3,0.2,50.9,46.3,67.4,38.76,High,1
2022-04-08 06:00:00,26.9,35.0,24.5,211.0,998.0,0.9,25.7,25.6,22.2,17.85,Low,0
2022-04-08 12:00:00,31.5,41.5,16.1,499.0,1021.0,3.5,31.6,30.3,30.7,26.3,Low,0
2022-04-08 18:00:00,36.9,32.1,17.4,1100.0,988.0,8.1,36.4,35.4,36.1,32.24,Moderate,0
2022-04-09 00:00:00,33.6,38.7,4.1,665.0,1009.8,0.7,35.0,32.3,35.4,29.21,Moderate,0
2022-04-09 06:00:00,27.1,36.9,8.0,974.0,992.2,0.3,28.0,26.7,25.9,27.23,Low,0
2022-04-09 12:00:00,41.9,59.0,14.8,486.0,999.9,0.6,43.1,40.3,50.8,34.5,Moderate,1
2022-04-09 18:00:00,50.0,62.2,10.3,891.0,1007.1,0.6,51.9,48.1,69.2,42.88,High,1
2022-04-10 00:00:00,35.4,90.9,13.2,1068.0,1007.6,1.6,38.4,36.1,46.0,44.58,High,0
2022-04-10 06:00:00,27.7,34.7,3.1,523.0,1007.3,1.0,29.1,26.7,27.3,24.79,Low,0
2022-04-10 12:00:00,23.2,68.1,10.0,415.0,1006.5,2.2,25.4,23.7,23.6,29.35,Moderate,0
2022-04-10 18:00:00,35.8,81.3,15.4,221.0,998.6,1.8,38.0,35.3,44.5,35.64,Moderate,0
2022-04-11 00:00:00,41.7,62.0,4.2,473.0,1003.4,0.4,44.3,40.2,53.3,37.11,Moderate,1
2022-04-11 06:00:00,37.3,39.1,2.0,570.0,1005.3,2.3,39.0,35.5,41.1,31.24,Moderate,0
2022-04-11 12:00:00,34.0,39.7,4.0,1058.0,1007.0,2.8,35.5,33.0,36.2,33.34,Moderate,0
2022-04-11 18:00:00,29.9,22.9,20.4,226.0,1004.3,1.4,28.6,27.9,25.1,17.28,Low,0
2022-04-12 00:00:00,26.4,42.9,3.5,565.0,1012.3,3.9,28.1,25.8,26.6,27.51,Low,0
2022-04-12 06:00:00,39.8,75.8,9.4,96.0,1005.9,2.3,42.5,38.6,52.2,36.5,Moderate,0
2022-04-12 12:00:00,40.4,23.6,1.9,443.0,1007.0,1.4,41.4,37.6,41.9,27.51,Low,0
2022-04-12 18:00:00,23.2,36.4,4.7,628.0,1001.2,3.5,24.5,22.8,21.7,24.54,Low,0
2022-04-13 00:00:00,45.1,73.0,10.7,678.0,994.5,1.4,47.5,43.8,62.1,41.98,High,1
2022-04-13 06:00:00,38.0,78.7,9.3,697.0,1006.5,1.1,40.8,37.7,49.3,40.53,High,0
2022-04-13 12:00:00,43.8,54.1,18.4,649.0,1017.1,0.7,44.3,42.0,52.2,34.67,Moderate,1
2022-04-13 18:00:00,24.6,72.4,12.3,695.0,1009.4,3.2,26.7,25.4,25.6,33.04,Moderate,0
2022-04-14 00:00:00,24.4,49.1,4.2,561.0,996.8,0.2,26.4,24.2,24.5,26.69,Low,0
2022-04-14 06:00:00,33.0,32.0,7.9,288.0,1013.1,1.0,33.7,31.1,32.8,23.78,Low,0
2022-04-14 12:00:00,37.5,49.9,6.7,87.0,1001.6,1.2,39.2,35.6,42.8,29.08,Moderate,0
2022-04-14 18:00:00,46.6,63.5,1.1,413.0,1012.1,1.2,49.6,44.6,64.1,40.14,High,1
2022-04-15 00:00:00,38.9,91.1,24.9,516.0,1001.3,1.6,40.5,38.7,50.9,39.73,High,0
2022-04-15 06:00:00,32.3,25.2,9.6,863.0,1008.5,1.1,32.4,30.8,30.4,25.77,Low,0
2022-04-15 12:00:00,26.8,58.1,10.8,525.0,999.8,0.4,28.4,26.7,27.4,28.5,Moderate,0
2022-04-15 18:00:00,42.6,44.7,14.5,501.0,1000.1,2.9,43.1,40.4,48.2,32.22,Moderate,1
2022-04-16 00:00:00,27.2,58.1,14.6,646.0,989.3,1.6,28.4,27.2,27.3,29.25,Moderate,0
2022-04-16 06:00:00,45.4,21.8,15.7,482.0,1010.1,2.9,44.6,42.1,45.4,27.37,Low,1
2022-04-16 12:00:00,32.0,43.5,7.0,753.0,1008.7,0.5,33.3,31.1,33.4,29.7,Moderate,0
2022-04-16 18:00:00,45.1,81.5,6.4,1045.0,1009.3,1.5,48.4,44.5,65.6,47.75,High,1
2022-04-17 00:00:00,38.8,61.5,18.9,1098.0,1007.8,1.9,39.6,38.2,45.1,37.96,Moderate,0
2022-04-17 06:00:00,33.0,53.8,25.3,574.0,997.4,0.7,32.7,32.2,33.0,27.79,Low,0
2022-04-17 12:00:00,30.4,41.4,1.9,634.0,1014.7,2.5,32.2,29.4,31.9,29.28,Moderate,0
2022-04-17 18:00:00,31.6,42.4,18.4,945.0,1014.9,0.0,31.5,30.9,30.5,28.23,Moderate,0
2022-04-18 00:00:00,37.0,48.7,7.9,513.0,997.1,1.4,38.5,35.5,41.5,31.58,Moderate,0
2022-04-18 06:00:00,34.5,82.7,8.9,720.0,1010.3,1.4,37.6,34.7,43.6,40.31,High,0
2022-04-18 12:00:00,29.8,92.5,0.6,266.0,1013.7,1.1,34.4,30.3,38.4,38.79,High,0
2022-04-18 18:00:00,32.8,52.9,9.4,472.0,1000.3,1.5,34.3,31.8,35.6,30.17,Moderate,0
2022-04-19 00:00:00,34.6,49.5,6.0,839.0,1002.0,0.3,36.4,33.7,38.4,33.14,Moderate,0
2022-04-19 06:00:00,19.1,83.5,1.0,370.0,1010.3,1.7,23.2,20.5,21.0,32.64,Moderate,0
2022-04-19 12:00:00,37.2,52.0,20.1,518.0,989.9,0.6,37.4,35.8,40.1,29.82,Moderate,0
2022-04-19 18:00:00,27.1,61.4,10.7,156.0,994.1,0.9,28.9,26.7,28.3,26.89,Low,0
2022-04-20 00:00:00,25.9,37.3,11.9,1051.0,995.1,0.6,26.3,25.7,23.7,26.69,Low,0
2022-04-20 06:00:00,22.2,75.8,20.0,866.0,987.0,1.0,23.6,23.5,21.0,31.78,Moderate,0
2022-04-20 12:00:00,21.4,59.9,14.8,597.0,1015.8,1.5,22.6,22.0,19.5,26.65,Low,0
2022-04-20 18:00:00,24.5,80.7,3.0,677.0,985.1,2.7,28.2,25.6,28.1,36.62,Moderate,0
2022-04-21 00:00:00,29.0,78.6,17.1,649.0,1008.4,1.0,30.9,29.5,32.0,34.5,Moderate,0
2022-04-21 06:00:00,47.7,36.1,2.3,896.0,1013.1,0.6,49.2,45.1,56.3,36.96,Moderate,1
2022-04-21 12:00:00,30.3,73.7,14.1,420.0,1002.1,1.0,32.3,30.3,34.0,32.74,Moderate,0
2022-04-21 18:00:00,35.2,80.0,28.7,733.0,998.3,1.8,35.8,35.2,40.6,36.23,Moderate,0
2022-04-22 00:00:00,36.8,46.0,14.2,819.0,1007.3,0.6,37.4,35.5,39.4,31.57,Moderate,0
2022-04-22 06:00:00,34.9,32.9,7.3,854.0,1005.0,0.8,35.7,33.4,35.5,29.16,Moderate,0
2022-04-22 12:00:00,33.5,20.2,28.1,50.0,1015.0,1.2,31.1,30.9,27.5,15.3,Low,0
2022-04-22 18:00:00,25.6,53.8,10.7,400.0,978.7,0.5,27.0,25.3,25.3,26.0,Low,0
2022-04-23 00:00:00,44.2,46.4,4.3,295.0,995.8,0.4,46.0,41.7,53.4,32.98,Moderate,1
2022-04-23 06:00:00,46.7,61.6,5.7,587.0,1010.6,0.2,49.1,44.8,62.7,39.75,High,1
2022-04-23 12:00:00,22.2,34.1,5.5,50.0,1005.5,0.7,23.2,21.2,20.1,18.04,Low,0
2022-04-23 18:00:00,26.8,84.5,32.3,50.0,1012.5,0.1,27.1,27.1,26.3,27.14,Low,0
2022-04-24 00:00:00,32.0,39.3,14.0,1093.0,1007.6,1.3,32.3,31.3,31.4,30.08,Moderate,0
2022-04-24 06:00:00,27.2,37.0,14.3,704.0,1003.7,0.3,27.3,26.5,24.8,24.02,Low,0
2022-04-24 12:00:00,37.5,56.1,12.8,580.0,1002.0,0.7,38.8,36.3,42.9,32.93,Moderate,0
2022-04-24 18:00:00,28.9,57.4,11.3,641.0,1028.3,0.5,30.4,28.7,30.2,30.08,Moderate,0
2022-04-25 00:00:00,49.2,36.1,6.5,587.0,1020.3,1.5,50.2,46.1,58.0,34.79,Moderate,1
2022-04-25 06:00:00,42.3,40.4,3.5,799.0,1010.0,2.8,43.9,40.3,48.7,35.41,Moderate,1
2022-04-25 12:00:00,35.5,32.7,12.0,392.0,1005.8,1.5,35.7,33.5,35.4,25.21,Low,0
2022-04-25 18:00:00,41.2,73.9,27.5,597.0,1010.4,1.2,41.6,40.3,50.9,36.41,Moderate,0
2022-04-26 00:00:00,41.7,77.8,11.6,607.0,1013.3,1.7,44.2,40.9,56.1,41.04,High,1
2022-04-26 06:00:00,30.1,54.7,21.3,288.0,1009.2,0.0,30.3,29.3,29.6,25.12,Low,0
2022-04-26 12:00:00,28.3,73.6,1.8,869.0,997.5,0.2,31.8,28.9,33.3,37.36,Moderate,0
2022-04-26 18:00:00,34.5,75.2,11.6,439.0,1022.8,0.1,36.9,34.1,41.8,35.33,Moderate,0
2022-04-27 00:00:00,40.0,30.4,6.2,804.0,1007.5,0.2,40.8,37.9,42.2,30.46,Moderate,0
2022-04-27 06:00:00,35.0,92.5,4.1,579.0,1025.1,0.5,39.1,35.3,47.3,42.57,High,0
2022-04-27 12:00:00,23.0,81.6,23.9,958.0,1006.9,1.1,24.2,24.5,21.9,33.54,Moderate,0
2022-04-27 18:00:00,28.4,35.3,6.8,290.0,1002.5,0.2,29.3,27.1,27.6,22.49,Low,0
2022-04-28 00:00:00,33.5,34.0,14.0,279.0,1018.8,4.1,33.5,31.6,32.6,24.3,Low,0
2022-04-28 06:00:00,33.5,29.4,8.7,324.0,1008.0,2.9,33.9,31.5,32.8,24.13,Low,0
2022-04-28 12:00:00,47.8,30.4,3.0,583.0,1006.3,5.3,49.0,44.7,54.3,34.74,Moderate,1
2022-04-28 18:00:00,24.3,76.1,15.3,935.0,993.0,0.1,26.3,25.5,24.9,33.95,Moderate,0
2022-04-29 00:00:00,37.5,55.2,7.2,948.0,1011.6,2.9,39.4,36.6,43.8,37.36,Moderate,0
2022-04-29 06:00:00,44.4,78.7,16.9,50.0,1000.1,2.4,46.3,42.8,61.1,37.49,Moderate,1
2022-04-29 12:00:00,49.9,76.0,4.7,612.0,1000.5,3.5,53.1,48.2,75.6,46.33,High,1
2022-04-29 18:00:00,31.2,65.3,6.3,50.0,1000.1,1.1,33.7,30.4,35.7,29.86,Moderate,0
2022-04-30 00:00:00,37.4,71.5,13.6,749.0,1009.4,2.3,39.3,36.9,45.8,38.41,High,0
2022-04-30 06:00:00,38.0,21.4,5.0,830.0,989.6,0.1,38.5,35.8,37.7,27.71,Low,0
2022-04-30 12:00:00,35.4,43.4,15.1,540.0,1002.9,0.1,35.8,33.9,36.7,27.85,Low,0
2022-04-30 18:00:00,33.3,67.8,1.5,571.0,1014.8,0.2,36.5,32.9,40.4,35.99,Moderate,0
2022-05-01 00:00:00,37.1,20.7,3.5,568.0,992.5,3.7,37.7,34.7,36.7,26.72,Low,0
2022-05-01 06:00:00,18.0,22.5,9.9,354.0,1006.7,0.1,17.9,17.3,13.6,14.43,Low,0
2022-05-01 12:00:00,38.8,83.9,14.4,658.0,998.7,0.2,41.3,38.5,51.1,40.56,High,0
2022-05-01 18:00:00,34.9,71.3,10.2,492.0,1001.0,4.0,37.2,34.4,42.0,36.58,Moderate,0
2022-05-02 00:00:00,32.4,39.9,13.2,783.0,1021.6,0.2,32.8,31.3,32.2,27.86,Low,0
2022-05-02 06:00:00,48.3,71.6,6.9,522.0,988.5,3.1,51.1,46.5,69.6,43.26,High,1
2022-05-02 12:00:00,29.3,79.4,1.3,335.0,1012.7,2.3,33.1,29.5,35.7,36.09,Moderate,0
2022-05-02 18:00:00,31.2,43.0,7.5,166.0,1000.2,0.1,32.4,29.8,32.2,24.57,Low,0
2022-05-03 00:00:00,47.9,22.7,7.7,84.0,999.7,0.0,48.1,44.0,50.7,26.32,Low,1
2022-05-03 06:00:00,28.2,90.0,20.1,878.0,993.9,1.1,30.3,29.4,31.6,38.14,High,0
2022-05-03 12:00:00,30.1,45.9,14.9,436.0,1012.5,8.8,30.6,29.1,29.6,28.39,Moderate,0
2022-05-03 18:00:00,33.0,28.0,3.8,635.0,1003.1,3.2,33.9,31.3,32.9,26.97,Low,0
2022-05-04 00:00:00,39.9,56.9,1.0,996.0,1001.8,0.6,42.6,38.9,49.4,39.66,High,0
2022-05-04 06:00:00,35.5,77.6,8.6,409.0,1006.1,0.7,38.3,35.1,44.6,36.97,Moderate,0
2022-05-04 12:00:00,25.0,36.6,6.1,393.0,1003.3,0.7,26.1,24.2,23.6,22.37,Low,0
2022-05-04 18:00:00,30.3,40.2,26.2,517.0,985.0,2.0,29.2,29.2,26.9,23.02,Low,0
2022-05-05 00:00:00,29.7,38.2,20.5,557.0,1000.1,0.6,29.2,28.6,27.0,23.2,Low,0
2022-05-05 06:00:00,33.5,94.4,3.0,1022.0,1014.0,0.2,37.9,34.5,45.0,45.81,High,0
2022-05-05 12:00:00,37.0,34.8,14.6,941.0,989.9,2.1,37.0,35.5,37.3,30.22,Moderate,0
2022-05-05 18:00:00,36.9,63.2,13.1,705.0,994.1,0.9,38.5,36.1,43.3,35.39,Moderate,0
2022-05-06 00:00:00,21.6,89.4,12.8,912.0,1000.7,0.1,24.5,23.5,22.7,36.38,Moderate,0
2022-05-06 06:00:00,41.4,31.0,35.0,505.0,997.7,2.3,38.7,38.8,38.7,23.97,Low,0
2022-05-06 12:00:00,35.8,92.8,8.8,625.0,1004.7,1.3,39.4,36.1,48.0,42.69,High,0
2022-05-06 18:00:00,43.7,91.1,15.8,475.0,994.1,1.0,46.4,43.0,63.4,43.19,High,1
2022-05-07 00:00:00,37.1,86.3,17.3,227.0,1001.1,1.7,39.3,36.6,47.6,37.11,Moderate,0
2022-05-07 06:00:00,41.7,36.1,12.1,851.0,1004.5,1.1,42.1,39.6,44.9,32.14,Moderate,1
2022-05-07 12:00:00,37.3,67.6,26.0,683.0,1011.5,1.6,37.6,36.6,42.4,34.17,Moderate,0
2022-05-07 18:00:00,43.4,77.1,10.9,555.0,1017.4,3.0,45.9,42.3,59.6,41.84,High,1
2022-05-08 00:00:00,37.7,94.0,16.7,549.0,1002.4,1.4,40.4,37.8,50.6,41.73,High,0
2022-05-08 06:00:00,33.3,33.5,5.5,173.0,1023.9,1.6,34.3,31.3,33.9,24.12,Low,0
2022-05-08 12:00:00,49.9,77.5,3.5,306.0,1003.2,1.4,53.4,47.9,76.5,43.92,High,1
2022-05-08 18:00:00,40.2,45.4,13.6,634.0,1013.3,1.1,40.8,38.4,44.7,31.86,Moderate,0
2022-05-09 00:00:00,38.0,33.2,9.1,418.0,1024.3,0.3,38.6,35.8,39.5,26.82,Low,0
2022-05-09 06:00:00,25.1,51.6,9.5,496.0,1006.4,0.6,26.5,24.9,24.7,26.22,Low,0
2022-05-09 12:00:00,25.0,79.5,7.4,524.0,991.3,1.8,28.1,25.8,27.8,34.21,Moderate,0
2022-05-09 18:00:00,36.0,54.9,16.5,379.0,1005.9,0.8,36.8,34.7,39.5,29.75,Moderate,0
2022-05-10 00:00:00,35.0,60.3,10.7,308.0,998.9,0.8,36.7,33.9,40.1,31.28,Moderate,0
2022-05-10 06:00:00,29.7,94.6,34.8,147.0,1002.3,2.1,30.3,30.2,31.9,31.89,Moderate,0
2022-05-10 12:00:00,35.0,49.9,10.5,513.0,1024.8,0.0,36.2,33.8,38.2,29.97,Moderate,0
2022-05-10 18:00:00,45.1,66.2,12.5,705.0,992.8,1.7,46.9,43.6,59.6,40.23,High,1
2022-05-11 00:00:00,38.9,47.4,17.9,139.0,1008.0,1.0,39.1,36.8,42.3,27.17,Low,0
2022-05-11 06:00:00,26.0,49.5,13.5,544.0,996.2,0.7,26.9,25.7,24.8,25.7,Low,0
2022-05-11 12:00:00,33.2,72.2,3.6,620.0,1001.9,0.6,36.4,33.0,40.6,37.13,Moderate,0
2022-05-11 18:00:00,28.4,90.3,8.2,303.0,1012.4,0.3,31.9,29.0,34.3,36.09,Moderate,0
2022-05-12 00:00:00,31.3,60.7,5.2,906.0,1008.2,0.6,33.7,31.2,35.4,35.22,Moderate,0
2022-05-12 06:00:00,31.1,77.6,13.0,454.0,1002.7,0.7,33.4,31.2,36.1,34.44,Moderate,0
2022-05-12 12:00:00,30.7,26.7,11.4,525.0,998.5,0.9,30.7,29.1,28.4,22.46,Low,0
2022-05-12 18:00:00,25.2,35.8,17.1,510.0,1008.2,1.7,24.9,24.4,21.7,21.29,Low,0
2022-05-13 00:00:00,33.1,57.7,18.7,107.0,1022.1,0.9,33.7,31.9,35.1,26.7,Low,0
2022-05-13 06:00:00,30.1,21.5,5.2,802.0,996.0,2.4,30.6,28.6,28.1,24.74,Low,0
2022-05-13 12:00:00,18.0,39.0,18.4,311.0,1024.1,1.5,17.7,17.9,13.1,17.03,Low,0
2022-05-13 18:00:00,48.4,58.8,20.3,491.0,1017.0,0.3,48.9,46.1,62.5,36.21,Moderate,1
2022-05-14 00:00:00,41.6,21.1,4.3,699.0,1018.7,0.5,42.1,38.9,42.3,28.55,Moderate,1
2022-05-14 06:00:00,31.4,39.8,12.5,915.0,1008.1,0.1,31.9,30.6,31.0,28.48,Moderate,0
2022-05-14 12:00:00,34.1,58.6,22.8,280.0,1016.7,4.4,34.3,33.0,36.0,29.07,Moderate,0
2022-05-14 18:00:00,25.8,63.0,8.1,438.0,994.9,3.3,28.0,25.9,27.1,30.18,Moderate,0
2022-05-15 00:00:00,45.9,89.4,9.6,896.0,998.3,0.1,49.2,45.3,69.5,47.84,High,1
2022-05-15 06:00:00,47.3,68.4,12.4,666.0,1012.7,1.3,49.2,45.6,65.1,41.36,High,1
2022-05-15 12:00:00,35.1,51.1,10.6,718.0,1008.0,4.8,36.4,34.1,38.5,33.52,Moderate,0
2022-05-15 18:00:00,41.2,89.8,11.1,287.0,1003.5,2.1,44.4,40.5,58.2,41.66,High,1
2022-05-16 00:00:00,35.2,78.9,14.7,455.0,980.0,1.0,37.4,34.9,43.1,36.39,Moderate,0
2022-05-16 06:00:00,24.6,35.0,15.1,508.0,1000.6,0.4,24.5,23.9,21.2,20.75,Low,0
2022-05-16 12:00:00,31.1,29.8,9.3,336.0,993.3,0.5,31.5,29.4,29.7,22.28,Low,0
2022-05-16 18:00:00,34.9,70.7,27.7,131.0,1009.9,2.0,35.1,34.0,38.5,29.52,Moderate,0
2022-05-17 00:00:00,30.8,62.0,5.2,422.0,1003.1,2.3,33.3,30.3,34.8,32.29,Moderate,0
2022-05-17 06:00:00,32.5,79.2,16.8,889.0,998.7,1.1,34.4,32.9,38.0,38.12,High,0
2022-05-17 12:00:00,33.4,75.4,1.0,565.0,1031.4,0.2,37.1,33.3,42.0,37.99,Moderate,0
2022-05-17 18:00:00,33.4,66.9,10.1,894.0,1015.4,4.1,35.5,33.3,38.8,37.88,Moderate,0
2022-05-18 00:00:00,34.4,94.0,0.8,595.0,1015.6,2.8,39.0,34.8,47.1,44.26,High,0
2022-05-18 06:00:00,26.6,60.0,10.5,359.0,1027.0,0.2,28.3,26.4,27.4,27.63,Low,0
2022-05-18 12:00:00,29.0,28.5,13.4,869.0,1013.0,0.1,28.8,28.0,26.1,24.05,Low,0
2022-05-18 18:00:00,25.0,82.1,7.6,603.0,997.3,1.2,28.2,26.0,28.1,35.2,Moderate,0
2022-05-19 00:00:00,40.8,38.9,9.8,790.0,996.1,0.5,41.6,38.9,44.7,32.22,Moderate,0
2022-05-19 06:00:00,19.3,78.3,15.9,283.0,1014.6,0.5,21.3,20.4,18.0,27.38,Low,0
2022-05-19 12:00:00,42.1,91.8,0.1,810.0,984.4,0.1,46.7,41.9,62.9,47.98,High,1
2022-05-19 18:00:00,43.7,72.3,6.6,817.0,1004.2,4.6,46.5,42.7,59.7,44.16,High,1
2022-05-20 00:00:00,31.9,64.7,23.2,622.0,983.3,2.7,32.4,31.6,33.4,31.5,Moderate,0
2022-05-20 06:00:00,18.0,54.5,3.6,348.0,1006.0,0.2,20.3,18.5,17.0,23.68,Low,0
2022-05-20 12:00:00,31.5,47.3,5.7,538.0,1013.5,3.1,33.2,30.5,33.6,29.98,Moderate,0
2022-05-20 18:00:00,33.6,46.5,1.4,703.0,1007.8,1.7,35.8,32.6,37.3,32.33,Moderate,0
2022-05-21 00:00:00,26.9,67.7,6.6,609.0,1014.4,0.6,29.5,27.2,29.5,32.49,Moderate,0
2022-05-21 06:00:00,30.4,76.3,9.0,700.0,1024.6,3.1,33.1,30.7,35.5,37.29,Moderate,0
2022-05-21 12:00:00,44.7,70.9,35.0,803.0,1003.6,1.4,44.0,43.5,55.9,37.35,Moderate,1
2022-05-21 18:00:00,38.7,34.9,12.8,388.0,1033.1,2.8,38.9,36.4,40.1,27.47,Low,0
2022-05-22 00:00:00,27.5,57.0,6.9,261.0,1007.1,1.0,29.5,27.0,29.0,27.55,Low,0
2022-05-22 06:00:00,22.8,79.4,2.4,541.0,1014.5,1.0,26.5,23.8,25.6,34.04,Moderate,0
2022-05-22 12:00:00,31.7,55.7,5.7,468.0,998.9,0.5,33.8,30.9,35.2,30.74,Moderate,0
2022-05-22 18:00:00,32.5,60.2,4.8,746.0,1021.2,0.7,34.9,32.1,37.2,34.56,Moderate,0
2022-05-23 00:00:00,37.5,77.8,1.1,281.0,1015.4,1.3,41.3,36.8,49.8,38.67,High,0
2022-05-23 06:00:00,30.3,69.6,3.5,805.0,1019.7,4.4,33.4,30.5,35.5,37.91,Moderate,0
2022-05-23 12:00:00,37.6,50.7,7.1,888.0,1005.5,1.4,39.3,36.5,43.0,35.33,Moderate,0
2022-05-23 18:00:00,47.5,87.2,7.9,550.0,992.4,0.2,50.9,46.4,73.1,45.79,High,1
2022-05-24 00:00:00,39.7,32.2,15.7,565.0,1009.6,0.0,39.4,37.4,40.3,27.01,Low,0
2022-05-24 06:00:00,33.7,94.7,23.9,358.0,988.0,2.9,35.6,34.0,41.3,37.76,Moderate,0
2022-05-24 12:00:00,32.7,28.9,7.8,414.0,1001.6,0.7,33.2,30.9,31.9,23.73,Low,0
2022-05-24 18:00:00,31.5,21.1,17.2,448.0,1006.9,0.6,30.5,29.5,27.4,19.58,Low,0
2022-05-25 00:00:00,42.3,86.8,6.9,911.0,1028.8,2.4,45.8,42.0,60.7,47.03,High,1
2022-05-25 06:00:00,29.6,38.4,4.5,532.0,1008.2,4.4,31.0,28.5,30.0,27.55,Low,0
2022-05-25 12:00:00,34.3,74.7,15.2,219.0,1006.4,2.1,36.2,33.7,40.6,33.45,Moderate,0
2022-05-25 18:00:00,34.4,80.8,6.8,614.0,1004.4,0.3,37.6,34.4,43.5,39.03,High,0
2022-05-26 00:00:00,30.5,84.4,5.0,757.0,991.6,0.7,34.1,31.2,37.6,39.75,High,0
2022-05-26 06:00:00,24.4,94.4,4.3,544.0,1005.9,2.1,28.6,25.8,29.1,38.53,High,0
2022-05-26 12:00:00,36.3,42.1,2.1,917.0,1006.0,3.6,38.2,35.1,40.3,34.58,Moderate,0
2022-05-26 18:00:00,33.6,73.3,9.8,744.0,995.3,9.9,36.1,33.5,40.2,40.53,High,0
2022-05-27 00:00:00,37.5,28.7,6.0,288.0,993.1,1.1,38.2,35.0,38.4,25.4,Low,0
2022-05-27 06:00:00,30.3,50.5,17.6,412.0,1000.2,2.6,30.7,29.4,30.0,26.74,Low,0
2022-05-27 12:00:00,42.5,83.6,28.0,607.0,1005.6,0.1,43.3,41.8,56.2,39.01,High,1
2022-05-27 18:00:00,27.9,47.6,4.3,133.0,1000.4,0.5,29.8,26.9,28.9,24.77,Low,0
2022-05-28 00:00:00,46.0,64.3,2.8,634.0,994.5,0.7,48.9,44.3,62.8,41.22,High,1
2022-05-28 06:00:00,21.8,57.8,24.4,110.0,1007.9,5.6,21.8,21.8,18.0,22.16,Low,0
2022-05-28 12:00:00,37.0,68.4,10.6,806.0,1010.4,0.0,39.1,36.5,45.0,37.68,Moderate,0
2022-05-28 18:00:00,37.3,93.0,10.3,777.0,1006.2,0.6,40.7,37.6,50.8,44.01,High,0
2022-05-29 00:00:00,28.4,24.2,12.0,676.0,999.4,4.0,28.2,27.1,25.1,22.9,Low,0
2022-05-29 06:00:00,37.0,63.0,19.7,381.0,1010.9,0.5,37.8,35.9,42.2,31.49,Moderate,0
2022-05-29 12:00:00,43.0,84.7,19.6,593.0,1003.1,0.4,44.9,42.3,59.2,41.19,High,1
2022-05-29 18:00:00,18.5,56.1,14.7,422.0,993.1,2.0,19.5,19.0,15.6,23.28,Low,0
2022-05-30 00:00:00,37.5,25.9,3.5,292.0,1015.4,2.1,38.4,34.9,38.3,25.58,Low,0
2022-05-30 06:00:00,18.0,62.0,1.7,465.0,1008.5,1.0,20.9,18.8,17.9,27.1,Low,0
2022-05-30 12:00:00,27.2,44.9,3.6,725.0,1003.8,4.4,29.0,26.8,27.8,29.72,Moderate,0
2022-05-30 18:00:00,45.4,31.6,2.2,561.0,989.3,0.3,46.7,42.5,51.1,32.2,Moderate,1
2022-05-31 00:00:00,29.9,83.7,15.9,913.0,997.6,3.7,32.2,30.8,34.4,39.34,High,0
2022-05-31 06:00:00,25.8,59.1,5.6,741.0,1025.2,2.1,28.1,26.0,27.2,31.56,Moderate,0
2022-05-31 12:00:00,32.6,90.0,14.5,715.0,989.9,0.7,35.4,33.2,40.3,39.88,High,0
2022-05-31 18:00:00,48.5,80.5,9.5,148.0,1002.5,2.5,51.4,46.6,72.9,42.04,High,1
2022-06-01 00:00:00,21.2,72.0,5.6,479.0,1004.8,0.2,24.1,22.1,22.1,30.08,Moderate,0
2022-06-01 06:00:00,26.6,20.4,4.3,284.0,1008.2,0.2,27.1,24.9,24.1,18.41,Low,0
2022-06-01 12:00:00,44.5,52.1,5.2,504.0,990.0,4.0,46.5,42.4,55.5,37.19,Moderate,1
2022-06-01 18:00:00,47.0,34.8,2.9,377.0,1006.7,0.1,48.4,43.9,54.6,32.13,Moderate,1
2022-06-02 00:00:00,33.3,88.3,28.5,456.0,988.1,0.0,34.3,33.5,38.6,34.78,Moderate,0
2022-06-02 06:00:00,25.3,33.1,8.7,815.0,1006.0,0.7,25.9,24.7,23.1,24.28,Low,0
2022-06-02 12:00:00,48.7,41.5,9.5,669.0,998.5,0.2,49.6,46.0,58.6,35.48,Moderate,1
2022-06-02 18:00:00,45.2,58.8,9.3,802.0,996.3,3.0,47.0,43.5,58.1,40.25,High,1
2022-06-03 00:00:00,38.8,39.8,15.6,150.0,1013.3,3.8,38.9,36.5,40.8,26.74,Low,0
2022-06-03 06:00:00,28.3,35.7,4.8,564.0,1002.6,1.0,29.5,27.3,27.9,25.28,Low,0
2022-06-03 12:00:00,33.7,64.9,20.4,792.0,1009.7,0.8,34.5,33.4,36.9,33.53,Moderate,0
2022-06-03 18:00:00,32.9,26.7,7.3,927.0,1010.1,1.2,33.4,31.5,31.9,27.39,Low,0
2022-06-04 00:00:00,36.3,24.4,7.1,163.0,1017.7,0.4,36.7,33.7,35.8,22.38,Low,0
2022-06-04 06:00:00,44.2,47.9,22.5,462.0,992.9,0.5,43.9,41.9,50.3,31.0,Moderate,1
2022-06-04 12:00:00,40.2,74.0,4.8,809.0,1014.2,0.2,43.3,39.6,53.4,41.77,High,1
2022-06-04 18:00:00,26.5,61.6,12.5,502.0,1005.2,0.9,28.1,26.5,27.1,28.91,Moderate,0
2022-06-05 00:00:00,43.6,51.7,9.2,322.0,1001.2,1.4,45.1,41.4,53.0,33.61,Moderate,1
2022-06-05 06:00:00,36.2,62.4,5.5,163.0,993.5,4.0,38.7,34.9,43.5,33.41,Moderate,0
2022-06-05 12:00:00,38.8,47.4,13.9,313.0,1011.1,2.0,39.5,36.9,42.9,29.58,Moderate,0
2022-06-05 18:00:00,44.3,90.2,3.3,128.0,995.8,1.9,48.4,43.2,67.1,43.45,High,1
2022-06-06 00:00:00,26.2,24.1,5.5,565.0,1010.2,0.6,26.7,25.0,23.8,21.16,Low,0
2022-06-06 06:00:00,33.7,70.5,10.0,774.0,1024.3,3.3,36.0,33.6,39.9,37.75,Moderate,0
2022-06-06 12:00:00,30.3,86.8,25.8,235.0,1014.8,4.4,31.5,30.5,33.6,33.48,Moderate,0
2022-06-06 18:00:00,23.0,80.3,24.3,614.0,1018.9,4.0,24.1,24.1,21.7,31.57,Moderate,0
2022-06-07 00:00:00,36.4,33.8,12.6,761.0,997.8,0.1,36.6,34.7,36.7,28.05,Moderate,0
2022-06-07 06:00:00,50.0,42.2,7.5,549.0,1012.6,1.4,51.2,47.0,61.6,36.16,Moderate,1
2022-06-07 12:00:00,21.1,73.8,1.3,147.0,993.6,1.5,24.6,21.7,22.9,29.31,Moderate,0
2022-06-07 18:00:00,33.8,26.3,17.3,647.0,1002.7,0.5,33.0,32.0,31.0,23.35,Low,0
2022-06-08 00:00:00,38.5,80.9,19.0,536.0,1022.4,7.3,40.3,38.0,48.9,40.32,High,0
2022-06-08 06:00:00,34.9,73.9,12.5,511.0,998.9,0.5,37.1,34.5,42.1,35.69,Moderate,0
2022-06-08 12:00:00,33.2,74.7,7.7,413.0,1016.1,0.4,36.0,32.9,40.2,35.31,Moderate,0
2022-06-08 18:00:00,24.9,27.5,16.3,572.0,1015.2,1.0,24.3,23.9,20.6,19.46,Low,0
2022-06-09 00:00:00,35.6,73.8,9.0,677.0,1015.7,0.6,38.2,35.3,44.0,37.96,Moderate,0
2022-06-09 06:00:00,28.7,71.0,8.2,1100.0,992.3,3.9,31.3,29.4,32.3,38.64,High,0
2022-06-09 12:00:00,18.7,82.3,2.2,578.0,1010.3,0.9,22.6,20.3,20.1,33.2,Moderate,0
2022-06-09 18:00:00,42.4,23.1,15.7,928.0,1003.4,0.8,41.7,39.9,41.7,28.96,Moderate,0
2022-06-10 00:00:00,40.7,21.7,10.3,639.0,1015.9,1.5,40.5,38.0,40.2,27.0,Low,0
2022-06-10 06:00:00,34.4,48.0,24.2,525.0,988.4,0.1,33.9,33.2,34.3,26.61,Low,0
2022-06-10 12:00:00,35.6,31.2,5.9,587.0,1008.7,2.1,36.5,33.7,36.4,27.78,Low,0
2022-06-10 18:00:00,41.5,61.9,4.5,245.0,1007.3,2.2,44.1,39.8,52.9,35.86,Moderate,1
2022-06-11 00:00:00,35.6,88.8,18.9,626.0,985.1,1.0,37.8,35.8,44.9,39.48,High,0
2022-06-11 06:00:00,40.3,49.4,21.6,52.0,996.1,4.7,40.2,38.1,44.3,28.2,Moderate,0
2022-06-11 12:00:00,31.9,83.4,9.4,334.0,986.7,1.3,34.9,32.0,39.0,36.28,Moderate,0
2022-06-11 18:00:00,43.2,20.0,16.8,577.0,997.7,1.8,42.2,40.2,41.7,26.04,Low,1
2022-06-12 00:00:00,36.2,32.6,7.3,848.0,1010.5,3.9,37.0,34.6,37.2,30.7,Moderate,0
2022-06-12 06:00:00,35.4,22.3,7.6,908.0,1007.0,1.6,35.6,33.5,34.1,27.35,Low,0
2022-06-12 12:00:00,25.1,44.6,12.6,491.0,1006.7,0.8,25.8,24.6,23.3,23.89,Low,0
2022-06-12 18:00:00,36.0,88.1,7.6,589.0,994.6,0.0,39.5,36.1,47.7,41.12,High,0
2022-06-13 00:00:00,28.2,27.3,11.3,796.0,1016.2,2.0,28.2,27.1,25.4,23.92,Low,0
2022-06-13 06:00:00,29.5,65.5,10.1,218.0,1004.8,5.0,31.6,29.1,32.4,31.01,Moderate,0
2022-06-13 12:00:00,28.3,53.9,3.7,651.0,1005.3,1.0,30.6,28.0,30.4,30.7,Moderate,0
2022-06-13 18:00:00,26.5,90.4,11.2,343.0,1014.4,0.6,29.7,27.4,30.6,35.07,Moderate,0
2022-06-14 00:00:00,48.9,29.2,3.8,507.0,995.1,1.1,49.9,45.5,55.4,32.73,Moderate,1
2022-06-14 06:00:00,43.3,35.9,15.9,435.0,1007.3,2.0,43.2,40.7,46.6,29.24,Moderate,1
2022-06-14 12:00:00,47.4,22.2,19.1,659.0,1009.2,0.0,46.2,44.1,47.6,28.0,Moderate,1
2022-06-14 18:00:00,25.4,52.5,8.3,688.0,999.5,3.3,27.0,25.4,25.4,29.21,Moderate,0
2022-06-15 00:00:00,34.5,40.8,25.9,773.0,1011.5,3.3,33.4,33.3,32.8,27.5,Low,0
2022-06-15 06:00:00,24.9,85.2,21.3,637.0,1009.8,1.2,26.6,26.0,25.6,33.44,Moderate,0
2022-06-15 12:00:00,29.1,65.4,11.4,593.0,1004.0,0.2,31.0,29.1,31.5,31.68,Moderate,0
2022-06-15 18:00:00,27.6,66.1,7.7,1014.0,1003.7,1.7,30.0,28.2,30.1,35.6,Moderate,0
2022-06-16 00:00:00,42.7,59.9,18.0,169.0,1010.2,0.2,43.5,40.7,51.9,31.93,Moderate,1
2022-06-16 06:00:00,31.2,26.9,26.2,974.0,1012.9,1.1,29.4,30.0,26.1,23.22,Low,0
2022-06-16 12:00:00,41.5,53.4,12.0,478.0,1005.6,0.1,42.7,39.7,49.2,33.24,Moderate,1
2022-06-16 18:00:00,38.2,95.0,29.0,693.0,1016.2,1.3,39.5,38.4,49.5,40.79,High,0
2022-06-17 00:00:00,50.0,82.6,6.4,469.0,1011.6,0.6,53.4,48.4,78.2,45.6,High,1
2022-06-17 06:00:00,23.6,87.0,14.9,374.0,987.1,2.7,26.2,24.7,25.0,33.14,Moderate,0
2022-06-17 12:00:00,42.8,81.7,9.4,671.0,991.0,2.4,45.8,42.1,59.9,43.68,High,1
2022-06-17 18:00:00,42.0,27.7,4.3,811.0,1016.8,9.7,42.9,39.6,44.6,34.44,Moderate,1
2022-06-18 00:00:00,27.2,37.1,6.9,668.0,1002.5,0.4,28.2,26.4,26.3,25.28,Low,0
2022-06-18 06:00:00,41.0,20.2,19.0,414.0,1006.6,0.1,39.7,38.0,38.5,22.84,Low,0
2022-06-18 12:00:00,36.4,42.8,8.6,1100.0,1016.4,0.9,37.5,35.4,39.3,33.92,Moderate,0
2022-06-18 18:00:00,32.4,28.1,6.2,850.0,1004.9,0.1,33.1,31.0,31.7,26.78,Low,0
2022-06-19 00:00:00,28.2,55.5,22.0,783.0,1005.4,0.3,28.3,28.1,26.9,28.14,Moderate,0
2022-06-19 06:00:00,29.0,70.8,18.6,462.0,996.3,1.4,30.3,29.0,30.7,30.99,Moderate,0
2022-06-19 12:00:00,48.3,85.6,7.1,394.0,1008.7,1.3,51.7,46.9,74.8,45.12,High,1
2022-06-19 18:00:00,34.0,76.2,30.0,480.0,1010.9,0.1,34.2,33.7,37.5,31.99,Moderate,0
2022-06-20 00:00:00,39.5,90.4,9.0,820.0,999.2,0.9,42.9,39.5,55.1,45.04,High,0
2022-06-20 06:00:00,28.5,24.0,12.0,302.0,995.8,1.1,28.3,26.8,25.2,19.08,Low,0
2022-06-20 12:00:00,28.5,20.9,10.0,283.0,1031.3,0.5,28.3,26.7,25.2,18.35,Low,0
2022-06-20 18:00:00,41.6,69.6,4.9,685.0,1004.1,3.1,44.5,40.6,55.0,41.36,High,1
2022-06-21 00:00:00,24.6,41.7,8.4,630.0,998.2,0.3,25.7,24.2,23.2,24.64,Low,0
2022-06-21 06:00:00,31.1,39.0,9.3,357.0,1012.1,0.4,31.9,29.7,31.1,24.7,Low,0
2022-06-21 12:00:00,34.2,44.8,1.7,277.0,1004.5,0.3,36.2,32.6,37.8,28.43,Moderate,0
2022-06-21 18:00:00,34.8,40.2,11.6,909.0,994.1,0.2,35.4,33.6,35.9,30.28,Moderate,0
2022-06-22 00:00:00,32.7,58.4,17.1,639.0,1009.8,3.2,33.6,32.1,34.9,31.81,Moderate,0
2022-06-22 06:00:00,36.8,53.0,3.8,209.0,996.5,0.5,39.0,35.2,42.9,30.79,Moderate,0
2022-06-22 12:00:00,38.8,58.4,15.1,227.0,1020.8,1.9,39.9,37.2,45.1,31.41,Moderate,0
2022-06-22 18:00:00,39.1,70.5,19.7,460.0,1009.9,0.8,40.3,38.1,47.6,35.01,Moderate,0
2022-06-23 00:00:00,27.1,49.0,0.2,733.0,1002.2,1.5,29.5,26.8,28.8,30.43,Moderate,0
2022-06-23 06:00:00,32.0,38.8,8.5,699.0,1006.1,4.0,32.9,30.9,32.4,29.04,Moderate,0
2022-06-23 12:00:00,42.4,32.5,29.6,833.0,1014.0,2.8,40.5,40.1,41.6,28.51,Moderate,0
2022-06-23 18:00:00,40.3,46.2,11.4,177.0,1006.9,0.1,41.2,38.1,45.5,28.77,Moderate,0
2022-06-24 00:00:00,24.4,75.6,1.7,606.0,1026.2,2.8,28.0,25.2,27.7,35.06,Moderate,0
2022-06-24 06:00:00,36.5,76.8,3.2,906.0,1016.4,0.9,40.0,36.4,47.3,42.1,High,0
2022-06-24 12:00:00,20.2,70.0,11.8,883.0,1009.9,0.6,22.3,21.5,19.4,31.06,Moderate,0
2022-06-24 18:00:00,34.3,37.6,14.6,640.0,995.6,1.7,34.4,32.8,34.1,27.31,Low,0
2022-06-25 00:00:00,47.3,64.1,9.9,1100.0,1003.5,4.5,49.3,45.9,64.1,45.16,High,1
2022-06-25 06:00:00,27.4,62.8,11.3,702.0,1009.8,0.1,29.2,27.6,28.7,31.07,Moderate,0
2022-06-25 12:00:00,28.2,56.3,10.1,811.0,996.8,2.2,29.8,28.2,29.3,31.6,Moderate,0
2022-06-25 18:00:00,39.3,61.2,5.8,561.0,1017.9,0.3,41.7,38.1,48.5,36.14,Moderate,0
2022-06-26 00:00:00,23.2,56.9,10.1,355.0,995.3,0.7,24.8,23.2,22.6,25.55,Low,0
2022-06-26 06:00:00,29.6,62.4,2.4,331.0,998.6,3.1,32.4,29.2,33.6,32.01,Moderate,0
2022-06-26 12:00:00,38.2,73.7,7.4,595.0,999.4,1.2,41.0,37.6,49.0,39.02,High,0
2022-06-26 18:00:00,29.6,28.2,13.9,497.0,1012.4,0.1,29.3,28.1,26.7,21.35,Low,0
2022-06-27 00:00:00,32.3,76.2,4.7,108.0,997.0,1.1,35.5,31.8,39.5,33.84,Moderate,0
2022-06-27 06:00:00,39.2,30.2,7.9,294.0,987.0,2.3,39.8,36.6,40.7,26.62,Low,0
2022-06-27 12:00:00,37.0,25.0,10.6,470.0,1015.9,1.1,37.0,34.6,36.1,24.69,Low,0
2022-06-27 18:00:00,35.9,93.2,28.5,732.0,1000.6,0.3,37.1,36.3,44.5,39.35,High,0
2022-06-28 00:00:00,31.6,91.8,18.6,546.0,994.3,0.9,34.0,32.2,38.0,37.86,Moderate,0
2022-06-28 06:00:00,36.6,24.5,2.4,532.0,997.5,3.9,37.5,34.3,37.1,27.47,Low,0
2022-06-28 12:00:00,33.1,53.2,33.0,303.0,1022.2,1.6,31.8,32.0,31.5,24.43,Low,0
2022-06-28 18:00:00,37.2,34.0,23.0,556.0,998.4,2.0,36.1,35.2,35.8,25.51,Low,0
2022-06-29 00:00:00,30.5,56.4,11.1,880.0,1003.8,2.3,32.0,30.3,32.4,33.01,Moderate,0
2022-06-29 06:00:00,32.7,82.3,16.6,589.0,1000.5,0.1,34.8,32.9,38.9,36.42,Moderate,0
2022-06-29 12:00:00,27.1,91.3,5.2,173.0,992.7,1.3,31.0,27.8,32.9,35.73,Moderate,0
2022-06-29 18:00:00,33.8,67.6,9.3,237.0,997.6,0.7,36.1,33.0,39.7,32.27,Moderate,0
2022-06-30 00:00:00,28.3,46.5,5.0,697.0,992.0,0.2,30.0,27.8,29.2,28.66,Moderate,0
2022-06-30 06:00:00,26.2,65.2,14.5,494.0,1014.6,0.3,27.7,26.4,26.7,29.0,Moderate,0
2022-06-30 12:00:00,35.8,43.4,35.0,531.0,1006.0,2.3,33.8,34.3,33.4,24.75,Low,0
2022-06-30 18:00:00,35.5,88.2,7.1,397.0,1029.8,0.3,39.1,35.4,46.9,39.69,High,0
2022-07-01 00:00:00,39.5,85.3,8.6,676.0,997.9,0.6,42.7,39.2,54.0,42.66,High,0
2022-07-01 06:00:00,31.0,61.9,9.5,475.0,996.4,0.5,33.0,30.5,34.3,31.26,Moderate,0
2022-07-01 12:00:00,36.9,44.4,7.4,503.0,1020.3,0.1,38.2,35.3,40.6,30.03,Moderate,0
2022-07-01 18:00:00,37.9,42.0,13.9,337.0,1015.6,0.9,38.3,35.9,40.3,27.62,Low,0
2022-07-02 00:00:00,37.1,22.5,19.5,780.0,1008.8,2.2,35.9,35.0,34.0,25.04,Low,0
2022-07-02 06:00:00,28.2,81.2,6.2,495.0,993.9,0.0,31.5,28.7,33.2,35.46,Moderate,0
2022-07-02 12:00:00,35.0,53.8,9.5,702.0,1022.4,0.2,36.6,34.1,39.1,32.64,Moderate,0
2022-07-02 18:00:00,36.5,44.4,15.2,252.0,1004.3,1.9,36.9,34.7,38.5,27.04,Low,0
2022-07-03 00:00:00,34.1,55.3,4.6,983.0,1000.7,1.4,36.3,33.6,38.9,36.11,Moderate,0
2022-07-03 06:00:00,19.4,81.4,3.4,869.0,1016.4,1.9,23.1,21.2,20.8,35.58,Moderate,0
2022-07-03 12:00:00,35.1,29.3,6.1,73.0,1004.8,0.4,35.8,32.7,35.4,22.59,Low,0
2022-07-03 18:00:00,49.5,84.3,15.7,350.0,993.3,2.4,51.8,47.9,75.8,43.68,High,1
2022-07-04 00:00:00,31.5,87.3,4.4,669.0,1005.4,1.0,35.3,32.1,39.9,40.49,High,0
2022-07-04 06:00:00,28.9,91.0,6.4,220.0,997.2,1.4,32.7,29.4,35.6,36.61,Moderate,0
2022-07-04 12:00:00,36.6,49.8,9.5,517.0,974.9,0.1,38.0,35.2,40.8,30.93,Moderate,0
2022-07-04 18:00:00,36.2,36.3,10.7,657.0,996.2,0.3,36.7,34.5,37.3,28.26,Moderate,0
2022-07-05 00:00:00,42.3,48.0,8.6,504.0,999.7,2.2,43.7,40.3,49.8,33.86,Moderate,1
2022-07-05 06:00:00,25.2,45.0,9.7,685.0,993.4,0.4,26.3,24.9,24.1,25.93,Low,0
2022-07-05 12:00:00,39.1,33.2,2.7,377.0,1010.8,0.1,40.4,36.7,42.2,28.22,Moderate,0
2022-07-05 18:00:00,38.1,65.5,5.9,50.0,997.2,1.4,40.7,36.6,47.3,33.2,Moderate,0
2022-07-06 00:00:00,33.0,55.7,16.5,796.0,1009.8,1.2,33.8,32.4,35.0,31.86,Moderate,0
2022-07-06 06:00:00,36.4,84.9,5.5,794.0,992.7,1.4,40.0,36.5,48.3,42.95,High,0
2022-07-06 12:00:00,41.2,22.4,10.9,1100.0,1014.1,1.4,41.0,39.0,40.9,30.7,Moderate,0
2022-07-06 18:00:00,40.1,68.3,10.2,50.0,992.2,1.0,42.3,38.5,50.8,33.81,Moderate,1
2022-07-07 00:00:00,26.0,77.2,15.4,738.0,981.6,1.0,28.0,26.8,27.5,33.8,Moderate,0
2022-07-07 06:00:00,39.7,77.0,16.9,58.0,1017.4,3.9,41.5,38.5,50.8,35.54,Moderate,0
2022-07-07 12:00:00,33.5,86.5,20.1,989.0,996.4,1.1,35.4,34.2,40.3,40.48,High,0
2022-07-07 18:00:00,34.5,74.7,24.1,672.0,1022.6,1.4,35.3,34.3,39.2,34.91,Moderate,0
2022-07-08 00:00:00,34.5,89.6,4.5,312.0,1010.6,0.5,38.4,34.5,45.7,39.54,High,0
2022-07-08 06:00:00,32.9,44.9,1.3,745.0,1012.9,3.1,35.0,31.9,36.0,32.44,Moderate,0
2022-07-08 12:00:00,42.3,57.7,7.1,412.0,1015.5,0.0,44.3,40.5,52.7,35.13,Moderate,1
2022-07-08 18:00:00,33.4,21.1,4.2,625.0,1006.1,1.2,34.0,31.4,32.2,24.57,Low,0
2022-07-09 00:00:00,26.2,20.5,5.0,601.0,1006.2,0.7,26.6,24.9,23.5,20.67,Low,0
2022-07-09 06:00:00,31.2,38.0,13.6,986.0,1017.8,1.4,31.5,30.4,30.2,28.7,Moderate,0
2022-07-09 12:00:00,35.3,27.6,19.3,1004.0,1006.1,0.7,34.4,33.7,32.7,26.7,Low,0
2022-07-09 18:00:00,42.6,39.5,11.1,401.0,997.7,1.9,43.2,40.1,47.4,30.5,Moderate,1
2022-07-10 00:00:00,38.2,33.3,5.7,815.0,1010.9,0.0,39.2,36.4,40.4,30.49,Moderate,0
2022-07-10 06:00:00,28.0,22.1,11.5,639.0,983.9,0.8,27.7,26.6,24.5,20.9,Low,0
2022-07-10 12:00:00,50.0,88.2,15.8,197.0,1018.2,2.7,52.5,48.3,78.7,43.81,High,1
2022-07-10 18:00:00,35.9,20.6,2.7,376.0,1018.4,0.4,36.6,33.4,35.4,23.72,Low,0
2022-07-11 00:00:00,42.9,75.2,7.5,1100.0,1017.0,0.1,45.8,42.3,58.7,44.89,High,1
2022-07-11 06:00:00,32.9,31.4,8.0,639.0,1016.6,1.0,33.5,31.3,32.5,26.2,Low,0
2022-07-11 12:00:00,37.7,88.4,8.4,800.0,1004.2,5.6,41.1,37.8,51.0,45.35,High,0
2022-07-11 18:00:00,39.9,87.0,4.7,497.0,1003.9,0.1,43.7,39.5,56.0,42.53,High,0
2022-07-12 00:00:00,42.5,69.0,11.7,415.0,992.7,0.1,44.5,41.1,55.3,37.18,Moderate,1
2022-07-12 06:00:00,41.4,70.4,12.5,557.0,1022.5,1.4,43.4,40.3,53.3,38.4,High,1
2022-07-12 12:00:00,40.1,20.4,4.4,483.0,1000.1,0.4,40.6,37.3,40.2,26.03,Low,0
2022-07-12 18:00:00,31.8,93.9,22.4,177.0,1008.4,0.8,33.8,32.1,38.0,34.91,Moderate,0
2022-07-13 00:00:00,30.0,85.8,3.5,299.0,1007.5,2.7,33.9,30.3,37.3,37.44,Moderate,0
2022-07-13 06:00:00,36.3,87.1,5.5,727.0,991.6,0.3,40.0,36.4,48.5,42.57,High,0
2022-07-13 12:00:00,40.5,69.4,3.2,455.0,987.6,1.9,43.6,39.3,53.2,39.01,High,1
2022-07-13 18:00:00,32.4,45.9,2.8,556.0,1005.1,1.1,34.4,31.3,35.2,30.05,Moderate,0
2022-07-14 00:00:00,41.5,87.0,10.3,609.0,1000.5,3.5,44.6,41.0,58.3,44.16,High,1
2022-07-14 06:00:00,44.2,41.9,5.5,628.0,1004.1,5.4,45.6,41.9,51.8,35.86,Moderate,1
2022-07-14 12:00:00,27.6,62.2,17.0,837.0,1015.7,1.0,28.7,27.9,27.9,31.2,Moderate,0
2022-07-14 18:00:00,28.1,27.5,4.8,275.0,1007.2,1.3,28.9,26.5,26.6,21.08,Low,0
2022-07-15 00:00:00,33.0,89.1,5.6,693.0,1012.6,2.1,36.8,33.5,42.6,41.94,High,0
2022-07-15 06:00:00,36.2,30.6,15.5,739.0,1009.5,0.6,35.9,34.4,35.2,26.59,Low,0
2022-07-15 12:00:00,30.3,36.9,3.8,796.0,1001.8,0.4,31.7,29.4,30.8,28.21,Moderate,0
2022-07-15 18:00:00,43.5,61.9,6.6,197.0,995.0,5.0,45.8,41.5,56.3,36.96,Moderate,1
2022-07-16 00:00:00,37.0,77.3,22.2,614.0,1007.6,0.9,38.2,36.6,44.6,36.46,Moderate,0
2022-07-16 06:00:00,34.3,66.5,0.7,979.0,1005.8,0.0,37.5,34.2,42.0,39.26,High,0
2022-07-16 12:00:00,23.9,37.4,2.7,525.0,1014.2,2.7,25.4,23.3,23.0,24.45,Low,0
2022-07-16 18:00:00,24.8,20.1,24.7,671.0,1003.5,1.4,22.8,23.7,18.1,16.77,Low,0
2022-07-17 00:00:00,36.0,76.8,12.6,745.0,1002.0,0.3,38.3,35.8,44.5,38.57,High,0
2022-07-17 06:00:00,19.1,93.9,11.6,294.0,1002.7,0.0,22.4,20.8,19.7,31.96,Moderate,0
2022-07-17 12:00:00,41.1,80.7,2.7,1008.0,995.8,0.5,44.8,40.8,57.3,45.86,High,1
2022-07-17 18:00:00,32.9,54.5,10.0,675.0,1019.5,3.9,34.4,32.2,35.9,32.86,Moderate,0
2022-07-18 00:00:00,50.0,87.8,4.5,680.0,1016.4,4.1,53.8,48.8,80.7,50.09,Extreme,1
2022-07-18 06:00:00,50.0,50.7,17.3,134.0,992.9,0.6,50.5,46.9,63.2,32.93,Moderate,1
2022-07-18 12:00:00,32.7,59.4,17.9,749.0,1013.0,2.7,33.5,32.3,34.9,32.55,Moderate,0
2022-07-18 18:00:00,33.3,55.8,6.0,677.0,986.5,0.9,35.4,32.6,37.5,33.13,Moderate,0
2022-07-19 00:00:00,41.0,53.6,13.3,956.0,1014.9,1.6,42.1,39.7,48.1,36.92,Moderate,1
2022-07-19 06:00:00,45.9,78.1,12.1,472.0,998.0,0.6,48.4,44.5,65.3,41.51,High,1
2022-07-19 12:00:00,22.5,59.5,8.5,303.0,1008.6,1.1,24.5,22.6,22.2,25.96,Low,0
2022-07-19 18:00:00,21.5,43.8,4.6,379.0,985.7,0.5,23.1,21.3,20.3,22.72,Low,0
2022-07-20 00:00:00,29.6,39.4,6.6,424.0,993.0,0.1,30.8,28.4,29.7,25.06,Low,0
2022-07-20 06:00:00,38.1,22.8,16.9,270.0,1009.7,0.2,37.2,35.4,35.8,21.56,Low,0
2022-07-20 12:00:00,37.5,63.7,22.4,873.0,998.0,0.5,38.0,36.9,42.6,35.04,Moderate,0
2022-07-20 18:00:00,41.5,37.2,7.1,882.0,996.6,5.6,42.5,39.5,45.9,35.13,Moderate,1
2022-07-21 00:00:00,25.6,31.1,23.9,501.0,1019.0,5.1,24.3,24.6,20.3,20.06,Low,0
2022-07-21 06:00:00,18.0,69.0,12.6,452.0,1027.1,2.6,19.9,19.1,16.2,27.13,Low,0
2022-07-21 12:00:00,40.0,71.1,8.7,96.0,1014.4,0.4,42.5,38.6,51.5,34.89,Moderate,1
2022-07-21 18:00:00,28.2,76.4,8.0,724.0,994.1,0.9,31.1,28.8,32.3,35.93,Moderate,0
2022-07-22 00:00:00,19.9,57.8,4.8,963.0,1022.6,0.9,22.2,20.9,19.4,29.98,Moderate,0
2022-07-22 06:00:00,35.0,87.1,13.9,391.0,989.4,0.7,37.7,34.9,44.4,37.92,Moderate,0
2022-07-22 12:00:00,39.6,90.2,26.6,521.0,1002.0,0.1,40.9,39.3,51.8,38.99,High,0
2022-07-22 18:00:00,33.1,80.6,8.5,659.0,1005.5,1.1,36.1,33.3,40.9,38.67,High,0
2022-07-23 00:00:00,30.8,67.7,4.1,981.0,1024.2,0.1,33.7,31.1,35.9,37.36,Moderate,0
2022-07-23 06:00:00,32.9,42.8,15.5,600.0,1014.1,2.4,33.2,31.7,32.9,27.74,Low,0
2022-07-23 12:00:00,31.4,93.7,6.8,599.0,1000.4,1.8,35.3,32.1,40.2,41.32,High,0
2022-07-23 18:00:00,24.6,40.6,4.8,595.0,995.6,0.7,26.1,24.2,23.8,24.97,Low,0
2022-07-24 00:00:00,29.0,35.2,2.6,194.0,1015.0,1.6,30.4,27.5,29.1,23.34,Low,0
2022-07-24 06:00:00,37.6,53.2,13.6,188.0,999.7,0.4,38.6,35.9,42.3,29.05,Moderate,0
2022-07-24 12:00:00,36.3,24.3,20.1,348.0,1007.2,0.5,35.1,33.9,33.2,21.18,Low,0
2022-07-24 18:00:00,35.2,93.4,3.3,803.0,991.3,0.6,39.5,35.8,48.0,44.76,High,0
2022-07-25 00:00:00,27.0,64.1,7.4,466.0,1010.7,2.4,29.3,27.0,29.1,31.03,Moderate,0
2022-07-25 06:00:00,32.7,61.8,7.9,418.0,1009.9,0.4,34.8,32.0,37.2,31.86,Moderate,0
2022-07-25 12:00:00,18.8,69.2,5.1,413.0,992.6,1.2,21.6,19.8,18.8,28.26,Moderate,0
2022-07-25 18:00:00,35.2,57.3,23.5,516.0,1015.3,0.3,35.2,34.2,37.3,29.44,Moderate,0
2022-07-26 00:00:00,44.0,22.4,2.4,976.0,1010.5,0.5,44.8,41.4,46.2,32.42,Moderate,1
2022-07-26 06:00:00,23.7,65.9,12.7,512.0,1012.4,0.4,25.5,24.1,23.6,28.58,Moderate,0
2022-07-26 12:00:00,29.9,73.7,14.4,353.0,1001.2,1.6,31.9,29.8,33.3,32.21,Moderate,0
2022-07-26 18:00:00,36.3,51.3,5.0,556.0,1006.8,1.1,38.3,35.0,41.5,32.71,Moderate,0
2022-07-27 00:00:00,42.8,76.8,4.1,989.0,1005.6,1.9,46.1,42.2,59.6,45.72,High,1
2022-07-27 06:00:00,30.9,37.0,5.8,424.0,1003.5,0.4,32.1,29.5,31.2,25.32,Low,0
2022-07-27 12:00:00,29.2,36.6,1.7,255.0,1006.7,0.0,30.8,27.8,29.7,23.86,Low,0
2022-07-27 18:00:00,20.2,32.1,27.1,425.0,1017.6,1.7,18.6,19.7,13.4,15.48,Low,0
2022-07-28 00:00:00,34.7,47.9,6.2,582.0,1015.7,0.2,36.4,33.5,38.2,30.79,Moderate,0
2022-07-28 06:00:00,48.3,83.5,6.8,722.0,993.2,0.4,51.7,47.1,74.1,46.8,High,1
2022-07-28 12:00:00,35.9,82.1,30.2,802.0,1014.9,0.5,36.4,36.0,42.0,36.83,Moderate,0
2022-07-28 18:00:00,33.8,48.7,2.0,289.0,1016.9,2.1,36.0,32.4,37.8,29.89,Moderate,0
2022-07-29 00:00:00,36.3,64.2,8.4,312.0,1003.5,1.5,38.5,35.2,43.4,33.57,Moderate,0
2022-07-29 06:00:00,33.9,74.1,15.8,469.0,1010.1,0.3,35.7,33.6,39.7,34.24,Moderate,0
2022-07-29 12:00:00,28.3,38.1,27.1,721.0,1009.9,1.4,27.0,27.5,23.9,22.74,Low,0
2022-07-29 18:00:00,39.8,32.6,2.2,235.0,996.5,1.8,41.2,37.2,43.2,28.01,Moderate,0
2022-07-30 00:00:00,35.6,92.9,29.6,398.0,1001.2,0.7,36.7,35.7,43.6,36.56,Moderate,0
2022-07-30 06:00:00,34.1,66.3,7.4,402.0,1012.5,0.4,36.5,33.4,40.3,33.6,Moderate,0
2022-07-30 12:00:00,27.2,93.6,7.4,785.0,1000.0,1.7,31.0,28.5,32.9,40.64,High,0
2022-07-30 18:00:00,43.1,45.3,3.4,682.0,1014.8,1.4,45.0,41.1,51.4,35.65,Moderate,1
2022-07-31 00:00:00,38.7,72.7,9.8,776.0,1018.0,0.1,41.2,38.2,49.2,39.48,High,0
2022-07-31 06:00:00,30.1,36.7,29.7,885.0,1016.4,1.6,28.4,29.3,25.5,23.98,Low,0
2022-07-31 12:00:00,41.0,39.6,9.7,474.0,1024.8,1.0,41.8,38.8,45.2,30.32,Moderate,0
2022-07-31 18:00:00,30.5,58.4,4.6,253.0,1004.1,2.1,32.9,29.7,34.0,30.04,Moderate,0
2022-08-01 00:00:00,28.5,44.0,5.5,255.0,1006.8,0.3,30.0,27.4,29.1,24.74,Low,0
2022-08-01 06:00:00,28.7,32.6,5.7,90.0,1008.2,0.4,29.6,27.1,27.8,20.74,Low,0
2022-08-01 12:00:00,21.6,39.7,24.7,435.0,1004.4,1.2,20.6,21.3,16.2,18.39,Low,0
2022-08-01 18:00:00,37.3,22.7,28.3,454.0,1010.4,1.0,35.0,34.8,32.6,20.56,Low,0
2022-08-02 00:00:00,21.2,72.8,2.4,747.0,987.9,0.7,24.6,22.4,22.8,33.11,Moderate,0
2022-08-02 06:00:00,25.4,56.9,3.6,554.0,1007.0,2.1,27.8,25.4,26.8,29.83,Moderate,0
2022-08-02 12:00:00,19.5,27.1,4.0,427.0,991.2,1.2,20.4,18.9,16.7,18.37,Low,0
2022-08-02 18:00:00,33.4,32.9,6.0,521.0,995.4,1.9,34.3,31.7,33.8,26.63,Low,0
2022-08-03 00:00:00,32.9,27.7,31.9,290.0,1012.3,0.2,30.5,30.9,27.3,17.6,Low,0
2022-08-03 06:00:00,31.7,65.9,29.3,806.0,1003.0,2.0,31.5,31.6,32.1,31.63,Moderate,0
2022-08-03 12:00:00,26.7,27.1,9.3,354.0,1012.0,0.9,26.9,25.3,24.0,19.9,Low,0
2022-08-03 18:00:00,25.8,76.6,6.6,265.0,1002.8,0.1,28.8,26.2,28.9,31.46,Moderate,0
2022-08-04 00:00:00,37.3,21.5,1.2,754.0,1016.1,0.4,38.2,35.1,37.6,27.72,Low,0
2022-08-04 06:00:00,30.1,38.7,10.8,694.0,1002.6,0.0,30.7,29.1,29.4,26.27,Low,0
2022-08-04 12:00:00,36.2,86.8,10.0,119.0,985.5,0.9,39.3,35.7,47.4,37.2,Moderate,0
2022-08-04 18:00:00,27.8,73.9,3.3,764.0,1007.3,0.6,31.1,28.4,32.2,36.26,Moderate,0
2022-08-05 00:00:00,35.3,25.5,12.4,365.0,983.3,6.6,35.1,33.0,33.7,24.83,Low,0
2022-08-05 06:00:00,43.1,81.6,17.5,456.0,990.5,3.0,45.1,42.1,59.0,40.76,High,1
2022-08-05 12:00:00,38.1,57.0,3.2,597.0,996.2,2.6,40.6,36.9,46.0,36.14,Moderate,0
2022-08-05 18:00:00,31.1,83.5,6.2,697.0,994.9,1.0,34.5,31.6,38.3,39.21,High,0
2022-08-06 00:00:00,35.8,65.1,16.9,661.0,999.5,2.5,37.0,35.2,41.1,34.84,Moderate,0
2022-08-06 06:00:00,32.3,71.1,5.2,538.0,994.6,0.5,35.2,32.1,38.6,35.48,Moderate,0
2022-08-06 12:00:00,34.1,94.5,6.0,444.0,990.9,1.2,38.1,34.4,45.6,41.52,High,0
2022-08-06 18:00:00,31.7,37.4,6.4,653.0,1020.4,0.7,32.8,30.5,32.2,27.48,Low,0
2022-08-07 00:00:00,32.8,66.8,12.8,520.0,998.2,0.3,34.6,32.4,37.2,32.9,Moderate,0
2022-08-07 06:00:00,35.5,54.5,19.2,1001.0,982.7,0.1,35.9,34.9,38.1,33.3,Moderate,0
2022-08-07 12:00:00,27.0,23.0,26.0,697.0,1001.4,1.2,25.0,25.8,20.6,18.35,Low,0
2022-08-07 18:00:00,26.9,21.1,18.3,319.0,993.8,0.2,25.8,25.3,21.8,16.18,Low,0
2022-08-08 00:00:00,24.3,28.9,9.2,431.0,996.2,1.9,24.6,23.3,21.4,20.22,Low,0
2022-08-08 06:00:00,22.8,68.7,14.4,562.0,1012.1,3.8,24.5,23.5,22.3,30.1,Moderate,0
2022-08-08 12:00:00,25.5,62.5,3.0,875.0,1000.5,0.3,28.3,26.0,27.6,33.17,Moderate,0
2022-08-08 18:00:00,35.1,61.5,34.5,903.0,993.5,1.0,34.0,34.6,35.8,31.39,Moderate,0
2022-08-09 00:00:00,27.8,22.4,4.8,451.0,1009.5,2.0,28.3,26.3,25.6,21.23,Low,0
2022-08-09 06:00:00,37.6,55.2,13.7,317.0,1016.5,0.5,38.7,36.1,42.7,30.53,Moderate,0
2022-08-09 12:00:00,34.2,89.3,10.3,285.0,1010.4,3.8,37.4,34.2,44.0,39.12,High,0
2022-08-09 18:00:00,20.2,49.8,2.7,613.0,980.5,3.3,22.4,20.5,19.6,26.75,Low,0
2022-08-10 00:00:00,38.6,66.9,4.8,1100.0,993.9,0.2,41.4,38.2,48.7,41.46,High,0
2022-08-10 06:00:00,39.7,78.5,20.0,685.0,1005.5,0.0,41.2,39.2,50.5,38.63,High,0
2022-08-10 12:00:00,27.0,78.8,8.3,152.0,1002.6,5.6,29.9,27.2,30.6,33.29,Moderate,0
2022-08-10 18:00:00,36.9,58.9,4.2,368.0,1001.7,4.7,39.3,35.6,44.2,34.89,Moderate,0
2022-08-11 00:00:00,28.0,84.3,7.4,394.0,995.2,0.8,31.3,28.5,33.0,35.43,Moderate,0
2022-08-11 06:00:00,34.7,49.4,4.2,344.0,990.9,0.1,36.7,33.3,38.9,29.74,Moderate,0
2022-08-11 12:00:00,25.1,86.7,6.0,453.0,1025.1,1.4,28.7,26.1,29.0,35.66,Moderate,0
2022-08-11 18:00:00,21.4,38.0,2.1,642.0,1005.3,0.5,23.0,21.2,20.2,23.7,Low,0
2022-08-12 00:00:00,31.3,41.0,9.2,720.0,1011.4,4.1,32.2,30.3,31.7,29.33,Moderate,0
2022-08-12 06:00:00,33.1,24.0,10.3,823.0,1005.1,2.4,33.1,31.5,31.1,25.85,Low,0
2022-08-12 12:00:00,31.2,79.7,6.1,681.0,1005.5,1.6,34.5,31.6,37.9,38.41,High,0
2022-08-12 18:00:00,25.7,51.3,20.0,61.0,1004.4,0.5,25.9,25.0,23.4,21.02,Low,0
2022-08-13 00:00:00,31.2,37.2,6.3,286.0,993.8,1.8,32.3,29.7,31.5,24.85,Low,0
2022-08-13 06:00:00,35.9,37.4,8.3,510.0,989.9,0.5,36.8,34.1,37.6,27.85,Low,0
2022-08-13 12:00:00,33.7,87.6,5.8,587.0,1008.9,0.1,37.4,34.0,43.6,40.34,High,0
2022-08-13 18:00:00,35.3,82.5,6.8,765.0,1006.9,1.1,38.6,35.4,45.5,41.27,High,0
2022-08-14 00:00:00,29.3,61.5,14.9,561.0,1014.4,1.0,30.6,29.1,30.6,30.14,Moderate,0
2022-08-14 06:00:00,42.2,66.2,3.1,563.0,1012.4,2.2,45.1,40.9,55.6,39.91,High,1
2022-08-14 12:00:00,25.8,55.6,12.3,609.0,996.9,3.0,27.1,25.8,25.5,28.67,Moderate,0
2022-08-14 18:00:00,37.4,49.4,5.2,486.0,1016.3,0.7,39.2,35.9,42.8,32.03,Moderate,0
2022-08-15 00:00:00,42.3,88.7,3.2,572.0,1012.7,0.9,46.4,41.7,62.0,45.18,High,1
2022-08-15 06:00:00,37.4,29.4,7.0,831.0,1011.9,1.0,38.0,35.5,38.2,29.36,Moderate,0
2022-08-15 12:00:00,32.6,51.4,24.6,529.0,1027.5,0.6,32.2,31.7,32.1,26.78,Low,0
2022-08-15 18:00:00,30.3,45.8,13.6,542.0,1025.4,2.0,31.0,29.4,30.2,27.13,Low,0
2022-08-16 00:00:00,41.3,57.4,6.9,542.0,1011.9,1.1,43.3,39.7,50.9,36.0,Moderate,1
2022-08-16 06:00:00,24.0,54.3,4.3,874.0,1010.7,3.7,26.2,24.4,24.5,31.36,Moderate,0
2022-08-16 12:00:00,27.2,58.9,28.7,273.0,1015.8,1.6,26.7,26.8,24.6,23.83,Low,0
2022-08-16 18:00:00,31.2,30.5,11.2,994.0,999.2,0.4,31.4,30.1,29.6,27.02,Low,0
2022-08-17 00:00:00,42.7,58.5,9.5,256.0,999.3,0.3,44.5,40.7,53.2,33.97,Moderate,1
2022-08-17 06:00:00,36.7,38.2,13.3,386.0,1011.7,0.7,37.0,34.8,37.9,26.54,Low,0
2022-08-17 12:00:00,27.2,33.8,14.3,736.0,996.4,0.6,27.2,26.4,24.4,23.56,Low,0
2022-08-17 18:00:00,31.8,24.9,6.3,808.0,1010.9,0.8,32.3,30.3,30.4,25.62,Low,0
2022-08-18 00:00:00,29.7,77.2,16.3,199.0,1006.6,0.3,31.6,29.6,33.1,31.0,Moderate,0
2022-08-18 06:00:00,29.0,52.1,2.6,277.0,996.4,5.7,31.3,28.2,31.4,29.63,Moderate,0
2022-08-18 12:00:00,40.9,67.0,13.9,619.0,1005.3,0.2,42.6,39.8,51.2,37.09,Moderate,1
2022-08-18 18:00:00,24.4,74.6,6.6,1100.0,1018.1,1.6,27.3,25.7,26.6,37.12,Moderate,0
2022-08-19 00:00:00,45.3,70.9,20.4,862.0,1005.8,0.0,46.4,44.1,60.0,40.49,High,1
2022-08-19 06:00:00,39.8,55.3,6.2,488.0,1005.9,0.8,41.8,38.2,47.9,34.43,Moderate,0
2022-08-19 12:00:00,41.6,49.1,18.0,50.0,1008.3,0.6,41.9,39.2,47.1,27.98,Low,0
2022-08-19 18:00:00,30.8,48.2,11.5,570.0,1009.6,0.7,31.8,30.0,31.6,28.13,Moderate,0
2022-08-20 00:00:00,33.0,68.0,15.8,641.0,1001.7,1.0,34.5,32.7,37.2,33.85,Moderate,0
2022-08-20 06:00:00,24.0,57.1,9.6,454.0,1008.5,1.4,25.7,24.1,23.7,27.05,Low,0
2022-08-20 12:00:00,30.3,83.7,1.9,337.0,994.5,1.3,34.3,30.5,37.8,37.16,Moderate,0
2022-08-20 18:00:00,37.5,85.6,19.4,590.0,997.0,1.5,39.5,37.3,47.9,39.34,High,0
2022-08-21 00:00:00,43.1,32.8,20.3,314.0,998.3,2.8,42.3,40.3,44.5,26.87,Low,1
2022-08-21 06:00:00,26.2,30.2,7.1,1018.0,1009.7,3.3,26.9,25.7,24.2,26.71,Low,0
2022-08-21 12:00:00,31.4,67.3,5.4,929.0,1006.6,2.0,34.1,31.5,36.5,37.54,Moderate,0
2022-08-21 18:00:00,32.9,42.6,16.7,714.0,1003.7,0.1,33.0,31.8,32.7,27.5,Low,0
2022-08-22 00:00:00,24.2,21.4,11.3,572.0,1011.9,4.9,23.9,23.1,20.1,19.98,Low,0
2022-08-22 06:00:00,38.1,86.6,8.1,385.0,1008.8,4.4,41.5,37.7,51.5,41.6,High,0
2022-08-22 12:00:00,28.9,37.0,12.9,545.0,1002.1,1.9,29.2,27.8,27.2,24.43,Low,0
2022-08-22 18:00:00,32.6,89.7,7.1,960.0,994.6,1.1,36.2,33.4,41.7,43.26,High,0
2022-08-23 00:00:00,30.8,73.8,20.1,767.0,996.8,0.4,32.1,31.1,33.7,34.18,Moderate,0
2022-08-23 06:00:00,28.5,77.2,7.5,601.0,990.3,2.1,31.5,29.0,32.9,35.87,Moderate,0
2022-08-23 12:00:00,34.0,35.1,16.7,781.0,1006.4,3.2,33.8,32.6,32.9,27.71,Low,0
2022-08-23 18:00:00,32.5,37.6,9.6,686.0,996.4,1.6,33.2,31.3,32.7,27.81,Low,0
2022-08-24 00:00:00,31.4,59.1,11.9,649.0,1000.0,1.5,32.9,31.0,34.0,31.92,Moderate,0
2022-08-24 06:00:00,28.9,32.9,28.1,795.0,1003.7,0.3,27.2,28.0,23.7,21.68,Low,0
2022-08-24 12:00:00,36.2,42.9,6.4,679.0,1015.4,0.7,37.6,34.8,39.4,31.07,Moderate,0
2022-08-24 18:00:00,45.6,44.1,16.0,765.0,1014.3,1.9,45.9,43.3,52.8,34.75,Moderate,1
2022-08-25 00:00:00,35.0,32.0,24.0,590.0,1004.5,0.0,33.7,33.2,32.2,23.38,Low,0
2022-08-25 06:00:00,41.0,35.4,15.6,486.0,1017.7,1.5,40.9,38.6,43.0,28.35,Moderate,0
2022-08-25 12:00:00,24.3,79.1,20.8,413.0,984.9,2.2,25.8,25.1,24.2,30.42,Moderate,0
2022-08-25 18:00:00,35.1,32.5,10.3,383.0,1023.8,0.6,35.5,33.1,35.1,24.94,Low,0
2022-08-26 00:00:00,26.3,22.1,15.0,149.0,1011.9,0.1,25.6,24.6,21.9,15.51,Low,0
2022-08-26 06:00:00,23.7,67.2,17.9,322.0,1006.0,2.6,24.9,24.0,22.7,27.21,Low,0
2022-08-26 12:00:00,28.8,93.2,9.5,315.0,996.1,0.2,32.3,29.5,35.1,36.79,Moderate,0
2022-08-26 18:00:00,42.3,44.8,4.8,423.0,1000.6,0.7,44.0,40.1,49.6,32.69,Moderate,1
2022-08-27 00:00:00,40.7,28.9,4.1,941.0,1011.1,1.8,41.7,38.6,43.2,32.41,Moderate,0
2022-08-27 06:00:00,35.7,62.8,26.1,511.0,1011.3,2.5,35.7,34.8,38.7,31.25,Moderate,0
2022-08-27 12:00:00,23.3,88.0,23.4,610.0,1011.7,3.0,24.9,24.7,23.0,33.43,Moderate,0
2022-08-27 18:00:00,32.6,78.8,5.5,618.0,997.7,1.1,35.9,32.7,40.3,38.29,High,0
2022-08-28 00:00:00,36.1,66.7,20.8,947.0,995.7,1.0,36.9,35.8,41.2,36.21,Moderate,0
2022-08-28 06:00:00,35.2,43.6,13.0,406.0,1007.0,2.8,35.8,33.6,36.8,28.17,Moderate,0
2022-08-28 12:00:00,21.1,60.6,9.7,494.0,1012.7,1.2,23.0,21.6,20.2,26.83,Low,0
2022-08-28 18:00:00,27.8,26.8,5.3,523.0,1005.0,1.3,28.5,26.5,26.1,22.53,Low,0
2022-08-29 00:00:00,33.6,70.9,8.7,834.0,1019.8,0.9,36.1,33.6,40.0,37.67,Moderate,0
2022-08-29 06:00:00,37.8,74.4,4.5,886.0,1005.3,0.7,41.0,37.5,49.0,41.6,High,0
2022-08-29 12:00:00,18.6,92.4,7.7,669.0,1005.0,1.0,22.3,20.6,19.6,35.3,Moderate,0
2022-08-29 18:00:00,32.9,39.5,4.4,858.0,1011.7,0.7,34.3,31.9,34.5,30.48,Moderate,0
2022-08-30 00:00:00,35.0,21.4,2.9,594.0,1017.2,0.6,35.7,32.8,34.4,25.18,Low,0
2022-08-30 06:00:00,39.9,60.9,21.2,507.0,991.5,7.6,40.4,38.5,46.5,35.4,Moderate,0
2022-08-30 12:00:00,38.9,73.0,8.3,845.0,993.8,0.6,41.6,38.4,50.0,40.64,High,0
2022-08-30 18:00:00,38.1,79.3,12.2,672.0,1001.9,0.4,40.6,37.7,49.1,39.71,High,0
2022-08-31 00:00:00,28.4,34.5,6.1,366.0,1036.6,0.7,29.4,27.1,27.6,23.18,Low,0
2022-08-31 06:00:00,20.6,39.6,8.0,799.0,1002.4,1.3,21.6,20.7,18.2,24.02,Low,0
2022-08-31 12:00:00,31.2,58.4,4.3,498.0,1003.8,3.6,33.6,30.6,35.1,32.78,Moderate,0
2022-08-31 18:00:00,41.0,44.8,26.2,467.0,1011.2,2.3,40.1,38.9,43.4,28.72,Moderate,0
2022-09-01 00:00:00,43.8,84.5,1.2,773.0,1014.8,2.8,47.9,43.2,64.6,47.37,High,1
2022-09-01 06:00:00,39.0,55.5,17.2,528.0,1006.7,2.9,39.7,37.6,44.4,32.96,Moderate,0
2022-09-01 12:00:00,37.0,80.0,6.1,647.0,1016.6,3.8,40.3,36.7,48.3,41.61,High,0
2022-09-01 18:00:00,36.7,63.5,4.3,715.0,993.1,0.4,39.4,36.0,44.7,37.03,Moderate,0
2022-09-02 00:00:00,30.1,78.0,2.7,354.0,997.3,0.9,33.7,30.2,36.5,35.48,Moderate,0
2022-09-02 06:00:00,33.1,45.0,10.3,646.0,1016.6,0.7,34.1,32.0,34.6,29.18,Moderate,0
2022-09-02 12:00:00,45.7,82.4,15.8,887.0,1005.1,0.7,47.9,44.9,65.5,44.9,High,1
2022-09-02 18:00:00,27.4,40.6,14.7,311.0,992.4,1.6,27.7,26.4,25.4,22.43,Low,0
2022-09-03 00:00:00,45.3,61.0,6.7,662.0,991.8,0.8,47.5,43.6,59.5,39.54,High,1
2022-09-03 06:00:00,31.7,36.1,8.0,343.0,996.9,1.4,32.5,30.1,31.7,24.75,Low,0
2022-09-03 12:00:00,43.3,55.7,4.2,805.0,1005.0,0.7,45.6,41.7,54.5,38.85,High,1
2022-09-03 18:00:00,24.2,43.9,4.8,803.0,1009.7,0.6,25.8,24.1,23.6,27.14,Low,0
2022-09-04 00:00:00,38.1,40.0,21.1,461.0,1001.7,0.7,37.6,36.2,38.8,26.63,Low,0
2022-09-04 06:00:00,28.8,92.5,1.9,1100.0,1008.8,2.4,33.2,30.3,36.5,44.8,High,0
2022-09-04 12:00:00,24.1,32.0,1.6,827.0,1000.6,1.4,25.5,23.6,22.9,25.22,Low,0
2022-09-04 18:00:00,35.5,79.0,5.5,727.0,1017.2,5.5,38.8,35.4,45.4,42.0,High,0
2022-09-05 00:00:00,41.1,93.8,26.0,713.0,1030.5,2.7,42.7,41.0,56.1,43.04,High,1
2022-09-05 06:00:00,28.1,21.5,9.5,796.0,1001.1,1.0,28.0,26.8,24.9,22.44,Low,0
2022-09-05 12:00:00,23.5,72.4,35.0,301.0,1009.8,0.4,22.9,24.0,19.6,24.07,Low,0
2022-09-05 18:00:00,33.4,39.0,7.3,599.0,1009.0,1.7,34.5,32.0,34.6,28.41,Moderate,0
2022-09-06 00:00:00,33.4,23.0,15.0,646.0,1006.4,1.9,32.8,31.5,30.4,23.29,Low,0
2022-09-06 06:00:00,37.8,50.2,19.3,450.0,1011.5,0.9,38.0,36.2,40.9,29.39,Moderate,0
2022-09-06 12:00:00,40.6,90.1,34.2,666.0,1009.8,0.4,41.0,40.4,52.5,39.09,High,0
2022-09-06 18:00:00,33.6,20.9,5.9,858.0,1000.3,1.2,33.9,31.8,32.0,26.02,Low,0
2022-09-07 00:00:00,47.0,64.1,9.5,445.0,1018.2,0.4,49.1,45.0,63.5,38.75,High,1
2022-09-07 06:00:00,35.6,57.6,8.2,536.0,1007.0,4.2,37.5,34.6,41.0,34.27,Moderate,0
2022-09-07 12:00:00,31.6,85.5,15.9,345.0,1001.2,1.5,34.0,31.8,37.6,35.53,Moderate,0
2022-09-07 18:00:00,22.7,26.3,24.2,103.0,1029.4,0.5,21.1,21.5,16.4,12.9,Low,0
2022-09-08 00:00:00,32.2,71.1,24.2,745.0,1003.8,0.4,32.9,32.2,34.7,33.15,Moderate,0
2022-09-08 06:00:00,31.6,71.0,5.7,544.0,1007.5,1.9,34.5,31.5,37.3,35.57,Moderate,0
2022-09-08 12:00:00,40.7,70.2,4.8,562.0,1006.8,1.8,43.6,39.6,53.4,39.75,High,1
2022-09-08 18:00:00,37.2,90.7,14.8,303.0,1003.7,1.4,40.0,37.0,49.2,39.22,High,0
2022-09-09 00:00:00,25.7,81.7,3.7,504.0,1009.5,1.4,29.3,26.5,29.9,35.52,Moderate,0
2022-09-09 06:00:00,35.2,23.1,16.2,824.0,996.6,1.4,34.4,33.3,32.4,25.04,Low,0
2022-09-09 12:00:00,38.7,55.3,9.5,550.0,1011.0,0.7,40.3,37.3,45.4,33.71,Moderate,0
2022-09-09 18:00:00,44.7,49.8,21.7,557.0,987.4,4.2,44.6,42.5,51.9,33.87,Moderate,1
2022-09-10 00:00:00,40.2,43.3,19.5,602.0,992.0,1.0,40.0,38.3,43.0,29.88,Moderate,0
2022-09-10 06:00:00,39.3,53.9,10.3,241.0,1023.3,0.0,40.8,37.5,45.9,30.91,Moderate,0
2022-09-10 12:00:00,34.4,48.8,3.4,706.0,992.4,0.6,36.4,33.4,38.5,32.51,Moderate,0
2022-09-10 18:00:00,36.7,52.4,3.7,236.0,985.4,0.2,38.9,35.1,42.6,30.72,Moderate,0
2022-09-11 00:00:00,42.7,93.4,9.8,315.0,992.7,0.7,46.2,42.0,62.9,43.21,High,1
2022-09-11 06:00:00,24.7,26.6,13.1,288.0,1022.4,1.4,24.5,23.4,20.9,17.79,Low,0
2022-09-11 12:00:00,31.6,89.2,7.4,506.0,987.1,0.0,35.2,32.1,39.8,38.84,High,0
2022-09-11 18:00:00,28.6,56.0,4.4,462.0,995.4,3.1,30.9,28.2,31.0,30.54,Moderate,0
2022-09-12 00:00:00,36.7,66.8,7.6,550.0,990.4,1.4,39.1,35.9,44.8,36.31,Moderate,0
2022-09-12 06:00:00,42.6,82.3,21.8,324.0,1002.3,0.5,44.1,41.5,57.2,37.99,Moderate,1
2022-09-12 12:00:00,29.8,47.0,7.6,801.0,1000.6,0.6,31.2,29.3,30.8,29.86,Moderate,0
2022-09-12 18:00:00,18.0,52.3,5.9,759.0,1000.2,0.9,19.9,18.8,16.4,26.0,Low,0
2022-09-13 00:00:00,31.1,50.7,3.6,507.0,1023.6,0.4,33.2,30.3,33.9,29.89,Moderate,0
2022-09-13 06:00:00,40.4,48.1,9.0,430.0,993.0,0.0,41.7,38.5,46.6,31.63,Moderate,0
2022-09-13 12:00:00,37.8,89.4,19.6,405.0,1004.0,0.0,39.9,37.6,49.2,38.48,High,0
2022-09-13 18:00:00,37.0,82.2,20.3,472.0,1008.4,0.7,38.7,36.6,46.0,36.92,Moderate,0
2022-09-14 00:00:00,32.0,28.2,5.0,200.0,995.2,0.2,32.8,30.0,31.4,22.02,Low,0
2022-09-14 06:00:00,25.0,28.1,10.4,310.0,1009.9,0.0,25.2,23.8,21.9,18.52,Low,0
2022-09-14 12:00:00,37.6,52.1,5.4,765.0,1001.0,2.9,39.6,36.4,43.7,35.62,Moderate,0
2022-09-14 18:00:00,28.2,27.4,7.1,625.0,1008.7,0.5,28.7,27.0,26.3,22.98,Low,0
2022-09-15 00:00:00,49.3,66.4,8.9,959.0,1003.9,1.0,51.6,47.7,69.6,44.55,High,1
2022-09-15 06:00:00,38.0,30.8,6.4,475.0,984.5,0.3,38.8,35.8,39.5,27.19,Low,0
2022-09-15 12:00:00,29.9,59.2,0.3,460.0,1018.1,0.1,32.8,29.4,34.1,31.68,Moderate,0
2022-09-15 18:00:00,29.7,20.5,26.3,448.0,1025.7,2.0,27.6,27.9,23.4,17.29,Low,0
2022-09-16 00:00:00,33.3,43.7,5.9,470.0,1003.2,0.2,34.8,32.0,35.5,28.32,Moderate,0
2022-09-16 06:00:00,32.3,70.8,5.5,385.0,996.0,0.0,35.2,31.9,38.5,34.02,Moderate,0
2022-09-16 12:00:00,41.8,56.3,5.0,618.0,1020.1,1.3,44.0,40.2,51.8,36.97,Moderate,1
2022-09-16 18:00:00,35.3,93.4,2.5,557.0,1023.9,0.0,39.7,35.6,48.4,42.91,High,0
2022-09-17 00:00:00,28.9,85.6,26.8,423.0,1003.3,0.9,30.0,29.4,30.9,32.53,Moderate,0
2022-09-17 06:00:00,47.2,46.9,9.3,863.0,1002.8,0.5,48.4,45.0,57.9,37.75,Moderate,1
2022-09-17 12:00:00,34.3,23.4,13.2,1024.0,1004.2,0.6,33.9,32.7,31.9,26.53,Low,0
2022-09-17 18:00:00,39.4,83.4,12.1,842.0,988.3,0.0,42.1,39.2,52.6,42.47,High,0
2022-09-18 00:00:00,29.7,88.3,6.3,690.0,1002.1,5.0,33.4,30.5,36.6,41.1,High,0
2022-09-18 06:00:00,36.5,81.5,9.3,740.0,1022.1,1.1,39.5,36.4,47.1,40.87,High,0
2022-09-18 12:00:00,36.2,29.6,15.3,1014.0,1003.3,1.3,35.8,34.6,35.1,28.69,Moderate,0
2022-09-18 18:00:00,20.8,94.8,2.8,740.0,994.6,1.6,25.2,22.8,23.9,38.61,High,0
2022-09-19 00:00:00,48.1,39.4,7.0,404.0,1010.0,2.4,49.2,45.1,57.3,33.97,Moderate,1
2022-09-19 06:00:00,43.0,74.3,8.0,648.0,998.3,1.4,45.8,41.9,58.5,41.68,High,1
2022-09-19 12:00:00,31.2,88.1,6.1,707.0,1004.3,2.2,34.9,31.9,39.2,40.92,High,0
2022-09-19 18:00:00,26.3,37.7,6.0,301.0,992.3,0.9,27.5,25.3,25.4,22.63,Low,0
2022-09-20 00:00:00,36.4,88.1,10.6,479.0,994.6,0.7,39.5,36.3,47.9,40.12,High,0
2022-09-20 06:00:00,34.6,43.2,22.5,825.0,1012.4,2.6,34.1,33.5,34.0,28.97,Moderate,0
2022-09-20 12:00:00,36.5,93.2,12.8,94.0,1006.2,3.0,39.6,36.2,48.7,38.92,High,0
2022-09-20 18:00:00,35.3,41.1,4.8,237.0,997.2,0.2,36.8,33.4,38.1,27.05,Low,0
2022-09-21 00:00:00,37.5,91.5,35.0,506.0,1006.2,1.2,37.9,37.5,46.1,36.97,Moderate,0
2022-09-21 06:00:00,44.1,24.0,22.7,638.0,998.9,1.7,42.6,41.2,42.9,26.68,Low,1
2022-09-21 12:00:00,38.0,73.2,6.5,211.0,997.2,0.1,40.9,37.0,48.7,35.72,Moderate,0
2022-09-21 18:00:00,26.7,59.9,22.9,518.0,1016.6,4.0,26.9,26.6,25.2,27.7,Low,0
2022-09-22 00:00:00,43.5,55.8,10.8,838.0,1012.8,1.1,45.0,41.9,53.7,38.03,High,1
2022-09-22 06:00:00,45.5,36.8,3.5,567.0,1004.8,1.6,46.9,42.8,52.7,33.79,Moderate,1
2022-09-22 12:00:00,50.0,72.9,21.0,785.0,1006.4,0.3,51.1,48.3,71.5,42.52,High,1
2022-09-22 18:00:00,26.1,34.3,4.9,402.0,1004.9,0.5,27.2,25.1,25.0,22.53,Low,0
2022-09-23 00:00:00,35.7,61.5,13.2,348.0,1009.9,0.2,37.2,34.6,40.9,31.48,Moderate,0
2022-09-23 06:00:00,19.4,39.0,10.4,762.0,997.0,0.5,20.1,19.6,16.3,22.29,Low,0
2022-09-23 12:00:00,37.9,91.7,14.0,642.0,1013.6,1.0,40.8,38.0,51.0,42.35,High,0
2022-09-23 18:00:00,30.2,22.1,28.1,254.0,1008.5,2.7,27.9,28.2,23.9,16.35,Low,0
2022-09-24 00:00:00,47.5,35.0,9.2,350.0,1002.4,1.1,48.1,44.3,54.2,31.3,Moderate,1
2022-09-24 06:00:00,28.6,38.2,3.5,941.0,1000.1,0.4,30.1,28.0,28.8,28.92,Moderate,0
2022-09-24 12:00:00,22.2,51.1,5.4,319.0,1013.4,0.1,24.1,22.1,21.7,24.11,Low,0
2022-09-24 18:00:00,30.7,37.5,3.3,784.0,1003.5,1.5,32.2,29.7,31.5,28.93,Moderate,0
2022-09-25 00:00:00,20.2,56.9,2.4,430.0,998.0,0.8,22.8,20.6,20.2,26.34,Low,0
2022-09-25 06:00:00,39.3,85.4,19.4,549.0,1001.2,6.2,41.2,38.9,51.5,41.44,High,0
2022-09-25 12:00:00,19.5,73.4,10.1,624.0,1012.7,2.3,22.0,20.7,19.0,30.59,Moderate,0
2022-09-25 18:00:00,34.2,63.5,8.4,50.0,988.9,2.5,36.4,33.1,39.8,30.84,Moderate,0
2022-09-26 00:00:00,19.5,26.7,6.6,184.0,1001.4,0.0,20.0,18.7,16.2,15.51,Low,0
2022-09-26 06:00:00,31.8,72.0,16.4,572.0,1015.7,2.3,33.4,31.7,35.7,34.12,Moderate,0
2022-09-26 12:00:00,45.5,32.5,24.6,369.0,1003.3,0.3,44.2,42.5,47.2,26.55,Low,1
2022-09-26 18:00:00,36.5,79.0,4.7,799.0,1007.7,1.3,39.9,36.4,47.4,41.68,High,0
2022-09-27 00:00:00,28.0,38.8,12.9,148.0,1015.9,0.9,28.4,26.7,26.3,21.14,Low,0
2022-09-27 06:00:00,33.8,51.3,18.5,691.0,1013.9,1.3,34.1,32.9,35.1,29.97,Moderate,0
2022-09-27 12:00:00,34.1,46.3,11.1,206.0,1000.6,0.2,35.1,32.5,36.1,26.32,Low,0
2022-09-27 18:00:00,37.3,84.4,15.6,462.0,1003.7,0.9,39.6,37.0,48.0,38.55,High,0
2022-09-28 00:00:00,24.4,29.5,3.5,284.0,1014.0,0.1,25.5,23.3,22.7,19.82,Low,0
2022-09-28 06:00:00,38.1,62.4,25.1,1026.0,1014.4,0.1,38.2,37.5,42.9,35.45,Moderate,0
2022-09-28 12:00:00,18.0,30.7,16.5,215.0,1004.1,1.6,17.6,17.5,12.9,14.65,Low,0
2022-09-28 18:00:00,29.6,72.9,13.8,519.0,1004.5,4.5,31.6,29.7,32.9,34.25,Moderate,0
2022-09-29 00:00:00,30.6,87.9,17.6,118.0,1007.7,2.3,32.9,30.7,35.9,33.92,Moderate,0
2022-09-29 06:00:00,38.4,52.6,7.4,950.0,1018.7,0.9,40.1,37.4,44.7,36.39,Moderate,0
2022-09-29 12:00:00,34.2,56.6,4.0,650.0,1015.7,0.1,36.6,33.4,39.4,33.65,Moderate,0
2022-09-29 18:00:00,24.2,89.6,3.3,584.0,1011.9,0.1,28.3,25.5,28.5,37.04,Moderate,0
2022-09-30 00:00:00,27.1,59.1,2.9,919.0,994.2,0.3,29.7,27.4,29.5,33.39,Moderate,0
2022-09-30 06:00:00,35.4,56.6,12.7,587.0,1002.3,5.6,36.7,34.4,39.6,33.9,Moderate,0
2022-09-30 12:00:00,33.4,63.4,6.8,605.0,1002.8,0.8,35.8,32.9,38.8,34.34,Moderate,0
2022-09-30 18:00:00,29.9,71.7,24.1,583.0,1019.2,2.8,30.6,30.0,31.2,31.91,Moderate,0
2022-10-01 00:00:00,30.6,28.0,20.9,691.0,1002.6,1.8,29.5,29.2,26.6,22.4,Low,0
2022-10-01 06:00:00,38.9,81.6,16.4,427.0,1017.5,1.4,41.0,38.3,50.4,38.32,High,0
2022-10-01 12:00:00,30.4,52.7,14.1,496.0,999.3,4.4,31.3,29.7,31.2,29.3,Moderate,0
2022-10-01 18:00:00,33.4,25.4,5.4,753.0,1000.1,0.4,34.0,31.7,32.6,26.09,Low,0
2022-10-02 00:00:00,49.2,79.0,6.2,619.0,1009.8,0.9,52.4,47.7,74.8,45.61,High,1
2022-10-02 06:00:00,24.0,48.3,5.4,521.0,1020.7,3.0,25.8,23.8,23.7,26.75,Low,0
2022-10-02 12:00:00,21.0,27.5,3.9,200.0,1002.9,1.2,21.9,20.1,18.5,17.47,Low,0
2022-10-02 18:00:00,39.5,67.5,8.6,925.0,979.4,0.4,41.8,38.8,49.8,40.01,High,0
2022-10-03 00:00:00,29.2,86.0,18.3,385.0,989.4,0.4,31.3,29.7,33.1,34.01,Moderate,0
2022-10-03 06:00:00,31.8,86.6,8.2,797.0,1008.0,2.1,35.1,32.4,39.6,41.03,High,0
2022-10-03 12:00:00,28.5,91.8,5.2,594.0,990.3,0.0,32.5,29.5,35.2,39.19,High,0
2022-10-03 18:00:00,32.2,85.1,8.2,227.0,996.3,3.7,35.5,32.2,40.1,37.12,Moderate,0
2022-10-04 00:00:00,45.2,20.2,10.5,863.0,1005.1,0.0,45.0,42.2,45.6,29.76,Moderate,1
2022-10-04 06:00:00,39.6,48.5,6.4,614.0,980.5,1.5,41.3,38.0,45.9,33.79,Moderate,0
2022-10-04 12:00:00,40.0,81.4,8.7,884.0,1001.2,1.4,43.0,39.7,54.0,43.73,High,1
2022-10-04 18:00:00,24.1,47.5,35.0,504.0,993.4,1.3,22.3,23.9,18.0,19.95,Low,0
2022-10-05 00:00:00,25.9,65.1,2.8,726.0,990.0,1.0,28.8,26.3,28.5,33.16,Moderate,0
2022-10-05 06:00:00,18.0,65.5,1.3,109.0,997.0,2.9,21.1,18.6,18.2,26.05,Low,0
2022-10-05 12:00:00,28.3,47.4,10.0,425.0,994.3,1.6,29.5,27.6,28.4,26.33,Low,0
2022-10-05 18:00:00,40.7,87.8,12.3,232.0,1009.7,2.3,43.6,39.9,56.4,40.35,High,1
2022-10-06 00:00:00,37.6,57.7,8.3,456.0,1017.0,0.2,39.5,36.3,44.3,33.18,Moderate,0
2022-10-06 06:00:00,32.4,54.9,4.2,668.0,1001.4,0.1,34.6,31.7,36.4,32.51,Moderate,0
2022-10-06 12:00:00,33.8,94.8,23.8,399.0,999.0,0.0,35.7,34.1,41.6,37.14,Moderate,0
2022-10-06 18:00:00,29.2,57.0,9.6,766.0,1000.9,0.2,30.9,29.0,30.9,31.28,Moderate,0
2022-10-07 00:00:00,35.4,33.4,10.4,336.0,993.9,1.6,35.8,33.4,35.7,25.28,Low,0
2022-10-07 06:00:00,39.4,58.5,16.2,771.0,992.1,1.0,40.4,38.3,46.0,35.25,Moderate,0
2022-10-07 12:00:00,22.7,81.1,8.1,877.0,988.5,2.1,25.8,24.1,24.5,36.18,Moderate,0
2022-10-07 18:00:00,36.1,78.3,7.5,803.0,991.7,0.3,39.1,36.0,46.0,40.45,High,0
2022-10-08 00:00:00,40.5,79.1,23.8,464.0,1021.3,0.7,41.6,39.7,51.6,36.96,Moderate,0
2022-10-08 06:00:00,31.1,73.1,2.0,50.0,998.1,3.3,34.5,30.6,37.6,33.4,Moderate,0
2022-10-08 12:00:00,38.9,39.1,11.9,696.0,975.6,4.1,39.4,37.1,41.5,31.56,Moderate,0
2022-10-08 18:00:00,50.0,84.7,11.2,519.0,999.1,3.8,52.9,48.5,78.1,46.66,High,1
2022-10-09 00:00:00,33.3,87.0,6.8,305.0,989.1,2.6,36.8,33.3,42.6,38.57,High,0
2022-10-09 06:00:00,36.8,34.6,8.4,411.0,1005.6,1.7,37.5,34.7,38.2,27.21,Low,0
2022-10-09 12:00:00,28.8,29.8,22.4,909.0,1004.5,3.7,27.6,27.9,24.3,24.04,Low,0
2022-10-09 18:00:00,35.3,93.2,4.8,266.0,1005.6,1.9,39.4,35.3,47.9,40.88,High,0
2022-10-10 00:00:00,37.2,85.1,15.5,667.0,1004.6,4.6,39.6,37.1,47.9,41.53,High,0
2022-10-10 06:00:00,35.4,87.0,9.4,604.0,1001.3,0.0,38.6,35.5,46.0,40.33,High,0
2022-10-10 12:00:00,26.9,86.5,14.4,461.0,990.4,3.8,29.5,27.7,30.2,35.64,Moderate,0
2022-10-10 18:00:00,35.4,60.6,12.5,711.0,1004.3,1.2,36.9,34.7,40.4,34.33,Moderate,0
2022-10-11 00:00:00,44.2,68.5,1.2,958.0,1015.2,0.2,47.5,43.1,60.7,44.03,High,1
2022-10-11 06:00:00,37.1,60.9,4.7,476.0,1023.1,0.4,39.6,36.0,44.8,34.69,Moderate,0
2022-10-11 12:00:00,40.7,23.8,5.4,489.0,1002.6,2.9,41.2,38.0,41.6,27.87,Low,0
2022-10-11 18:00:00,32.3,75.9,4.2,706.0,1003.7,1.1,35.6,32.4,39.6,38.35,High,0
2022-10-12 00:00:00,39.2,57.9,5.9,780.0,1010.0,6.1,41.4,38.1,47.5,38.92,High,0
2022-10-12 06:00:00,36.0,68.6,10.3,518.0,1019.9,0.2,38.2,35.3,43.4,35.24,Moderate,0
2022-10-12 12:00:00,27.3,57.7,17.3,474.0,1000.1,0.8,28.1,27.1,26.8,27.08,Low,0
2022-10-12 18:00:00,36.2,56.9,3.1,50.0,1011.9,0.6,38.7,34.6,42.8,30.48,Moderate,0
2022-10-13 00:00:00,27.1,32.9,9.5,355.0,996.8,1.1,27.6,25.9,25.1,21.57,Low,0
2022-10-13 06:00:00,29.6,40.9,11.5,265.0,1008.3,1.5,30.3,28.3,28.9,23.76,Low,0
2022-10-13 12:00:00,35.3,31.9,19.5,721.0,1014.7,1.6,34.6,33.6,33.5,25.93,Low,0
2022-10-13 18:00:00,36.1,34.7,25.5,489.0,992.1,0.0,34.8,34.2,34.0,23.49,Low,0
2022-10-14 00:00:00,25.7,93.0,8.1,479.0,999.7,0.1,29.4,26.9,30.2,36.82,Moderate,0
2022-10-14 06:00:00,41.4,31.5,4.3,548.0,1014.5,0.1,42.5,38.9,44.8,29.79,Moderate,1
2022-10-14 12:00:00,38.0,40.2,12.0,332.0,1011.2,3.0,38.6,35.9,40.4,28.29,Moderate,0
2022-10-14 18:00:00,29.1,64.3,4.5,938.0,1015.4,0.6,31.8,29.4,32.7,35.52,Moderate,0
2022-10-15 00:00:00,23.2,65.8,11.3,875.0,1013.5,0.7,25.1,24.1,23.2,31.44,Moderate,0
2022-10-15 06:00:00,33.0,31.5,5.2,955.0,1001.6,0.9,34.0,31.8,33.2,29.16,Moderate,0
2022-10-15 12:00:00,30.9,79.5,13.3,721.0,1027.0,2.8,33.3,31.3,36.0,37.51,Moderate,0
2022-10-15 18:00:00,34.8,78.9,5.4,543.0,1006.4,0.0,38.1,34.6,44.2,38.38,High,0
2022-10-16 00:00:00,31.5,37.8,24.0,954.0,974.4,0.2,30.5,30.6,28.6,26.05,Low,0
2022-10-16 06:00:00,19.9,41.6,9.4,380.0,1002.2,1.7,20.9,19.7,17.3,20.92,Low,0
2022-10-16 12:00:00,31.3,90.3,2.3,332.0,1000.3,5.0,35.5,31.7,40.4,40.44,High,0
2022-10-16 18:00:00,31.9,81.9,17.6,400.0,1013.0,1.5,33.9,32.0,37.2,34.83,Moderate,0
2022-10-17 00:00:00,38.4,72.3,8.1,681.0,1000.5,0.5,41.0,37.8,48.9,39.02,High,0
2022-10-17 06:00:00,29.1,26.2,14.0,359.0,1016.0,1.1,28.7,27.5,25.8,19.92,Low,0
2022-10-17 12:00:00,45.8,51.4,17.8,511.0,1010.6,5.5,46.2,43.5,55.2,35.66,Moderate,1
2022-10-17 18:00:00,20.6,61.9,9.8,150.0,995.0,1.1,22.5,20.9,19.6,24.3,Low,0
2022-10-18 00:00:00,43.2,34.1,2.9,670.0,1003.6,0.7,44.6,40.7,48.4,32.66,Moderate,1
2022-10-18 06:00:00,32.4,53.6,10.4,171.0,997.2,0.7,33.8,31.2,34.9,27.43,Low,0
2022-10-18 12:00:00,40.0,65.1,22.0,317.0,1006.8,5.1,40.6,38.6,47.5,34.04,Moderate,0
2022-10-18 18:00:00,34.6,44.6,8.7,854.0,997.2,1.9,35.8,33.6,37.0,32.05,Moderate,0
2022-10-19 00:00:00,42.0,78.6,12.5,845.0,1005.7,1.7,44.4,41.4,56.7,42.98,High,1
2022-10-19 06:00:00,31.3,83.0,4.9,644.0,1002.3,0.4,34.9,31.7,38.8,38.83,High,0
2022-10-19 12:00:00,26.3,44.3,2.5,619.0,1003.5,1.2,28.2,25.8,26.8,27.47,Low,0
2022-10-19 18:00:00,43.9,82.9,8.3,417.0,1025.5,0.7,47.0,42.8,62.9,42.19,High,1
2022-10-20 00:00:00,33.2,27.8,9.6,357.0,1001.4,0.4,33.4,31.2,32.0,22.79,Low,0
2022-10-20 06:00:00,35.6,82.8,19.2,459.0,985.7,3.4,37.4,35.4,43.7,37.51,Moderate,0
2022-10-20 12:00:00,42.6,31.5,10.0,172.0,1015.2,0.7,43.0,39.6,45.4,26.58,Low,1
2022-10-20 18:00:00,26.8,26.2,18.3,613.0,1015.1,0.5,25.9,25.6,22.3,19.72,Low,0
2022-10-21 00:00:00,38.2,68.1,6.7,562.0,985.2,4.0,40.8,37.3,47.9,38.49,High,0
2022-10-21 06:00:00,29.9,55.4,2.9,317.0,998.0,0.3,32.3,29.2,33.0,29.21,Moderate,0
2022-10-21 12:00:00,33.1,88.1,13.0,942.0,1009.4,2.1,35.9,33.8,41.2,42.12,High,0
2022-10-21 18:00:00,34.5,47.2,23.5,702.0,1010.2,1.6,34.0,33.4,34.4,28.45,Moderate,0
2022-10-22 00:00:00,23.5,41.5,6.0,723.0,1005.0,3.8,24.9,23.3,22.3,26.5,Low,0
2022-10-22 06:00:00,28.5,57.6,14.3,428.0,1005.2,2.7,29.7,28.1,29.1,28.52,Moderate,0
2022-10-22 12:00:00,43.5,54.2,14.7,550.0,995.6,1.8,44.4,41.6,52.4,34.94,Moderate,1
2022-10-22 18:00:00,40.2,45.8,2.5,707.0,981.0,0.6,42.2,38.5,46.9,34.55,Moderate,1
2022-10-23 00:00:00,33.6,72.0,8.0,588.0,1025.5,1.0,36.2,33.3,40.4,36.28,Moderate,0
2022-10-23 06:00:00,35.7,77.0,15.1,950.0,995.3,4.3,37.7,35.8,43.6,40.92,High,0
2022-10-23 12:00:00,31.9,84.0,12.0,499.0,1006.8,0.0,34.7,32.1,38.6,36.7,Moderate,0
2022-10-23 18:00:00,43.5,93.0,15.1,424.0,1003.4,2.4,46.3,42.8,63.7,43.82,High,1
2022-10-24 00:00:00,32.6,40.0,13.5,709.0,1014.0,0.4,33.0,31.4,32.4,27.43,Low,0
2022-10-24 06:00:00,35.6,73.7,8.8,234.0,1006.1,0.3,38.2,34.9,44.0,34.54,Moderate,0
2022-10-24 12:00:00,42.0,49.6,9.6,781.0,1006.5,0.4,43.3,40.3,49.5,35.38,Moderate,1
2022-10-24 18:00:00,28.6,70.8,18.9,225.0,978.7,0.1,29.9,28.4,30.0,28.51,Moderate,0
2022-10-25 00:00:00,44.9,55.7,10.4,710.0,996.7,7.2,46.4,43.1,56.3,39.9,High,1
2022-10-25 06:00:00,23.3,94.5,5.4,388.0,1012.4,3.1,27.4,24.7,27.1,37.02,Moderate,0
2022-10-25 12:00:00,45.4,74.7,8.1,669.0,1011.5,1.1,48.2,44.1,63.8,42.89,High,1
2022-10-25 18:00:00,31.4,91.4,12.5,777.0,995.5,1.9,34.5,32.2,38.8,40.97,High,0
2022-10-26 00:00:00,32.3,82.6,18.1,588.0,989.2,1.2,34.3,32.5,37.9,36.4,Moderate,0
2022-10-26 06:00:00,20.8,87.7,2.5,250.0,1006.3,2.5,24.9,22.0,23.4,33.54,Moderate,0
2022-10-26 12:00:00,30.8,81.1,7.8,326.0,975.9,2.8,33.9,30.9,37.1,36.0,Moderate,0
2022-10-26 18:00:00,26.7,54.4,17.2,368.0,993.5,0.4,27.4,26.3,25.6,25.08,Low,0
2022-10-27 00:00:00,29.7,38.9,4.8,76.0,1022.6,0.9,31.1,28.2,30.1,23.02,Low,0
2022-10-27 06:00:00,33.0,47.8,4.8,832.0,1019.5,1.5,34.8,32.2,36.0,32.6,Moderate,0
2022-10-27 12:00:00,40.7,21.5,9.5,578.0,1009.9,5.8,40.6,38.0,40.3,28.16,Moderate,0
2022-10-27 18:00:00,35.5,59.3,2.3,266.0,1008.1,1.7,38.2,34.3,42.3,32.93,Moderate,0
2022-10-28 00:00:00,36.2,57.9,27.6,914.0,985.5,3.4,35.8,35.5,38.3,33.29,Moderate,0
2022-10-28 06:00:00,26.3,59.4,12.4,375.0,997.6,2.8,27.8,26.1,26.6,28.0,Low,0
2022-10-28 12:00:00,27.8,93.1,14.3,613.0,1002.0,1.3,30.7,28.9,32.5,37.98,Moderate,0
2022-10-28 18:00:00,46.6,88.4,19.8,344.0,997.8,3.4,48.6,45.4,69.0,42.88,High,1
2022-10-29 00:00:00,28.9,32.1,35.0,50.0,1001.5,0.7,26.3,27.2,22.3,14.65,Low,0
2022-10-29 06:00:00,45.6,47.7,8.8,209.0,1018.0,0.7,46.9,42.9,55.4,32.5,Moderate,1
2022-10-29 12:00:00,32.3,51.8,2.4,438.0,999.6,2.3,34.6,31.3,36.1,31.1,Moderate,0
2022-10-29 18:00:00,34.0,47.0,11.6,775.0,1001.6,0.2,35.0,33.0,36.0,30.61,Moderate,0
2022-10-30 00:00:00,41.5,79.9,5.1,637.0,1012.4,0.5,44.9,40.8,57.5,42.58,High,1
2022-10-30 06:00:00,42.9,59.3,3.6,585.0,990.8,1.4,45.4,41.3,54.9,38.29,High,1
2022-10-30 12:00:00,33.2,62.9,6.4,50.0,996.6,0.8,35.6,32.1,38.5,30.04,Moderate,0
2022-10-30 18:00:00,31.3,84.0,8.7,868.0,997.6,4.2,34.5,32.0,38.2,41.32,High,0
2022-10-31 00:00:00,33.6,80.4,20.0,606.0,1005.6,4.8,35.2,33.7,39.5,37.44,Moderate,0
2022-10-31 06:00:00,36.4,29.9,28.1,520.0,1001.6,1.0,34.5,34.3,32.9,22.48,Low,0
2022-10-31 12:00:00,40.2,73.5,4.0,833.0,1001.9,1.2,43.4,39.6,53.4,42.33,High,1
2022-10-31 18:00:00,34.0,52.7,6.8,862.0,998.4,1.9,35.8,33.3,37.9,34.24,Moderate,0
2022-11-01 00:00:00,38.3,42.1,13.9,839.0,994.3,0.9,38.7,36.8,40.9,31.59,Moderate,0
2022-11-01 06:00:00,45.5,23.8,15.2,488.0,1011.1,0.3,44.9,42.3,46.2,27.15,Low,1
2022-11-01 12:00:00,36.7,56.5,4.4,299.0,1001.6,2.1,39.0,35.3,43.3,32.74,Moderate,0
2022-11-01 18:00:00,36.2,46.7,17.3,797.0,1011.2,2.0,36.5,35.0,38.1,31.18,Moderate,0
2022-11-02 00:00:00,23.4,38.9,5.3,209.0,993.9,0.4,24.7,22.6,22.1,20.9,Low,0
2022-11-02 06:00:00,18.0,72.1,4.3,1037.0,998.3,2.7,21.1,19.8,18.1,33.99,Moderate,0
2022-11-02 12:00:00,36.7,77.7,13.5,557.0,1002.8,1.4,39.0,36.3,45.8,37.91,Moderate,0
2022-11-02 18:00:00,33.3,38.4,20.3,285.0,1003.7,0.4,32.8,31.6,31.8,22.8,Low,0
2022-11-03 00:00:00,30.4,23.7,11.6,242.0,1012.5,1.6,30.2,28.4,27.5,19.66,Low,0
2022-11-03 06:00:00,35.7,83.7,10.3,231.0,1000.7,0.4,38.6,35.3,45.8,36.8,Moderate,0
2022-11-03 12:00:00,33.6,20.7,8.8,585.0,1012.5,0.5,33.6,31.5,31.4,23.1,Low,0
2022-11-03 18:00:00,41.9,90.3,9.9,548.0,1008.7,2.8,45.2,41.4,60.2,44.54,High,1
2022-11-04 00:00:00,34.6,67.1,7.9,241.0,1003.9,4.0,37.0,33.7,41.2,33.97,Moderate,0
2022-11-04 06:00:00,28.8,44.1,13.7,461.0,995.5,0.4,29.4,27.9,27.9,24.84,Low,0
2022-11-04 12:00:00,40.9,38.5,9.9,208.0,1012.6,3.9,41.6,38.4,44.8,28.98,Moderate,0
2022-11-04 18:00:00,32.5,20.7,35.0,697.0,995.7,0.4,29.3,30.7,25.0,18.17,Low,0
2022-11-05 00:00:00,37.7,37.7,12.0,536.0,1004.8,0.2,38.1,35.8,39.4,28.08,Moderate,0
2022-11-05 06:00:00,30.7,30.3,7.9,455.0,1004.5,0.1,31.3,29.1,29.6,23.26,Low,0
2022-11-05 12:00:00,29.5,65.9,4.1,228.0,1002.9,0.4,32.3,29.1,33.6,30.78,Moderate,0
2022-11-05 18:00:00,34.6,32.5,4.5,475.0,1001.1,0.7,35.7,32.8,35.6,26.6,Low,0
2022-11-06 00:00:00,34.1,59.6,12.3,446.0,996.8,3.9,35.6,33.2,38.2,32.5,Moderate,0
2022-11-06 06:00:00,37.4,64.3,6.2,629.0,988.8,0.4,39.9,36.5,45.7,36.52,Moderate,0
2022-11-06 12:00:00,32.1,42.4,10.7,592.0,1019.0,0.7,32.9,31.0,32.7,27.59,Low,0
2022-11-06 18:00:00,21.1,22.6,21.1,748.0,1000.1,2.0,19.7,20.5,14.9,17.24,Low,0
2022-11-07 00:00:00,31.0,22.8,3.4,429.0,1003.7,0.5,31.7,29.1,29.7,22.36,Low,0
2022-11-07 06:00:00,39.6,22.0,8.3,85.0,1003.7,1.7,39.7,36.5,39.2,22.89,Low,0
2022-11-07 12:00:00,31.9,75.4,0.9,798.0,1016.0,0.8,35.6,32.1,39.4,39.29,High,0
2022-11-07 18:00:00,32.3,43.9,2.5,316.0,1024.3,0.3,34.2,30.9,34.8,27.48,Low,0
2022-11-08 00:00:00,40.9,79.7,11.0,273.0,1006.6,2.0,43.6,39.9,55.0,38.88,High,1
2022-11-08 06:00:00,29.0,52.4,2.8,539.0,1003.4,0.0,31.3,28.5,31.4,29.63,Moderate,0
2022-11-08 12:00:00,23.2,54.0,3.3,626.0,993.8,0.5,25.5,23.4,23.6,28.15,Moderate,0
2022-11-08 18:00:00,32.9,58.5,26.1,417.0,990.6,0.7,32.7,32.1,33.4,27.58,Low,0
2022-11-09 00:00:00,30.6,73.5,5.7,415.0,987.3,0.9,33.6,30.5,36.1,34.43,Moderate,0
2022-11-09 06:00:00,27.2,40.5,4.3,452.0,997.0,1.7,28.7,26.3,27.2,25.49,Low,0
2022-11-09 12:00:00,32.8,29.1,21.0,904.0,984.1,0.9,31.7,31.4,29.5,24.93,Low,0
2022-11-09 18:00:00,37.4,61.7,4.2,549.0,1015.8,1.4,40.0,36.4,45.6,36.02,Moderate,0
2022-11-10 00:00:00,33.9,44.5,11.8,308.0,1009.2,1.4,34.7,32.4,35.3,26.82,Low,0
2022-11-10 06:00:00,36.1,53.2,12.1,311.0,1002.5,0.7,37.3,34.7,40.2,29.7,Moderate,0
2022-11-10 12:00:00,46.7,68.5,16.5,487.0,1016.1,4.1,48.1,44.9,63.0,39.93,High,1
2022-11-10 18:00:00,31.6,57.1,3.7,609.0,994.3,4.7,34.0,31.0,35.6,33.97,Moderate,0
2022-11-11 00:00:00,35.9,66.5,4.8,671.0,996.8,1.3,38.6,35.3,43.9,37.31,Moderate,0
2022-11-11 06:00:00,30.4,60.8,5.8,581.0,985.7,0.1,32.7,30.1,34.0,32.11,Moderate,0
2022-11-11 12:00:00,28.1,75.5,5.0,340.0,1012.7,1.0,31.3,28.3,32.6,33.42,Moderate,0
2022-11-11 18:00:00,29.9,72.9,15.8,444.0,996.9,0.3,31.6,29.9,32.9,31.96,Moderate,0
2022-11-12 00:00:00,30.6,60.1,12.1,733.0,1005.2,1.0,32.2,30.4,32.9,32.22,Moderate,0
2022-11-12 06:00:00,36.5,70.9,13.4,263.0,1015.0,0.3,38.4,35.6,44.1,33.55,Moderate,0
2022-11-12 12:00:00,50.0,85.5,2.4,434.0,1018.7,1.8,54.0,48.4,80.2,47.28,High,1
2022-11-12 18:00:00,29.0,52.4,10.8,699.0,1004.7,0.1,30.3,28.6,29.8,29.27,Moderate,0
2022-11-13 00:00:00,31.1,51.0,23.2,769.0,1008.8,4.6,30.9,30.5,30.2,29.48,Moderate,0
2022-11-13 06:00:00,33.6,77.3,33.3,502.0,996.0,0.3,33.5,33.4,36.3,31.66,Moderate,0
2022-11-13 12:00:00,36.8,63.7,6.5,447.0,1021.8,1.6,39.2,35.8,44.5,35.1,Moderate,0
2022-11-13 18:00:00,35.8,25.3,16.8,219.0,1003.3,3.7,35.0,33.3,33.4,22.01,Low,0
2022-11-14 00:00:00,43.0,86.9,4.9,681.0,1005.8,0.4,46.8,42.4,62.7,45.34,High,1
2022-11-14 06:00:00,18.0,22.3,2.5,880.0,1000.9,4.1,18.8,17.9,15.0,21.21,Low,0
2022-11-14 12:00:00,18.0,76.1,2.7,1100.0,1017.0,0.7,21.5,20.0,18.6,35.08,Moderate,0
2022-11-14 18:00:00,30.5,76.9,21.2,647.0,1007.0,4.8,31.8,30.8,33.4,35.24,Moderate,0
2022-11-15 00:00:00,41.7,91.5,6.9,537.0,1012.6,5.3,45.4,41.3,60.6,46.14,High,1
2022-11-15 06:00:00,23.0,24.1,5.9,320.0,1008.5,0.3,23.5,21.9,20.1,17.7,Low,0
2022-11-15 12:00:00,18.0,64.8,15.4,80.0,1002.8,2.7,19.4,18.5,15.4,22.76,Low,0
2022-11-15 18:00:00,38.0,52.1,3.2,594.0,1014.3,0.3,40.2,36.6,44.7,34.04,Moderate,0
2022-11-16 00:00:00,35.7,44.8,13.0,1100.0,1008.5,0.4,36.4,34.8,37.8,33.06,Moderate,0
2022-11-16 06:00:00,26.4,26.8,7.9,868.0,995.4,0.1,26.8,25.6,23.9,23.54,Low,0
2022-11-16 12:00:00,27.1,62.2,31.3,829.0,995.1,0.3,26.5,27.4,24.4,27.81,Low,0
2022-11-16 18:00:00,27.2,55.9,6.8,611.0,1006.5,1.5,29.2,27.0,28.5,29.96,Moderate,0
2022-11-17 00:00:00,34.8,27.8,8.4,640.0,1014.1,0.9,35.2,32.9,34.2,26.04,Low,0
2022-11-17 06:00:00,29.6,65.9,2.6,50.0,1021.4,2.3,32.6,29.0,34.1,30.46,Moderate,0
2022-11-17 12:00:00,37.5,75.3,34.4,741.0,987.2,0.6,37.1,37.1,42.8,34.59,Moderate,0
2022-11-17 18:00:00,18.0,77.5,7.1,405.0,1005.3,5.2,21.0,19.3,17.9,30.91,Moderate,0
2022-11-18 00:00:00,28.0,87.9,26.8,375.0,1009.9,0.1,29.2,28.7,29.7,32.06,Moderate,0
2022-11-18 06:00:00,26.1,50.7,1.9,469.0,1008.0,0.1,28.4,25.7,27.4,27.59,Low,0
2022-11-18 12:00:00,32.2,91.5,11.3,461.0,1015.1,1.8,35.4,32.6,40.5,39.19,High,0
2022-11-18 18:00:00,30.2,84.9,32.1,371.0,1011.6,3.3,30.6,30.5,31.9,32.33,Moderate,0
2022-11-19 00:00:00,39.6,42.2,5.7,553.0,995.1,2.4,41.0,37.7,44.5,32.22,Moderate,0
2022-11-19 06:00:00,21.0,31.9,10.8,410.0,994.9,1.0,21.3,20.4,17.5,18.69,Low,0
2022-11-19 12:00:00,34.3,52.7,21.7,575.0,1008.1,0.5,34.3,33.3,35.5,28.76,Moderate,0
2022-11-19 18:00:00,37.9,50.1,7.2,178.0,1014.9,0.0,39.5,36.0,43.4,29.48,Moderate,0
2022-11-20 00:00:00,47.0,63.2,2.5,496.0,1006.4,1.1,49.9,45.0,64.5,40.56,High,1
2022-11-20 06:00:00,30.6,63.8,6.4,276.0,989.2,1.0,33.0,30.0,34.6,30.86,Moderate,0
2022-11-20 12:00:00,36.3,76.2,11.5,390.0,994.5,0.6,38.7,35.7,45.2,36.22,Moderate,0
2022-11-20 18:00:00,21.4,58.2,11.4,586.0,1011.9,1.3,22.9,21.9,20.1,26.75,Low,0
2022-11-21 00:00:00,18.0,27.9,14.9,149.0,1001.5,2.0,17.6,17.3,13.0,13.91,Low,0
2022-11-21 06:00:00,39.9,84.4,4.7,344.0,1006.2,1.8,43.6,39.2,55.3,41.32,High,0
2022-11-21 12:00:00,34.0,43.2,30.5,692.0,1015.7,0.5,32.5,32.8,31.6,25.36,Low,0
2022-11-21 18:00:00,42.2,92.8,4.9,197.0,993.0,1.3,46.3,41.4,62.5,43.14,High,1
2022-11-22 00:00:00,24.4,28.8,9.9,994.0,1000.9,0.2,24.7,24.0,21.4,23.72,Low,0
2022-11-22 06:00:00,37.6,91.9,11.7,851.0,999.8,0.2,40.8,37.9,50.9,44.01,High,0
2022-11-22 12:00:00,47.1,26.8,11.0,426.0,1008.6,2.3,47.1,43.8,50.4,29.7,Moderate,1
2022-11-22 18:00:00,36.9,37.3,3.7,353.0,1012.7,1.8,38.3,34.9,39.8,28.47,Moderate,0
2022-11-23 00:00:00,35.9,23.5,22.0,600.0,990.2,2.2,34.4,33.7,32.2,22.9,Low,0
2022-11-23 06:00:00,34.1,72.9,6.2,188.0,1004.9,0.2,37.0,33.4,41.7,33.81,Moderate,0
2022-11-23 12:00:00,23.0,83.8,12.5,50.0,1013.7,3.7,25.7,23.7,24.3,30.47,Moderate,0
2022-11-23 18:00:00,43.5,52.6,10.7,435.0,986.5,0.2,44.8,41.4,52.7,33.92,Moderate,1
2022-11-24 00:00:00,29.7,89.6,10.7,516.0,1004.4,3.1,32.9,30.4,35.9,38.58,High,0
2022-11-24 06:00:00,37.5,64.3,2.3,574.0,992.8,0.7,40.4,36.6,46.7,37.04,Moderate,0
2022-11-24 12:00:00,23.1,67.3,5.8,396.0,998.6,0.2,25.8,23.5,24.2,29.1,Moderate,0
2022-11-24 18:00:00,25.7,83.4,12.4,868.0,979.9,0.5,28.4,26.9,28.3,36.62,Moderate,0
2022-11-25 00:00:00,44.0,42.3,2.5,176.0,1018.9,0.3,45.8,41.3,52.2,31.3,Moderate,1
2022-11-25 06:00:00,31.6,46.6,7.9,265.0,1001.4,1.0,33.0,30.3,33.2,26.63,Low,0
2022-11-25 12:00:00,44.2,87.9,10.1,672.0,996.9,4.5,47.4,43.5,64.8,46.46,High,1
2022-11-25 18:00:00,33.5,87.6,14.4,260.0,1008.3,0.6,36.2,33.5,41.6,36.26,Moderate,0
2022-11-26 00:00:00,21.1,93.2,9.9,250.0,994.6,1.4,24.6,22.5,22.9,33.18,Moderate,0
2022-11-26 06:00:00,40.2,87.6,8.1,581.0,993.6,3.3,43.6,39.8,56.1,43.88,High,1
2022-11-26 12:00:00,29.9,29.6,11.1,287.0,1020.1,1.5,30.0,28.2,27.8,21.31,Low,0
2022-11-26 18:00:00,38.9,81.8,7.7,517.0,1023.1,0.7,42.1,38.4,52.1,40.54,High,0
2022-11-27 00:00:00,34.2,50.7,4.6,375.0,999.1,7.0,36.2,32.9,38.3,32.41,Moderate,0
2022-11-27 06:00:00,23.2,94.3,6.4,335.0,1015.7,0.3,27.1,24.5,26.8,35.35,Moderate,0
2022-11-27 12:00:00,35.2,55.4,12.3,50.0,1008.6,1.1,36.5,33.7,39.2,27.99,Low,0
2022-11-27 18:00:00,49.4,61.5,8.2,585.0,990.9,2.4,51.5,47.2,68.0,41.19,High,1
2022-11-28 00:00:00,37.5,59.7,35.0,238.0,995.7,0.0,36.3,36.1,39.3,26.58,Low,0
2022-11-28 06:00:00,33.6,44.1,3.5,508.0,1020.5,1.8,35.4,32.3,36.5,29.88,Moderate,0
2022-11-28 12:00:00,41.5,25.6,12.0,422.0,990.7,0.5,41.3,38.7,41.9,26.02,Low,0
2022-11-28 18:00:00,35.5,87.2,13.4,498.0,1027.8,0.3,38.3,35.5,45.5,38.93,High,0
2022-11-29 00:00:00,35.5,80.2,9.8,513.0,999.3,0.5,38.3,35.3,44.8,38.09,High,0
2022-11-29 06:00:00,26.4,30.5,7.4,598.0,1020.8,5.1,27.0,25.4,24.4,24.3,Low,0
2022-11-29 12:00:00,35.6,78.3,9.2,368.0,1001.9,3.3,38.4,35.1,44.8,37.67,Moderate,0
2022-11-29 18:00:00,41.2,66.9,9.2,861.0,1013.0,0.4,43.4,40.3,52.7,40.02,High,1
2022-11-30 00:00:00,28.1,50.7,24.9,88.0,1019.0,0.2,27.6,27.2,25.6,21.07,Low,0
2022-11-30 06:00:00,44.0,39.1,1.7,493.0,1018.9,0.7,45.8,41.5,51.4,33.18,Moderate,1
2022-11-30 12:00:00,33.4,84.5,4.5,759.0,999.2,1.3,37.1,33.8,42.8,41.4,High,0
2022-11-30 18:00:00,27.8,72.5,11.2,669.0,996.4,3.0,30.1,28.2,30.5,34.46,Moderate,0
2022-12-01 00:00:00,41.0,61.1,18.5,306.0,1004.2,5.1,41.8,39.3,49.0,34.1,Moderate,0
2022-12-01 06:00:00,32.0,65.7,4.7,348.0,992.0,2.1,34.7,31.4,37.4,33.23,Moderate,0
2022-12-01 12:00:00,39.3,26.8,3.8,298.0,1007.4,1.4,40.2,36.6,40.8,26.35,Low,0
2022-12-01 18:00:00,32.0,55.5,8.4,700.0,996.8,0.2,33.8,31.4,35.0,31.92,Moderate,0
2022-12-02 00:00:00,33.6,34.5,4.5,365.0,1015.8,0.1,34.8,31.8,34.6,25.62,Low,0
2022-12-02 06:00:00,37.5,35.6,8.4,614.0,999.3,1.4,38.3,35.6,39.4,29.19,Moderate,0
2022-12-02 12:00:00,36.0,69.6,4.6,616.0,987.6,1.2,38.9,35.5,44.7,37.72,Moderate,0
2022-12-02 18:00:00,20.0,88.3,14.5,1100.0,1019.0,2.8,22.7,22.2,20.0,37.4,Moderate,0
2022-12-03 00:00:00,26.2,50.3,4.7,628.0,1006.8,0.6,28.2,26.0,26.9,28.34,Moderate,0
2022-12-03 06:00:00,40.5,35.6,2.1,347.0,1005.3,0.1,42.0,38.0,45.0,29.34,Moderate,1
2022-12-03 12:00:00,33.1,68.7,14.6,185.0,1015.9,0.8,34.8,32.4,37.7,30.82,Moderate,0
2022-12-03 18:00:00,30.3,85.3,9.3,481.0,1013.7,5.2,33.4,30.7,36.6,38.53,High,0
2022-12-04 00:00:00,24.5,76.1,6.8,520.0,997.4,2.4,27.5,25.2,26.9,33.43,Moderate,0
2022-12-04 06:00:00,26.4,85.2,6.9,50.0,1000.5,0.1,29.8,26.8,30.7,32.21,Moderate,0
2022-12-04 12:00:00,19.8,60.2,10.1,372.0,993.9,3.1,21.6,20.3,18.4,25.82,Low,0
2022-12-04 18:00:00,33.3,76.4,3.8,624.0,990.4,1.0,36.7,33.3,41.4,38.36,High,0
2022-12-05 00:00:00,29.8,30.5,2.8,417.0,1010.8,0.7,31.0,28.3,29.5,23.85,Low,0
2022-12-05 06:00:00,27.2,46.1,4.7,792.0,1008.9,0.6,28.9,26.9,27.8,28.98,Moderate,0
2022-12-05 12:00:00,33.5,49.2,7.4,160.0,1012.6,1.4,35.1,32.0,36.4,27.58,Low,0
2022-12-05 18:00:00,36.5,58.3,4.4,719.0,1017.8,1.1,38.9,35.6,43.3,35.9,Moderate,0
2022-12-06 00:00:00,48.7,89.7,24.8,778.0,1012.7,1.6,50.2,47.7,73.9,45.78,High,1
2022-12-06 06:00:00,23.4,85.6,4.7,789.0,1013.6,1.3,27.1,24.8,26.6,37.36,Moderate,0
2022-12-06 12:00:00,42.1,30.1,9.6,159.0,984.2,0.2,42.5,39.1,44.4,25.81,Low,1
2022-12-06 18:00:00,40.8,33.0,12.8,629.0,1001.9,0.4,40.9,38.5,42.7,28.91,Moderate,0
2022-12-07 00:00:00,28.5,46.8,20.1,383.0,1014.6,2.8,28.4,27.7,26.6,24.36,Low,0
2022-12-07 06:00:00,35.4,41.8,27.3,198.0,993.3,1.6,34.2,33.5,34.0,22.96,Low,0
2022-12-07 12:00:00,30.8,66.1,34.1,447.0,1005.9,0.9,30.0,30.5,29.8,27.23,Low,0
2022-12-07 18:00:00,35.3,87.7,19.4,324.0,1010.2,0.3,37.4,35.2,44.0,36.46,Moderate,0
2022-12-08 00:00:00,44.6,92.2,17.5,780.0,1009.4,0.0,47.1,44.1,65.6,45.47,High,1
2022-12-08 06:00:00,38.2,69.0,4.0,678.0,1008.7,0.6,41.2,37.5,48.6,38.94,High,0
2022-12-08 12:00:00,37.6,82.9,13.3,262.0,1011.0,0.1,40.1,37.0,48.7,36.98,Moderate,0
2022-12-08 18:00:00,31.0,59.4,7.7,369.0,1006.8,1.0,33.0,30.3,34.3,30.38,Moderate,0
2022-12-09 00:00:00,23.6,35.6,7.7,455.0,990.4,2.6,24.5,22.9,21.5,22.3,Low,0
2022-12-09 06:00:00,32.5,59.4,6.8,532.0,1010.1,0.5,34.7,31.9,36.7,32.28,Moderate,0
2022-12-09 12:00:00,42.4,61.6,3.9,802.0,1007.8,2.8,45.0,41.1,54.6,40.69,High,1
2022-12-09 18:00:00,23.3,75.7,6.0,723.0,990.5,1.8,26.4,24.3,25.3,34.26,Moderate,0
2022-12-10 00:00:00,26.6,36.5,4.5,563.0,1018.8,0.2,27.9,25.8,25.9,24.49,Low,0
2022-12-10 06:00:00,34.9,47.6,1.7,485.0,1010.3,1.6,37.1,33.6,39.3,31.46,Moderate,0
2022-12-10 12:00:00,27.1,47.3,22.1,107.0,991.2,0.2,26.8,26.2,24.4,20.47,Low,0
2022-12-10 18:00:00,28.5,92.0,9.4,873.0,996.8,1.6,32.0,29.7,34.4,41.05,High,0
2022-12-11 00:00:00,31.0,53.3,9.7,438.0,999.4,0.2,32.5,30.2,33.0,28.69,Moderate,0
2022-12-11 06:00:00,24.4,76.6,8.8,939.0,999.4,0.7,27.2,25.6,26.4,35.66,Moderate,0
2022-12-11 12:00:00,27.2,76.3,18.4,599.0,1007.9,1.3,28.8,27.7,28.7,32.58,Moderate,0
2022-12-11 18:00:00,38.9,39.9,10.4,1056.0,995.2,0.1,39.6,37.5,42.0,33.35,Moderate,0
2022-12-12 00:00:00,24.8,62.9,22.5,702.0,1016.3,0.2,25.2,25.2,22.9,27.72,Low,0
2022-12-12 06:00:00,22.8,87.1,14.2,192.0,1015.5,0.6,25.5,23.8,24.0,30.84,Moderate,0
2022-12-12 12:00:00,29.6,55.6,5.2,396.0,1011.2,0.9,31.8,29.0,32.2,29.46,Moderate,0
2022-12-12 18:00:00,39.1,90.9,20.4,508.0,1005.4,2.9,41.2,38.9,52.1,41.07,High,0
2022-12-13 00:00:00,32.6,36.1,11.7,332.0,1014.4,0.3,33.0,30.9,32.2,23.95,Low,0
2022-12-13 06:00:00,30.7,25.6,8.7,456.0,1002.2,0.6,30.9,29.0,28.7,22.1,Low,0
2022-12-13 12:00:00,34.3,86.9,17.1,208.0,997.8,1.0,36.6,34.1,42.4,35.65,Moderate,0
2022-12-13 18:00:00,21.8,83.6,9.5,551.0,1016.9,0.5,24.8,23.1,23.1,33.12,Moderate,0
2022-12-14 00:00:00,37.5,94.4,15.1,609.0,1008.2,1.5,40.4,37.7,50.6,42.55,High,0
2022-12-14 06:00:00,36.7,71.0,3.4,299.0,998.2,0.4,39.8,35.8,46.4,35.97,Moderate,0
2022-12-14 12:00:00,31.1,90.3,9.7,1035.0,1000.8,2.2,34.5,32.2,38.6,43.16,High,0
2022-12-14 18:00:00,41.0,82.0,5.5,566.0,997.6,1.1,44.4,40.3,56.9,42.48,High,1
2022-12-15 00:00:00,26.1,83.3,33.3,346.0,1025.2,0.1,26.3,26.8,24.9,28.54,Moderate,0
2022-12-15 06:00:00,41.9,62.7,21.5,143.0,1005.0,1.5,42.5,40.0,50.5,31.83,Moderate,1
2022-12-15 12:00:00,35.1,48.7,10.8,565.0,1006.6,1.3,36.2,33.9,38.1,30.5,Moderate,0
2022-12-15 18:00:00,31.6,90.1,20.3,485.0,1012.2,0.6,33.7,32.1,37.4,36.53,Moderate,0
2022-12-16 00:00:00,33.9,52.4,5.6,746.0,992.8,0.0,35.8,33.1,37.9,32.83,Moderate,0
2022-12-16 06:00:00,33.2,60.4,6.6,514.0,1016.0,0.3,35.4,32.5,38.0,32.68,Moderate,0
2022-12-16 12:00:00,42.5,53.5,1.4,252.0,998.9,0.8,45.0,40.4,53.0,34.39,Moderate,1
2022-12-16 18:00:00,26.5,62.4,14.6,968.0,1023.3,0.3,27.9,27.0,26.8,31.97,Moderate,0
2022-12-17 00:00:00,28.7,55.3,1.2,659.0,1001.9,1.3,31.3,28.4,31.6,31.9,Moderate,0
2022-12-17 06:00:00,41.3,23.6,6.1,486.0,1015.4,1.9,41.7,38.5,42.2,27.58,Low,0
2022-12-17 12:00:00,29.8,86.2,3.3,591.0,980.0,2.9,33.7,30.4,37.1,39.75,High,0
2022-12-17 18:00:00,40.3,53.3,18.1,669.0,993.2,1.6,40.8,38.8,45.9,33.42,Moderate,0
2022-12-18 00:00:00,45.9,64.2,31.3,193.0,1002.1,1.8,45.4,43.7,57.0,32.52,Moderate,1
2022-12-18 06:00:00,31.2,30.4,16.1,589.0,984.7,1.4,30.8,29.7,28.6,23.33,Low,0
2022-12-18 12:00:00,38.8,20.3,14.3,437.0,1011.0,6.3,38.1,36.1,36.6,25.16,Low,0
2022-12-18 18:00:00,25.9,38.4,10.9,677.0,1008.1,0.5,26.5,25.3,24.0,24.33,Low,0
2022-12-19 00:00:00,39.3,72.8,10.2,365.0,995.1,0.5,41.7,38.3,50.3,36.76,Moderate,0
2022-12-19 06:00:00,35.4,27.4,4.8,399.0,1004.8,0.2,36.2,33.2,35.6,24.88,Low,0
2022-12-19 12:00:00,37.3,88.2,2.4,966.0,1013.1,1.0,41.4,37.6,51.3,45.95,High,0
2022-12-19 18:00:00,29.5,36.1,10.1,858.0,984.0,0.2,30.1,28.7,28.4,26.78,Low,0
2022-12-20 00:00:00,22.4,35.3,11.8,50.0,992.3,0.5,22.7,21.4,19.3,17.1,Low,0
2022-12-20 06:00:00,37.5,33.6,11.7,839.0,1001.6,1.0,37.8,35.8,38.3,29.58,Moderate,0
2022-12-20 12:00:00,19.6,21.0,12.9,532.0,1005.2,4.7,19.1,18.9,14.7,17.12,Low,0
2022-12-20 18:00:00,31.8,77.9,15.3,373.0,1004.4,5.0,33.9,31.7,36.9,35.27,Moderate,0
2022-12-21 00:00:00,40.6,85.6,9.8,298.0,1013.9,2.0,43.7,39.8,56.1,40.65,High,1
2022-12-21 06:00:00,35.3,66.1,4.4,313.0,1009.8,0.7,38.1,34.4,42.9,34.12,Moderate,0
2022-12-21 12:00:00,47.6,34.1,12.6,380.0,1012.0,3.0,47.8,44.4,53.4,31.33,Moderate,1
2022-12-21 18:00:00,41.2,41.4,14.7,268.0,991.1,3.1,41.5,38.8,45.0,29.04,Moderate,0
2022-12-22 00:00:00,29.4,55.7,7.5,211.0,1006.4,3.6,31.3,28.6,31.5,28.5,Moderate,0
2022-12-22 06:00:00,34.2,91.6,14.7,290.0,1001.9,1.5,37.0,34.3,43.5,38.05,High,0
2022-12-22 12:00:00,33.7,38.6,10.2,631.0,1019.6,0.3,34.4,32.3,34.4,27.61,Low,0
2022-12-22 18:00:00,22.9,74.9,3.9,563.0,1006.7,0.1,26.2,23.8,25.0,32.51,Moderate,0
2022-12-23 00:00:00,27.4,53.0,35.0,689.0,998.3,3.7,25.8,27.2,23.0,25.04,Low,0
2022-12-23 06:00:00,30.1,42.3,7.2,533.0,1013.5,0.1,31.4,29.1,30.6,26.71,Low,0
2022-12-23 12:00:00,19.7,54.2,4.1,223.0,1010.6,0.5,21.9,19.8,19.0,23.44,Low,0
2022-12-23 18:00:00,34.3,25.3,5.4,674.0,996.8,1.0,34.9,32.4,33.7,26.08,Low,0
2022-12-24 00:00:00,32.3,79.9,0.9,299.0,1001.5,0.0,36.2,32.2,40.8,36.57,Moderate,0
2022-12-24 06:00:00,22.3,38.2,7.6,712.0,1001.7,3.6,23.3,22.1,20.2,24.67,Low,0
2022-12-24 12:00:00,36.8,74.4,22.2,259.0,1017.3,0.5,37.9,36.0,43.7,32.84,Moderate,0
2022-12-24 18:00:00,39.0,25.1,10.8,378.0,1007.0,0.0,39.0,36.4,38.7,24.5,Low,0
2022-12-25 00:00:00,35.6,91.6,5.0,460.0,1012.3,7.6,39.6,35.7,48.1,44.03,High,0
2022-12-25 06:00:00,31.7,34.5,9.0,719.0,1000.1,0.6,32.3,30.5,31.3,26.69,Low,0
2022-12-25 12:00:00,38.1,86.2,9.1,594.0,1008.3,3.1,41.3,37.9,51.2,42.42,High,0
2022-12-25 18:00:00,38.8,80.7,7.3,555.0,1018.0,0.9,42.0,38.3,51.7,40.65,High,0
2022-12-26 00:00:00,36.2,92.6,17.4,1021.0,1001.4,1.6,38.7,36.8,47.1,44.18,High,0
2022-12-26 06:00:00,28.2,55.8,11.9,91.0,1006.2,0.4,29.6,27.4,28.9,25.08,Low,0
2022-12-26 12:00:00,35.9,74.6,4.3,290.0,991.4,1.0,39.1,35.2,45.6,36.47,Moderate,0
2022-12-26 18:00:00,42.4,47.8,17.1,280.0,997.3,0.4,42.7,40.1,48.2,29.85,Moderate,1
2022-12-27 00:00:00,29.8,33.8,20.9,107.0,1001.7,4.5,29.0,28.1,26.4,20.06,Low,0
2022-12-27 06:00:00,48.7,53.2,12.2,370.0,994.4,0.1,49.9,46.1,62.5,35.58,Moderate,1
2022-12-27 12:00:00,30.3,32.4,7.9,722.0,1018.2,0.5,31.0,29.1,29.4,25.74,Low,0
2022-12-27 18:00:00,34.2,93.7,6.2,402.0,996.6,3.4,38.1,34.5,45.6,41.78,High,0
2022-12-28 00:00:00,29.3,27.2,25.5,467.0,1012.9,1.0,27.6,27.8,24.0,18.74,Low,0
2022-12-28 06:00:00,35.6,64.2,11.5,119.0,1006.9,1.4,37.4,34.4,41.6,31.15,Moderate,0
2022-12-28 12:00:00,21.8,67.0,10.0,351.0,1005.3,1.6,24.0,22.3,21.6,27.75,Low,0
2022-12-28 18:00:00,30.2,60.4,3.5,435.0,1019.9,0.1,32.8,29.7,34.0,31.29,Moderate,0
2022-12-29 00:00:00,26.4,69.7,4.7,711.0,982.4,0.0,29.3,26.9,29.4,33.7,Moderate,0
2022-12-29 06:00:00,34.9,28.7,2.7,131.0,1003.0,4.2,36.0,32.5,35.7,24.79,Low,0
2022-12-29 12:00:00,41.0,61.6,7.8,436.0,994.2,0.5,43.1,39.5,51.2,35.74,Moderate,1
2022-12-29 18:00:00,38.5,41.5,6.1,822.0,985.4,0.7,39.8,36.9,42.6,32.89,Moderate,0
2022-12-30 00:00:00,18.0,90.5,10.3,439.0,993.1,1.7,21.3,19.8,18.1,32.55,Moderate,0
2022-12-30 06:00:00,48.3,77.2,19.2,50.0,1005.2,0.4,49.9,46.2,69.3,37.71,Moderate,1
2022-12-30 12:00:00,36.1,92.9,14.8,870.0,997.7,2.0,39.0,36.6,47.5,43.74,High,0
2022-12-30 18:00:00,28.6,22.8,16.7,734.0,1014.0,0.9,27.7,27.3,24.3,21.05,Low,0
2022-12-31 00:00:00,35.1,41.4,18.9,767.0,1002.9,2.9,34.9,33.8,35.1,29.13,Moderate,0
2022-12-31 06:00:00,35.2,34.7,5.0,114.0,1001.8,0.5,36.3,33.0,36.7,24.54,Low,0
2022-12-31 12:00:00,29.3,20.8,6.9,928.0,1001.8,0.3,29.5,28.0,26.7,24.07,Low,0
2022-12-31 18:00:00,35.4,38.2,6.2,357.0,1004.0,2.7,36.6,33.6,37.4,27.86,Low,0
2023-01-01 00:00:00,29.7,70.9,15.3,423.0,1000.8,0.6,31.4,29.6,32.5,31.41,Moderate,0
2023-01-01 06:00:00,31.2,37.3,3.4,374.0,996.5,0.8,32.7,29.8,32.1,25.77,Low,0
2023-01-01 12:00:00,29.2,58.2,22.9,787.0,1014.9,2.4,29.4,29.1,28.5,29.85,Moderate,0
2023-01-01 18:00:00,24.0,86.6,6.7,505.0,998.8,1.5,27.5,25.1,27.2,35.42,Moderate,0
2023-01-02 00:00:00,35.0,72.0,3.7,670.0,1001.2,0.9,38.2,34.7,43.6,38.35,High,0
2023-01-02 06:00:00,38.1,49.6,6.9,569.0,1009.3,0.4,39.8,36.6,43.6,32.57,Moderate,0
2023-01-02 12:00:00,37.6,47.9,7.3,526.0,1008.2,2.2,39.1,36.0,42.4,32.15,Moderate,0
2023-01-02 18:00:00,39.7,54.2,8.1,313.0,996.1,0.3,41.4,37.9,47.1,32.25,Moderate,0
2023-01-03 00:00:00,36.3,33.3,8.4,1003.0,1012.5,4.0,37.0,34.8,37.3,31.9,Moderate,0
2023-01-03 06:00:00,30.3,67.6,18.8,184.0,1010.4,0.2,31.4,29.8,32.2,28.22,Moderate,0
2023-01-03 12:00:00,39.9,47.3,11.6,653.0,1006.8,2.5,40.9,38.2,45.0,33.23,Moderate,0
2023-01-03 18:00:00,24.5,83.9,3.6,644.0,1000.7,0.8,28.3,25.6,28.3,36.39,Moderate,0
2023-01-04 00:00:00,27.7,76.7,7.2,839.0,1000.9,0.3,30.7,28.5,31.7,36.6,Moderate,0
2023-01-04 06:00:00,27.3,65.8,6.0,897.0,1003.0,0.8,29.9,27.8,30.0,34.54,Moderate,0
2023-01-04 12:00:00,41.6,47.3,9.7,516.0,992.7,0.4,42.8,39.6,48.2,32.62,Moderate,1
2023-01-04 18:00:00,40.6,35.7,8.7,683.0,1004.6,0.2,41.3,38.5,43.8,30.65,Moderate,0
2023-01-05 00:00:00,37.4,78.2,27.5,991.0,1013.9,0.4,38.0,37.4,44.5,38.45,High,0
2023-01-05 06:00:00,41.5,56.5,16.7,534.0,1013.8,3.0,42.3,39.9,49.1,34.52,Moderate,1
2023-01-05 12:00:00,27.8,36.9,13.8,283.0,1001.2,0.2,28.0,26.6,25.7,21.17,Low,0
2023-01-05 18:00:00,36.4,34.6,1.3,454.0,1015.6,5.4,38.0,34.4,39.1,30.06,Moderate,0
2023-01-06 00:00:00,33.1,32.4,16.3,224.0,1024.1,0.0,32.8,31.1,31.3,21.42,Low,0
2023-01-06 06:00:00,39.9,78.3,1.8,643.0,1001.8,1.6,43.6,39.3,54.4,42.55,High,0
2023-01-06 12:00:00,33.2,37.2,6.5,816.0,1011.9,2.9,34.3,32.0,34.2,30.08,Moderate,0
2023-01-06 18:00:00,31.3,59.5,7.1,520.0,982.4,4.1,33.4,30.8,34.9,32.88,Moderate,0
2023-01-07 00:00:00,37.8,53.9,18.3,145.0,992.4,0.2,38.3,36.1,41.9,27.98,Low,0
2023-01-07 06:00:00,40.1,63.5,4.2,805.0,1005.9,1.8,42.8,39.1,50.8,39.75,High,1
2023-01-07 12:00:00,29.3,85.8,8.1,106.0,994.9,0.2,32.6,29.5,35.2,33.88,Moderate,0
2023-01-07 18:00:00,33.6,85.1,2.9,164.0,1025.4,0.7,37.5,33.4,43.6,37.29,Moderate,0
2023-01-08 00:00:00,26.6,53.8,13.1,505.0,1011.0,2.0,27.7,26.3,26.2,27.29,Low,0
2023-01-08 06:00:00,18.0,21.2,6.5,613.0,1014.7,0.6,18.3,17.6,14.2,16.91,Low,0
2023-01-08 12:00:00,35.4,52.0,10.4,656.0,1004.7,0.6,36.8,34.3,39.2,31.98,Moderate,0
2023-01-08 18:00:00,38.3,65.5,0.5,533.0,995.0,0.2,41.5,37.3,48.7,37.58,Moderate,0
2023-01-09 00:00:00,35.8,61.8,3.8,990.0,999.8,0.1,38.4,35.4,43.0,38.26,High,0
2023-01-09 06:00:00,20.4,68.9,10.7,566.0,1007.5,0.2,22.6,21.3,19.8,28.58,Moderate,0
2023-01-09 12:00:00,31.5,31.6,14.4,809.0,998.6,3.1,31.4,30.3,29.5,26.35,Low,0
2023-01-09 18:00:00,18.5,68.5,23.1,747.0,1011.7,0.0,19.2,19.8,14.8,26.43,Low,0
2023-01-10 00:00:00,43.6,33.7,21.0,227.0,1012.1,1.8,42.8,40.6,45.4,26.18,Low,1
2023-01-10 06:00:00,26.4,76.3,5.8,508.0,1005.0,2.2,29.5,26.9,29.9,34.38,Moderate,0
2023-01-10 12:00:00,42.8,45.4,10.3,1081.0,986.7,1.3,43.8,41.2,49.6,37.11,Moderate,1
2023-01-10 18:00:00,40.6,73.2,15.5,424.0,1022.1,2.0,42.4,39.5,51.9,37.35,Moderate,1
2023-01-11 00:00:00,27.7,23.6,11.5,381.0,1002.9,1.6,27.5,26.1,24.3,19.48,Low,0
2023-01-11 06:00:00,26.1,50.6,7.2,593.0,1032.1,0.9,27.8,25.9,26.3,27.72,Low,0
2023-01-11 12:00:00,36.5,72.9,10.6,433.0,1011.5,0.7,38.9,35.8,45.1,36.02,Moderate,0
2023-01-11 18:00:00,28.1,37.0,22.0,352.0,1002.9,4.3,27.3,26.9,24.4,21.64,Low,0
2023-01-12 00:00:00,34.7,79.6,9.0,429.0,1009.5,5.4,37.6,34.4,43.4,38.82,High,0
2023-01-12 06:00:00,30.6,67.3,13.3,908.0,984.8,1.6,32.4,30.8,33.7,35.31,Moderate,0
2023-01-12 12:00:00,21.5,64.1,11.1,516.0,1015.3,0.3,23.4,22.1,20.8,27.46,Low,0
2023-01-12 18:00:00,18.4,46.5,5.6,218.0,1030.7,0.9,20.1,18.4,16.6,20.74,Low,0
2023-01-13 00:00:00,35.6,56.2,18.2,172.0,984.1,1.0,36.2,34.2,38.8,28.07,Moderate,0
2023-01-13 06:00:00,30.1,64.8,9.2,1100.0,1002.1,2.1,32.2,30.5,33.4,36.89,Moderate,0
2023-01-13 12:00:00,30.1,55.4,7.1,494.0,1003.9,1.7,32.0,29.5,32.5,30.28,Moderate,0
2023-01-13 18:00:00,38.9,72.4,11.0,659.0,1013.8,1.1,41.2,38.2,49.3,38.73,High,0
2023-01-14 00:00:00,42.2,52.5,19.6,357.0,1026.1,1.7,42.5,40.2,48.7,31.47,Moderate,1
2023-01-14 06:00:00,32.1,35.2,10.6,630.0,1008.8,0.0,32.6,30.8,31.6,25.85,Low,0
2023-01-14 12:00:00,31.6,36.0,10.4,915.0,1026.4,2.2,32.2,30.6,31.1,28.77,Moderate,0
2023-01-14 18:00:00,37.5,20.4,13.0,387.0,1006.7,0.4,37.0,34.9,35.3,22.42,Low,0
2023-01-15 00:00:00,24.5,42.6,15.1,665.0,1009.5,1.6,24.8,24.2,21.9,24.2,Low,0
2023-01-15 06:00:00,35.6,76.2,7.7,199.0,1008.3,0.2,38.5,34.9,44.7,35.09,Moderate,0
2023-01-15 12:00:00,37.9,79.6,8.5,1056.0,1017.2,0.2,40.9,38.0,49.5,43.24,High,0
2023-01-15 18:00:00,38.8,35.2,7.3,617.0,1000.8,0.1,39.7,36.8,41.4,29.46,Moderate,0
2023-01-16 00:00:00,20.4,91.9,12.9,447.0,1013.2,3.6,23.4,22.0,21.1,34.19,Moderate,0
2023-01-16 06:00:00,28.7,57.7,9.2,476.0,992.7,1.4,30.5,28.3,30.4,29.56,Moderate,0
2023-01-16 12:00:00,27.9,88.8,9.5,422.0,1002.2,0.7,31.2,28.6,33.0,36.26,Moderate,0
2023-01-16 18:00:00,34.7,73.0,9.8,435.0,998.6,2.3,37.2,34.2,42.1,35.97,Moderate,0
2023-01-17 00:00:00,37.4,74.2,3.3,50.0,1005.9,1.5,40.7,36.3,48.4,35.62,Moderate,0
2023-01-17 06:00:00,44.5,26.4,14.3,526.0,1001.8,1.5,44.1,41.5,45.8,28.24,Moderate,1
2023-01-17 12:00:00,30.5,36.5,7.5,515.0,1016.3,1.0,31.4,29.2,30.3,25.56,Low,0
2023-01-17 18:00:00,30.5,20.7,9.3,672.0,996.2,0.0,30.4,28.8,27.7,22.08,Low,0
2023-01-18 00:00:00,42.0,73.7,6.6,419.0,987.7,0.4,44.9,40.8,56.6,39.29,High,1
2023-01-18 06:00:00,36.1,45.8,4.2,357.0,991.4,0.2,37.9,34.4,40.3,29.6,Moderate,0
2023-01-18 12:00:00,42.9,79.0,10.5,548.0,1014.9,1.6,45.6,41.9,59.2,41.62,High,1
2023-01-18 18:00:00,36.0,45.4,12.4,147.0,995.3,0.4,36.8,34.1,38.5,26.31,Low,0
2023-01-19 00:00:00,25.9,81.5,35.0,586.0,1009.0,0.9,25.8,26.7,24.1,29.74,Moderate,0
2023-01-19 06:00:00,24.7,29.8,6.2,85.0,1002.1,0.7,25.4,23.4,22.5,18.21,Low,0
2023-01-19 12:00:00,23.1,33.0,15.8,830.0,1013.2,0.2,22.9,22.8,19.1,21.78,Low,0
2023-01-19 18:00:00,38.6,45.6,7.4,721.0,1002.7,4.8,40.0,37.1,43.4,34.38,Moderate,0
2023-01-20 00:00:00,42.3,50.6,16.7,318.0,1032.6,4.1,42.8,40.2,48.9,32.16,Moderate,1
2023-01-20 06:00:00,46.9,46.2,13.8,715.0,1024.0,0.1,47.6,44.5,56.2,35.29,Moderate,1
2023-01-20 12:00:00,39.9,77.3,6.2,578.0,1001.8,2.6,43.0,39.2,53.3,41.28,High,0
2023-01-20 18:00:00,42.1,27.3,3.9,298.0,1000.5,1.0,43.0,39.1,44.7,27.58,Low,1
2023-01-21 00:00:00,29.9,46.3,2.9,50.0,1036.3,2.2,31.9,28.6,31.8,25.6,Low,0
2023-01-21 06:00:00,25.9,82.8,17.8,629.0,994.2,0.2,27.9,26.8,27.5,33.58,Moderate,0
2023-01-21 12:00:00,40.0,25.0,4.8,351.0,1004.4,0.2,40.7,37.2,41.1,25.99,Low,0
2023-01-21 18:00:00,36.9,90.7,17.6,824.0,1005.2,3.3,39.3,37.2,48.1,43.1,High,0
2023-01-22 00:00:00,34.8,94.0,9.6,554.0,1005.0,3.4,38.3,35.2,46.1,42.58,High,0
2023-01-22 06:00:00,36.7,26.6,7.8,375.0,987.6,0.9,37.1,34.3,36.6,24.73,Low,0
2023-01-22 12:00:00,36.3,41.8,15.1,999.0,1010.0,3.1,36.6,35.1,37.7,32.34,Moderate,0
2023-01-22 18:00:00,43.0,47.9,7.5,694.0,995.3,1.7,44.5,41.1,51.1,35.62,Moderate,1
2023-01-23 00:00:00,43.1,78.2,14.2,50.0,1019.4,0.3,45.3,41.6,58.7,36.58,Moderate,1
2023-01-23 06:00:00,37.8,64.7,6.2,428.0,990.4,0.6,40.3,36.7,46.5,35.36,Moderate,0
2023-01-23 12:00:00,39.9,68.3,21.8,204.0,1005.6,0.2,40.7,38.5,48.1,32.27,Moderate,0
2023-01-23 18:00:00,37.6,76.8,5.5,350.0,982.8,2.2,40.8,36.9,48.9,38.42,High,0
2023-01-24 00:00:00,30.8,28.8,14.3,514.0,983.5,6.3,30.5,29.2,28.2,24.26,Low,0
2023-01-24 06:00:00,39.3,82.5,19.4,639.0,996.6,1.2,41.1,38.9,50.8,39.64,High,0
2023-01-24 12:00:00,24.2,72.9,0.3,615.0,998.0,1.6,27.8,24.9,27.4,34.23,Moderate,0
2023-01-24 18:00:00,41.4,63.3,13.4,819.0,1019.7,2.1,43.0,40.3,51.3,38.65,High,1
2023-01-25 00:00:00,25.6,86.7,5.6,709.0,1004.6,0.4,29.3,26.8,29.9,37.53,Moderate,0
2023-01-25 06:00:00,36.0,72.5,15.0,694.0,1017.9,0.6,37.8,35.6,43.2,36.74,Moderate,0
2023-01-25 12:00:00,28.1,35.1,11.1,600.0,1001.2,0.8,28.5,27.1,26.3,23.98,Low,0
2023-01-25 18:00:00,37.9,52.2,13.1,872.0,1011.1,1.4,38.9,36.8,42.7,34.52,Moderate,0
2023-01-26 00:00:00,33.8,57.1,9.1,471.0,997.7,2.9,35.6,32.9,37.9,32.21,Moderate,0
2023-01-26 06:00:00,22.8,24.1,20.2,477.0,997.1,0.4,21.6,21.8,17.1,15.96,Low,0
2023-01-26 12:00:00,36.9,91.6,3.0,74.0,986.8,1.0,41.1,36.5,51.1,39.81,High,0
2023-01-26 18:00:00,30.0,29.6,18.8,814.0,1008.4,2.1,29.2,28.8,26.5,23.98,Low,0
2023-01-27 00:00:00,40.2,72.3,6.3,531.0,1007.6,0.1,43.1,39.2,52.7,38.92,High,1
2023-01-27 06:00:00,34.0,58.0,1.7,1100.0,1012.8,1.1,36.7,33.7,39.8,38.09,High,0
2023-01-27 12:00:00,36.8,21.9,9.9,449.0,1007.1,0.2,36.7,34.3,35.3,23.49,Low,0
2023-01-27 18:00:00,27.3,89.4,5.8,572.0,1025.3,1.2,31.1,28.3,32.8,38.19,High,0
2023-01-28 00:00:00,29.9,83.9,12.8,687.0,1006.8,2.2,32.6,30.5,35.1,37.79,Moderate,0
2023-01-28 06:00:00,30.8,59.3,13.6,275.0,1014.9,0.4,32.1,30.1,32.8,28.17,Moderate,0
2023-01-28 12:00:00,40.0,37.2,8.5,640.0,1001.8,2.8,40.8,37.9,43.4,31.38,Moderate,0
2023-01-28 18:00:00,45.7,29.1,13.2,559.0,995.9,0.6,45.6,42.7,48.6,29.6,Moderate,1
2023-01-29 00:00:00,28.4,47.3,11.6,474.0,1012.2,0.3,29.4,27.7,28.2,25.94,Low,0
2023-01-29 06:00:00,41.5,39.2,9.8,843.0,1004.1,0.9,42.3,39.6,45.9,33.15,Moderate,1
2023-01-29 12:00:00,18.8,58.0,8.4,324.0,1013.3,3.1,20.7,19.3,17.3,24.8,Low,0
2023-01-29 18:00:00,25.6,92.5,6.6,619.0,1008.5,0.1,29.4,26.9,30.3,38.0,High,0
2023-01-30 00:00:00,27.3,63.1,27.7,914.0,997.1,0.6,27.1,27.7,25.4,29.58,Moderate,0
2023-01-30 06:00:00,24.5,86.7,9.4,373.0,1015.7,1.6,27.7,25.5,27.4,34.18,Moderate,0
2023-01-30 12:00:00,22.9,68.8,12.0,476.0,996.3,0.7,24.9,23.5,22.9,28.92,Moderate,0
2023-01-30 18:00:00,36.9,55.6,14.6,1100.0,1011.3,0.1,37.9,36.3,41.5,35.87,Moderate,0
2023-01-31 00:00:00,32.5,84.1,7.9,669.0,1017.8,0.6,35.8,32.9,40.5,39.3,High,0
2023-01-31 06:00:00,36.7,55.4,12.5,423.0,1001.2,2.6,38.0,35.4,41.5,31.95,Moderate,0
2023-01-31 12:00:00,38.8,85.1,26.1,751.0,1016.6,5.2,39.9,38.6,49.1,40.97,High,0
2023-01-31 18:00:00,35.9,41.9,5.5,408.0,1009.0,0.1,37.3,34.2,39.0,28.62,Moderate,0
2023-02-01 00:00:00,38.6,29.7,26.1,159.0,1013.5,1.3,37.0,35.9,36.2,21.22,Low,0
2023-02-01 06:00:00,33.5,84.1,15.3,893.0,996.6,0.2,35.9,34.0,40.8,39.81,High,0
2023-02-01 12:00:00,25.7,64.1,6.3,274.0,1007.1,1.7,28.1,25.6,27.4,28.98,Moderate,0
2023-02-01 18:00:00,41.4,86.7,5.3,1100.0,990.9,0.0,45.1,41.4,59.0,47.5,High,1
2023-02-02 00:00:00,29.9,90.3,26.0,428.0,1022.1,0.0,31.3,30.5,33.4,34.04,Moderate,0
2023-02-02 06:00:00,27.5,24.0,18.0,1083.0,984.9,2.3,26.5,26.7,22.9,23.7,Low,0
2023-02-02 12:00:00,32.8,57.6,8.7,208.0,1001.5,0.1,34.6,31.7,36.5,29.02,Moderate,0
2023-02-02 18:00:00,27.6,48.1,6.8,806.0,995.7,0.5,29.2,27.3,28.1,29.31,Moderate,0
2023-02-03 00:00:00,31.1,66.9,6.3,675.0,1011.7,4.8,33.7,31.0,35.8,36.2,Moderate,0
2023-02-03 06:00:00,36.4,79.5,8.4,759.0,1024.2,6.3,39.4,36.3,46.6,42.47,High,0
2023-02-03 12:00:00,36.4,41.0,9.0,792.0,1011.5,0.3,37.4,35.0,38.8,30.88,Moderate,0
2023-02-03 18:00:00,27.7,61.8,10.8,426.0,1034.6,1.2,29.5,27.5,29.2,29.37,Moderate,0
2023-02-04 00:00:00,30.6,73.2,4.7,223.0,991.2,1.2,33.7,30.3,36.3,33.22,Moderate,0
2023-02-04 06:00:00,41.5,30.1,6.1,537.0,992.0,0.9,42.3,38.9,44.2,29.32,Moderate,1
2023-02-04 12:00:00,37.5,81.1,8.1,606.0,996.1,3.9,40.6,37.2,49.1,41.44,High,0
2023-02-04 18:00:00,48.5,65.5,32.2,432.0,1006.2,2.1,47.9,46.4,62.9,35.74,Moderate,1
2023-02-05 00:00:00,42.3,91.2,11.6,619.0,994.7,2.2,45.5,41.9,61.0,44.93,High,1
2023-02-05 06:00:00,42.0,45.5,3.4,632.0,997.5,0.5,43.9,40.0,49.6,34.51,Moderate,1
2023-02-05 12:00:00,24.3,28.1,4.9,322.0,1011.2,0.9,25.1,23.2,22.2,19.71,Low,0
2023-02-05 18:00:00,39.3,58.0,25.8,649.0,992.6,1.0,39.1,38.0,43.8,32.24,Moderate,0
2023-02-06 00:00:00,33.6,26.4,20.3,483.0,993.7,0.5,32.5,31.6,30.2,21.46,Low,0
2023-02-06 06:00:00,30.1,92.7,7.4,375.0,1001.0,0.1,33.8,30.7,37.7,38.09,High,0
2023-02-06 12:00:00,35.2,22.9,13.4,747.0,1002.0,0.2,34.7,33.2,32.9,24.56,Low,0
2023-02-06 18:00:00,40.6,76.5,12.4,356.0,1015.1,0.3,42.9,39.6,53.3,37.69,Moderate,1
2023-02-07 00:00:00,37.5,59.4,9.7,436.0,996.0,0.3,39.3,36.3,44.2,33.16,Moderate,0
2023-02-07 06:00:00,27.9,47.6,5.3,568.0,997.8,0.4,29.6,27.3,28.8,27.8,Low,0
2023-02-07 12:00:00,39.2,24.9,2.3,894.0,1010.8,0.4,40.2,37.0,40.5,30.25,Moderate,0
2023-02-07 18:00:00,29.5,66.7,16.8,598.0,1013.0,0.9,30.8,29.5,31.3,31.39,Moderate,0
2023-02-08 00:00:00,35.5,63.9,12.6,682.0,1019.3,1.1,37.2,34.9,41.2,34.93,Moderate,0
2023-02-08 06:00:00,31.9,41.1,5.4,476.0,1009.7,0.6,33.3,30.6,33.2,27.33,Low,0
2023-02-08 12:00:00,32.5,88.3,19.7,530.0,1006.3,3.6,34.6,32.9,38.9,38.0,Moderate,0
2023-02-08 18:00:00,39.4,42.8,25.2,538.0,1010.8,1.2,38.5,37.5,40.5,27.85,Low,0
2023-02-09 00:00:00,26.7,53.7,11.3,623.0,1002.3,2.3,28.0,26.5,26.7,28.66,Moderate,0
2023-02-09 06:00:00,47.6,60.8,9.4,476.0,1002.3,3.9,49.5,45.4,63.6,39.68,High,1
2023-02-09 12:00:00,21.3,27.5,2.9,885.0,987.3,0.3,22.3,21.0,19.0,22.62,Low,0
2023-02-09 18:00:00,29.8,89.9,8.5,457.0,1013.9,0.8,33.3,30.4,36.5,37.89,Moderate,0
2023-02-10 00:00:00,36.6,48.1,4.3,123.0,1007.1,0.9,38.5,34.7,41.5,28.87,Moderate,0
2023-02-10 06:00:00,38.1,26.1,8.8,1100.0,1012.8,0.7,38.3,36.3,38.1,30.4,Moderate,0
2023-02-10 12:00:00,33.3,49.0,18.4,468.0,976.8,0.0,33.5,32.2,34.0,27.06,Low,0
2023-02-10 18:00:00,33.6,65.0,14.5,878.0,1004.5,2.5,35.1,33.4,37.9,35.93,Moderate,0
2023-02-11 00:00:00,36.9,58.5,20.1,901.0,996.4,0.2,37.4,36.2,41.0,34.04,Moderate,0
2023-02-11 06:00:00,32.4,72.1,8.0,786.0,1020.0,8.1,35.0,32.5,38.4,39.74,High,0
2023-02-11 12:00:00,43.8,24.2,3.6,500.0,1011.1,2.2,44.6,40.8,46.3,29.56,Moderate,1
2023-02-11 18:00:00,39.9,41.3,7.8,622.0,1007.3,1.3,41.0,38.0,44.3,31.84,Moderate,0
2023-02-12 00:00:00,40.1,81.4,11.3,231.0,1000.7,0.3,42.8,39.2,53.7,37.97,Moderate,1
2023-02-12 06:00:00,27.2,26.0,20.6,1048.0,1009.0,1.1,26.0,26.4,22.3,22.86,Low,0
2023-02-12 12:00:00,33.4,84.2,16.4,337.0,995.7,0.5,35.6,33.3,40.5,35.5,Moderate,0
2023-02-12 18:00:00,31.9,26.9,2.5,487.0,1004.0,0.4,32.9,30.1,31.6,24.37,Low,0
2023-02-13 00:00:00,27.0,82.6,11.1,575.0,999.2,2.7,29.8,27.8,30.5,35.84,Moderate,0
2023-02-13 06:00:00,36.5,47.1,18.3,523.0,1027.7,0.7,36.7,35.0,38.4,28.71,Moderate,0
2023-02-13 12:00:00,30.2,65.9,21.5,386.0,1019.7,0.9,30.9,29.9,31.3,28.98,Moderate,0
2023-02-13 18:00:00,38.6,31.5,19.2,899.0,1015.6,2.8,37.9,36.7,38.0,29.13,Moderate,0
2023-02-14 00:00:00,26.5,25.0,5.8,788.0,990.1,0.1,27.1,25.5,24.2,22.96,Low,0
2023-02-14 06:00:00,46.0,36.2,6.1,631.0,1013.6,1.4,47.1,43.3,52.8,33.75,Moderate,1
2023-02-14 12:00:00,27.7,29.6,27.7,450.0,1006.9,1.3,25.9,26.4,21.9,18.16,Low,0
2023-02-14 18:00:00,35.5,43.4,7.0,816.0,1017.2,0.8,36.8,34.3,38.4,31.83,Moderate,0
2023-02-15 00:00:00,39.5,58.6,25.0,434.0,1008.2,2.7,39.4,38.0,44.5,31.63,Moderate,0
2023-02-15 06:00:00,30.0,64.2,4.9,943.0,1004.9,4.3,32.6,30.2,34.0,37.15,Moderate,0
2023-02-15 12:00:00,40.0,79.2,8.8,578.0,1007.3,0.9,42.9,39.4,53.5,40.69,High,1
2023-02-15 18:00:00,25.4,69.2,1.6,857.0,986.9,0.9,28.7,26.1,28.5,35.15,Moderate,0
2023-02-16 00:00:00,44.2,65.7,8.4,522.0,997.3,1.0,46.5,42.6,58.4,38.9,High,1
2023-02-16 06:00:00,34.1,50.9,5.2,568.0,1008.7,1.9,36.0,33.0,38.0,31.96,Moderate,0
2023-02-16 12:00:00,29.8,55.5,14.6,856.0,1016.4,1.7,30.8,29.6,30.6,31.38,Moderate,0
2023-02-16 18:00:00,31.9,51.1,14.5,1098.0,999.5,0.4,32.7,31.6,33.0,32.61,Moderate,0
2023-02-17 00:00:00,39.7,83.2,12.9,940.0,1004.6,0.1,42.3,39.6,53.0,43.17,High,0
2023-02-17 06:00:00,29.9,37.3,5.4,769.0,989.0,4.5,31.1,29.0,30.0,29.04,Moderate,0
2023-02-17 12:00:00,28.8,20.4,20.1,697.0,1019.6,0.5,27.4,27.3,23.5,19.44,Low,0
2023-02-17 18:00:00,32.4,68.8,9.9,423.0,1016.1,1.5,34.7,32.0,37.5,33.5,Moderate,0
2023-02-18 00:00:00,25.8,35.2,15.4,624.0,1011.5,2.6,25.7,25.1,22.7,22.92,Low,0
2023-02-18 06:00:00,46.7,86.8,19.3,322.0,1009.1,0.5,48.7,45.4,68.8,41.44,High,1
2023-02-18 12:00:00,30.0,84.4,10.7,644.0,1020.5,1.5,32.9,30.6,35.7,37.82,Moderate,0
2023-02-18 18:00:00,39.8,25.8,3.3,660.0,996.9,0.2,40.7,37.4,41.3,28.72,Moderate,0
2023-02-19 00:00:00,35.5,28.0,11.6,60.0,995.9,5.3,35.5,33.0,34.6,22.96,Low,0
2023-02-19 06:00:00,27.1,57.1,8.5,560.0,1015.6,0.1,28.9,26.9,28.2,29.0,Moderate,0
2023-02-19 12:00:00,34.0,65.7,5.0,654.0,1014.9,0.9,36.7,33.6,40.5,35.94,Moderate,0
2023-02-19 18:00:00,39.5,40.6,23.3,529.0,993.1,1.2,38.7,37.5,40.6,27.65,Low,0
2023-02-20 00:00:00,32.7,73.8,7.8,640.0,999.7,2.3,35.5,32.7,39.2,37.21,Moderate,0
2023-02-20 06:00:00,42.4,64.6,14.0,215.0,1021.9,0.2,43.9,40.6,53.5,34.11,Moderate,1
2023-02-20 12:00:00,41.2,44.4,16.2,356.0,1009.1,0.9,41.5,39.0,45.5,29.38,Moderate,0
2023-02-20 18:00:00,40.4,21.9,11.6,809.0,1012.9,0.5,40.1,37.9,39.6,27.58,Low,0
2023-02-21 00:00:00,30.8,76.3,7.2,550.0,993.4,0.6,33.8,30.9,36.5,35.83,Moderate,0
2023-02-21 06:00:00,26.4,36.1,3.0,635.0,1011.6,2.3,27.8,25.7,25.9,25.87,Low,0
2023-02-21 12:00:00,29.7,82.6,12.8,413.0,990.8,0.0,32.3,30.0,34.5,34.55,Moderate,0
2023-02-21 18:00:00,35.4,51.5,7.9,555.0,985.2,2.1,37.0,34.2,39.6,32.12,Moderate,0
2023-02-22 00:00:00,37.8,63.3,27.2,50.0,1012.3,2.5,37.7,36.3,42.1,28.64,Moderate,0
2023-02-22 06:00:00,18.8,85.5,6.0,762.0,1019.3,3.5,22.4,20.7,19.7,35.57,Moderate,0
2023-02-22 12:00:00,33.9,84.8,1.7,1002.0,1002.5,1.5,37.9,34.5,44.3,44.15,High,0
2023-02-22 18:00:00,35.1,47.9,4.0,284.0,999.5,0.6,37.0,33.6,39.2,29.31,Moderate,0
2023-02-23 00:00:00,32.1,35.7,19.2,315.0,1022.1,0.8,31.6,30.5,30.0,22.17,Low,0
2023-02-23 06:00:00,43.0,78.1,16.5,660.0,1003.1,5.2,44.9,42.1,58.0,42.35,High,1
2023-02-23 12:00:00,37.0,52.5,23.1,918.0,1004.3,3.2,36.9,36.1,39.3,33.16,Moderate,0
2023-02-23 18:00:00,43.2,34.4,8.6,549.0,1021.9,0.9,43.9,40.6,47.4,30.75,Moderate,1
2023-02-24 00:00:00,32.5,87.8,15.2,243.0,1001.5,4.3,35.1,32.6,39.7,36.86,Moderate,0
2023-02-24 06:00:00,40.6,34.9,11.2,498.0,998.5,2.6,41.0,38.3,43.2,29.4,Moderate,0
2023-02-24 12:00:00,45.4,21.9,6.3,293.0,1013.2,3.5,45.7,41.9,47.2,28.07,Moderate,1
2023-02-24 18:00:00,43.2,21.5,9.9,383.0,997.9,1.7,43.1,40.0,43.4,26.3,Low,1
2023-02-25 00:00:00,26.4,66.7,7.5,474.0,1003.6,2.9,28.8,26.6,28.5,31.62,Moderate,0
2023-02-25 06:00:00,32.2,69.6,22.3,318.0,991.8,3.3,33.0,31.7,34.9,30.97,Moderate,0
2023-02-25 12:00:00,31.6,43.3,6.3,356.0,1006.9,0.1,33.0,30.3,33.0,26.49,Low,0
2023-02-25 18:00:00,37.4,44.0,24.4,569.0,1005.7,5.0,36.7,35.8,37.9,28.97,Moderate,0
2023-02-26 00:00:00,38.8,45.5,6.0,604.0,1014.7,0.6,40.4,37.1,44.0,32.38,Moderate,0
2023-02-26 06:00:00,28.1,71.0,7.5,194.0,1013.6,0.9,30.8,28.0,31.5,30.67,Moderate,0
2023-02-26 12:00:00,34.5,24.4,10.2,649.0,1010.5,2.4,34.5,32.6,32.9,25.29,Low,0
2023-02-26 18:00:00,19.9,89.7,5.8,455.0,1008.9,1.6,23.7,21.5,21.6,34.19,Moderate,0
2023-02-27 00:00:00,44.1,36.7,10.2,730.0,1004.3,3.4,44.7,41.7,49.1,33.65,Moderate,1
2023-02-27 06:00:00,30.4,95.0,11.1,745.0,1011.1,0.8,33.8,31.4,37.8,41.08,High,0
2023-02-27 12:00:00,34.4,32.9,21.6,414.0,993.9,0.7,33.5,32.5,32.1,22.74,Low,0
2023-02-27 18:00:00,31.8,77.9,1.6,704.0,981.5,0.0,35.5,32.1,39.5,38.75,High,0
2023-02-28 00:00:00,42.0,36.8,6.0,341.0,1016.6,0.9,43.1,39.4,46.7,29.77,Moderate,1
2023-02-28 06:00:00,18.0,26.1,26.3,881.0,1011.7,1.9,16.1,18.0,10.7,16.64,Low,0
2023-02-28 12:00:00,33.9,85.6,7.4,350.0,1003.7,0.5,37.3,33.9,43.3,37.98,Moderate,0
2023-02-28 18:00:00,33.3,84.4,7.4,638.0,1015.7,0.9,36.6,33.6,42.1,39.71,High,0
2023-03-01 00:00:00,30.8,50.3,5.7,503.0,997.7,0.4,32.6,30.0,33.0,29.21,Moderate,0
2023-03-01 06:00:00,46.1,72.7,15.0,296.0,997.9,2.2,47.9,44.3,63.4,38.91,High,1
2023-03-01 12:00:00,27.8,61.8,2.8,775.0,996.6,0.1,30.6,28.0,30.9,33.25,Moderate,0
2023-03-01 18:00:00,39.4,84.0,12.4,396.0,1010.7,1.8,42.1,38.8,52.7,39.85,High,0
2023-03-02 00:00:00,36.5,43.6,28.8,125.0,989.2,0.7,35.2,34.5,35.7,22.75,Low,0
2023-03-02 06:00:00,42.8,59.3,2.2,50.0,997.3,0.1,45.5,40.6,55.0,34.05,Moderate,1
2023-03-02 12:00:00,29.3,56.4,15.1,331.0,1007.9,2.9,30.3,28.7,29.9,27.76,Low,0
2023-03-02 18:00:00,28.9,46.5,3.8,894.0,993.0,1.0,30.8,28.5,30.3,30.92,Moderate,0
2023-03-03 00:00:00,41.7,86.9,12.9,864.0,998.4,1.4,44.5,41.4,58.2,44.88,High,1
2023-03-03 06:00:00,37.0,32.4,12.2,370.0,982.9,2.0,37.2,34.8,37.3,25.78,Low,0
2023-03-03 12:00:00,23.2,31.2,15.8,456.0,1011.1,1.6,22.9,22.4,19.0,19.06,Low,0
2023-03-03 18:00:00,30.2,63.3,6.7,434.0,998.1,2.0,32.6,29.8,33.8,32.03,Moderate,0
2023-03-04 00:00:00,36.7,69.3,7.0,217.0,994.0,2.2,39.3,35.7,45.4,34.84,Moderate,0
2023-03-04 06:00:00,39.9,34.6,16.0,313.0,992.0,1.3,39.7,37.4,41.1,26.21,Low,0
2023-03-04 12:00:00,29.2,49.3,6.7,795.0,1000.8,0.7,30.9,28.8,30.5,30.33,Moderate,0
2023-03-04 18:00:00,18.0,91.0,17.2,676.0,989.2,0.4,20.5,20.1,16.8,32.62,Moderate,0
2023-03-05 00:00:00,37.7,38.5,1.2,618.0,1024.4,3.5,39.5,35.9,41.7,32.21,Moderate,0
2023-03-05 06:00:00,25.5,70.1,11.7,216.0,981.2,5.3,27.6,25.6,26.8,30.14,Moderate,0
2023-03-05 12:00:00,19.9,75.5,16.5,575.0,1000.5,0.7,21.7,21.1,18.5,29.09,Moderate,0
2023-03-05 18:00:00,18.0,53.6,8.6,50.0,1006.1,0.2,19.6,18.1,16.0,20.23,Low,0
2023-03-06 00:00:00,39.7,90.3,22.2,761.0,997.2,0.4,41.6,39.7,52.9,41.85,High,0
2023-03-06 06:00:00,34.9,75.2,6.9,615.0,1007.1,1.7,37.8,34.7,43.4,38.33,High,0
2023-03-06 12:00:00,32.4,54.3,11.4,214.0,997.0,0.3,33.7,31.3,34.9,27.58,Low,0
2023-03-06 18:00:00,43.7,62.7,18.4,954.0,1020.3,2.3,44.6,42.5,54.6,39.62,High,1
2023-03-07 00:00:00,38.5,71.9,4.2,101.0,993.8,3.8,41.6,37.3,49.8,36.55,Moderate,0
2023-03-07 06:00:00,45.3,64.4,19.4,683.0,981.5,5.0,46.2,43.7,58.1,39.48,High,1
2023-03-07 12:00:00,24.3,85.9,12.3,689.0,992.0,0.0,27.1,25.6,26.5,35.12,Moderate,0
2023-03-07 18:00:00,33.8,46.8,5.5,240.0,1008.9,4.8,35.5,32.3,36.8,29.29,Moderate,0
2023-03-08 00:00:00,22.7,42.5,9.6,541.0,1003.8,2.0,23.7,22.5,20.7,23.68,Low,0
2023-03-08 06:00:00,32.4,36.0,5.2,141.0,1012.5,0.1,33.6,30.6,33.1,23.63,Low,0
2023-03-08 12:00:00,32.3,22.8,14.3,50.0,1010.0,0.8,31.7,29.9,29.1,18.03,Low,0
2023-03-08 18:00:00,38.4,23.2,8.1,283.0,998.6,1.8,38.6,35.7,38.0,24.21,Low,0
2023-03-09 00:00:00,34.3,85.3,7.4,396.0,1000.1,4.7,37.7,34.3,44.0,39.9,High,0
2023-03-09 06:00:00,38.4,70.9,14.6,711.0,1001.1,0.3,40.2,37.8,47.3,37.52,Moderate,0
2023-03-09 12:00:00,38.9,69.5,8.5,567.0,1023.8,0.2,41.4,38.0,49.1,37.5,Moderate,0
2023-03-09 18:00:00,49.1,66.1,9.9,573.0,1011.9,1.0,51.2,47.1,68.8,41.29,High,1
2023-03-10 00:00:00,31.8,83.7,9.4,296.0,1023.9,5.2,34.9,31.8,38.9,37.39,Moderate,0
2023-03-10 06:00:00,27.4,56.0,1.6,417.0,1013.4,5.3,30.0,27.0,29.8,30.99,Moderate,0
2023-03-10 12:00:00,35.7,85.3,3.2,318.0,1004.4,0.4,39.6,35.4,47.5,39.28,High,0
2023-03-10 18:00:00,28.4,47.0,6.1,244.0,994.8,0.6,30.0,27.4,29.2,25.35,Low,0
2023-03-11 00:00:00,44.4,89.5,6.4,402.0,1007.0,3.6,48.1,43.5,66.5,45.35,High,1
2023-03-11 06:00:00,32.0,72.4,1.4,569.0,1004.4,2.0,35.5,31.9,39.0,37.19,Moderate,0
2023-03-11 12:00:00,30.0,39.3,9.9,407.0,1004.1,5.4,30.8,28.8,29.6,26.29,Low,0
2023-03-11 18:00:00,30.7,62.3,8.9,469.0,1002.9,3.4,32.7,30.3,34.0,32.32,Moderate,0
2023-03-12 00:00:00,39.0,60.0,10.7,724.0,984.5,0.4,40.7,37.9,46.7,35.98,Moderate,0
2023-03-12 06:00:00,32.9,30.3,7.8,425.0,1017.6,2.1,33.5,31.1,32.4,24.74,Low,0
2023-03-12 12:00:00,29.5,64.3,23.9,217.0,1004.5,0.1,29.8,29.0,29.6,26.23,Low,0
2023-03-12 18:00:00,45.7,43.6,13.5,691.0,990.9,2.6,46.3,43.3,53.3,34.86,Moderate,1
2023-03-13 00:00:00,28.0,23.9,25.8,616.0,1009.8,1.4,26.1,26.7,22.0,18.52,Low,0
2023-03-13 06:00:00,34.2,91.1,4.2,632.0,996.4,4.7,38.3,34.6,45.5,43.71,High,0
2023-03-13 12:00:00,38.6,68.1,7.6,706.0,1010.6,4.8,41.1,37.8,48.4,39.85,High,0
2023-03-13 18:00:00,22.6,85.8,6.5,664.0,1013.8,0.1,26.1,24.0,25.1,35.34,Moderate,0
2023-03-14 00:00:00,37.4,70.7,2.6,557.0,1015.2,0.3,40.6,36.7,47.8,38.27,High,0
2023-03-14 06:00:00,26.6,46.8,8.6,1100.0,1003.4,1.0,27.9,26.7,26.3,30.55,Moderate,0
2023-03-14 12:00:00,39.8,58.5,1.3,229.0,1000.9,3.2,42.6,38.1,49.6,35.11,Moderate,0
2023-03-14 18:00:00,27.3,70.7,14.2,403.0,998.7,2.5,29.1,27.4,29.0,31.02,Moderate,0
2023-03-15 00:00:00,38.8,92.0,20.4,792.0,997.8,5.0,41.0,38.9,51.7,44.07,High,0
2023-03-15 06:00:00,41.7,39.0,8.3,586.0,1004.8,1.4,42.7,39.5,46.4,31.74,Moderate,1
2023-03-15 12:00:00,40.0,85.6,10.6,739.0,1002.9,0.4,43.0,39.7,54.7,42.96,High,1
2023-03-15 18:00:00,35.8,89.3,20.5,592.0,996.7,0.0,37.8,35.9,45.1,38.78,High,0
2023-03-16 00:00:00,32.4,70.3,4.8,894.0,993.6,0.4,35.3,32.5,38.7,38.04,High,0
2023-03-16 06:00:00,30.0,89.8,2.6,298.0,1003.9,1.7,34.2,30.4,38.0,38.26,High,0
2023-03-16 12:00:00,44.3,49.8,1.3,886.0,1000.7,3.9,46.6,42.5,55.2,40.14,High,1
2023-03-16 18:00:00,29.1,91.5,5.2,843.0,993.6,0.6,33.1,30.2,36.2,41.46,High,0
2023-03-17 00:00:00,26.7,72.7,5.9,247.0,1013.3,3.1,29.6,26.8,29.9,31.95,Moderate,0
2023-03-17 06:00:00,38.7,23.2,14.9,708.0,1022.7,0.8,38.1,36.3,37.0,25.83,Low,0
2023-03-17 12:00:00,28.4,88.0,3.4,539.0,1014.6,0.6,32.4,29.2,34.9,38.35,High,0
2023-03-17 18:00:00,27.3,56.3,2.5,398.0,997.8,1.1,29.8,26.9,29.5,29.23,Moderate,0
2023-03-18 00:00:00,23.9,54.5,16.6,78.0,1004.5,0.9,24.6,23.5,22.0,21.96,Low,0
2023-03-18 06:00:00,30.6,62.5,6.2,297.0,1020.4,3.7,33.0,30.0,34.4,31.68,Moderate,0
2023-03-18 12:00:00,33.4,31.2,10.7,727.0,993.3,0.9,33.7,31.9,32.6,26.46,Low,0
2023-03-18 18:00:00,35.7,55.2,15.5,753.0,1012.8,0.5,36.6,34.8,39.3,32.59,Moderate,0
2023-03-19 00:00:00,40.7,82.3,35.0,497.0,990.5,2.8,40.6,40.0,50.6,36.6,Moderate,0
2023-03-19 06:00:00,37.7,21.2,12.4,754.0,1021.8,10.0,37.3,35.4,35.8,28.94,Moderate,0
2023-03-19 12:00:00,32.7,40.5,5.7,786.0,1000.7,1.6,34.0,31.6,34.2,30.16,Moderate,0
2023-03-19 18:00:00,32.6,20.2,16.4,589.0,1027.3,0.4,31.6,30.6,28.7,21.0,Low,0
2023-03-20 00:00:00,37.6,51.2,4.6,369.0,1022.3,0.4,39.6,36.0,43.6,31.71,Moderate,0
2023-03-20 06:00:00,42.9,74.6,20.4,660.0,1003.9,0.1,44.2,41.9,56.0,38.86,High,1
2023-03-20 12:00:00,34.9,79.9,5.4,672.0,997.8,0.1,38.2,34.9,44.5,39.67,High,0
2023-03-20 18:00:00,30.7,90.9,3.9,718.0,1006.9,3.7,34.8,31.5,39.1,42.44,High,0
2023-03-21 00:00:00,27.0,65.6,9.8,766.0,1003.2,0.2,29.1,27.4,28.8,32.4,Moderate,0
2023-03-21 06:00:00,23.9,39.1,12.2,209.0,1001.0,1.0,24.4,23.1,21.3,20.01,Low,0
2023-03-21 12:00:00,38.7,89.3,4.1,423.0,988.4,1.8,42.7,38.4,54.1,42.72,High,0
2023-03-21 18:00:00,38.0,78.1,6.1,75.0,999.9,2.8,41.2,37.0,49.8,36.95,Moderate,0
2023-03-22 00:00:00,38.0,63.1,13.1,737.0,993.9,0.3,39.6,37.1,45.2,35.89,Moderate,0
2023-03-22 06:00:00,33.1,72.2,10.9,497.0,1010.5,0.9,35.4,32.8,39.0,34.81,Moderate,0
2023-03-22 12:00:00,43.8,89.3,12.6,658.0,1014.9,0.4,46.8,43.2,63.8,44.59,High,1
2023-03-22 18:00:00,30.6,73.4,20.6,181.0,1012.4,0.4,31.8,30.3,33.2,29.5,Moderate,0
2023-03-23 00:00:00,40.7,47.6,11.7,900.0,1008.4,0.5,41.7,39.2,46.4,34.8,Moderate,0
2023-03-23 06:00:00,33.7,73.5,24.3,251.0,996.5,1.3,34.5,33.2,37.6,31.02,Moderate,0
2023-03-23 12:00:00,29.7,23.0,17.0,744.0,1007.1,0.0,28.8,28.3,25.5,21.3,Low,0
2023-03-23 18:00:00,38.1,49.0,6.2,579.0,1012.9,0.8,39.8,36.6,43.6,32.78,Moderate,0
2023-03-24 00:00:00,36.9,50.5,21.2,503.0,999.1,0.3,36.9,35.5,39.1,28.87,Moderate,0
2023-03-24 06:00:00,36.5,32.5,11.4,482.0,1006.2,5.1,36.8,34.5,36.8,27.67,Low,0
2023-03-24 12:00:00,34.6,21.7,19.2,390.0,1003.5,1.3,33.4,32.3,30.8,20.54,Low,0
2023-03-24 18:00:00,33.7,30.0,12.8,874.0,1021.6,3.0,33.7,32.3,32.4,27.71,Low,0
2023-03-25 00:00:00,50.0,69.1,28.1,553.0,1013.5,0.3,50.1,48.0,68.5,38.41,High,1
2023-03-25 06:00:00,42.3,80.2,3.9,233.0,1011.1,2.5,45.8,41.1,59.5,40.93,High,1
2023-03-25 12:00:00,39.1,94.1,8.2,454.0,987.8,0.8,42.8,38.9,55.2,43.17,High,0
2023-03-25 18:00:00,34.8,46.0,14.4,582.0,1006.7,0.3,35.4,33.5,36.4,28.75,Moderate,0
2023-03-26 00:00:00,41.1,65.0,10.5,774.0,1003.4,2.1,43.1,40.0,51.8,39.18,High,1
2023-03-26 06:00:00,37.6,90.3,4.6,399.0,1003.4,2.2,41.6,37.4,51.9,42.34,High,0
2023-03-26 12:00:00,34.2,32.5,26.4,416.0,989.4,8.2,32.7,32.3,30.8,24.22,Low,0
2023-03-26 18:00:00,31.9,73.8,9.0,556.0,994.1,2.3,34.5,31.8,37.6,35.98,Moderate,0
2023-03-27 00:00:00,33.4,76.6,18.0,768.0,1004.3,0.2,35.1,33.5,38.9,36.41,Moderate,0
2023-03-27 06:00:00,18.0,26.7,13.7,208.0,1016.1,0.6,17.7,17.3,13.2,13.8,Low,0
2023-03-27 12:00:00,35.5,84.6,16.0,676.0,999.1,0.9,37.8,35.6,44.5,39.31,High,0
2023-03-27 18:00:00,30.6,81.0,3.7,434.0,1001.0,0.2,34.2,30.8,37.6,36.61,Moderate,0
2023-03-28 00:00:00,45.1,22.5,9.3,469.0,1022.8,2.3,45.1,41.8,46.4,28.38,Moderate,1
2023-03-28 06:00:00,34.1,26.8,16.3,1050.0,1002.0,1.1,33.5,32.7,31.6,27.04,Low,0
2023-03-28 12:00:00,25.7,23.7,17.9,501.0,1003.7,4.3,24.7,24.5,20.8,19.17,Low,0
2023-03-28 18:00:00,33.7,45.1,16.9,739.0,1003.8,1.3,33.9,32.6,34.2,29.06,Moderate,0
2023-03-29 00:00:00,26.7,58.2,5.5,730.0,991.5,1.1,29.0,26.8,28.3,31.32,Moderate,0
2023-03-29 06:00:00,37.3,59.9,2.3,255.0,1010.7,0.1,40.0,35.9,45.4,33.25,Moderate,0
2023-03-29 12:00:00,36.0,40.1,3.3,89.0,998.5,0.2,37.6,33.9,39.2,26.3,Low,0
2023-03-29 18:00:00,40.7,88.4,9.6,755.0,1004.7,2.8,44.0,40.5,57.1,45.14,High,1
2023-03-30 00:00:00,28.5,47.6,10.3,279.0,1009.4,7.0,29.6,27.6,28.6,27.21,Low,0
2023-03-30 06:00:00,34.2,23.4,9.6,134.0,1024.4,0.8,34.2,31.7,32.5,20.61,Low,0
2023-03-30 12:00:00,24.4,42.5,3.8,807.0,991.8,2.5,26.1,24.3,23.9,27.77,Low,0
2023-03-30 18:00:00,38.9,59.8,6.4,295.0,1013.6,1.5,41.1,37.4,47.3,33.91,Moderate,0
2023-03-31 00:00:00,37.6,50.6,26.2,357.0,1013.7,4.8,37.0,36.0,39.3,28.69,Moderate,0
2023-03-31 06:00:00,37.5,40.5,12.3,1044.0,998.6,0.4,38.0,36.2,39.7,32.51,Moderate,0
2023-03-31 12:00:00,34.0,29.8,9.2,135.0,1011.0,1.2,34.4,31.8,33.4,22.34,Low,0
2023-03-31 18:00:00,36.9,81.4,25.8,236.0,1021.4,0.8,37.9,36.3,44.6,33.84,Moderate,0
2023-04-01 00:00:00,45.2,94.7,29.6,435.0,997.4,1.2,46.4,44.4,65.6,41.78,High,1
2023-04-01 06:00:00,32.0,44.7,6.9,490.0,1007.4,0.5,33.4,30.9,33.6,28.05,Moderate,0
2023-04-01 12:00:00,35.0,48.6,12.3,327.0,1009.0,1.0,36.0,33.5,37.6,28.24,Moderate,0
2023-04-01 18:00:00,26.4,66.4,2.7,260.0,1010.3,1.5,29.4,26.3,29.4,30.42,Moderate,0
2023-04-02 00:00:00,27.9,73.9,2.1,927.0,1012.7,0.1,31.3,28.6,32.6,37.6,Moderate,0
2023-04-02 06:00:00,34.7,49.4,8.1,616.0,1006.7,2.0,36.2,33.6,38.1,31.66,Moderate,0
2023-04-02 12:00:00,41.7,87.9,3.6,696.0,1010.1,1.8,45.7,41.3,60.3,45.87,High,1
2023-04-02 18:00:00,32.2,62.0,6.4,516.0,995.9,3.2,34.5,31.7,36.8,33.7,Moderate,0
2023-04-03 00:00:00,32.3,53.8,11.5,622.0,1006.6,0.8,33.6,31.6,34.6,30.63,Moderate,0
2023-04-03 06:00:00,31.2,68.5,22.6,783.0,1000.2,0.1,31.9,31.3,33.0,32.55,Moderate,0
2023-04-03 12:00:00,30.3,91.5,12.6,301.0,992.7,0.9,33.4,30.8,36.8,36.56,Moderate,0
2023-04-03 18:00:00,36.1,79.6,6.9,616.0,999.9,0.2,39.3,35.9,46.4,39.45,High,0
2023-04-04 00:00:00,23.5,23.0,30.7,724.0,1007.7,1.6,21.0,22.7,15.7,16.18,Low,0
2023-04-04 06:00:00,43.0,44.9,10.1,936.0,1009.4,0.1,44.0,41.2,49.8,35.61,Moderate,1
2023-04-04 12:00:00,29.3,55.3,18.1,1037.0,992.3,0.7,29.9,29.3,29.2,31.41,Moderate,0
2023-04-04 18:00:00,39.1,43.6,19.1,567.0,995.6,0.1,39.0,37.3,41.5,28.96,Moderate,0
2023-04-05 00:00:00,25.1,72.5,9.1,835.0,1012.2,0.0,27.6,26.0,26.9,33.86,Moderate,0
2023-04-05 06:00:00,38.7,82.0,0.8,50.0,1010.1,4.8,42.7,37.8,53.1,39.81,High,0
2023-04-05 12:00:00,38.7,74.9,5.8,938.0,1013.9,8.3,41.7,38.4,50.5,44.92,High,0
2023-04-05 18:00:00,36.7,94.2,6.0,369.0,1018.7,1.2,40.7,36.7,50.6,42.05,High,0
2023-04-06 00:00:00,27.0,40.4,9.3,490.0,1010.4,0.4,27.9,26.2,25.9,24.2,Low,0
2023-04-06 06:00:00,35.7,85.6,7.9,660.0,1000.9,3.6,39.0,35.8,46.6,42.1,High,0
2023-04-06 12:00:00,25.7,77.5,8.3,512.0,1006.1,3.8,28.6,26.4,28.5,34.45,Moderate,0
2023-04-06 18:00:00,32.2,47.2,9.8,599.0,1021.6,2.9,33.4,31.2,33.8,29.84,Moderate,0
2023-04-07 00:00:00,41.2,75.1,11.1,947.0,1032.6,1.2,43.6,40.7,54.4,42.62,High,1
2023-04-07 06:00:00,39.6,27.8,2.2,454.0,1009.6,0.1,40.7,37.1,41.8,27.77,Low,0
2023-04-07 12:00:00,34.1,79.2,11.0,278.0,1010.4,0.1,36.7,33.7,41.9,35.06,Moderate,0
2023-04-07 18:00:00,27.2,59.9,15.1,1003.0,1012.3,3.4,28.4,27.6,27.4,32.91,Moderate,0
2023-04-08 00:00:00,38.5,41.9,31.0,682.0,1005.2,3.1,36.9,36.8,37.8,27.8,Low,0
2023-04-08 06:00:00,34.1,69.2,10.7,1031.0,1016.6,0.9,36.3,34.1,40.2,38.55,High,0
2023-04-08 12:00:00,18.0,68.1,17.3,766.0,1015.1,0.6,19.3,19.3,15.3,27.62,Low,0
2023-04-08 18:00:00,39.5,35.7,14.3,219.0,1008.5,1.5,39.6,37.0,41.1,26.01,Low,0
2023-04-09 00:00:00,33.8,22.3,5.2,711.0,1001.8,2.5,34.3,31.9,32.6,25.95,Low,0
2023-04-09 06:00:00,42.4,52.5,11.2,304.0,989.8,2.0,43.7,40.3,50.7,32.94,Moderate,1
2023-04-09 12:00:00,26.3,62.7,24.4,552.0,1012.3,1.4,26.5,26.4,24.6,27.26,Low,0
2023-04-09 18:00:00,18.0,85.7,23.6,531.0,1007.1,0.4,19.5,19.7,15.2,28.93,Moderate,0
2023-04-10 00:00:00,36.0,89.6,23.6,146.0,997.6,0.5,37.6,35.7,44.9,35.15,Moderate,0
2023-04-10 06:00:00,36.0,59.7,35.0,347.0,993.7,1.9,34.8,34.8,36.9,27.39,Low,0
2023-04-10 12:00:00,22.2,76.5,15.0,1100.0,1011.6,2.4,24.2,23.8,22.0,35.21,Moderate,0
2023-04-10 18:00:00,27.2,52.9,7.0,610.0,989.0,0.2,29.0,26.9,28.1,28.71,Moderate,0
2023-04-11 00:00:00,50.0,76.0,15.2,506.0,1008.0,0.3,52.0,48.2,73.8,42.36,High,1
2023-04-11 06:00:00,31.9,35.4,4.7,1003.0,1013.4,1.7,33.1,31.0,32.5,30.38,Moderate,0
2023-04-11 12:00:00,39.1,47.8,13.6,451.0,1010.5,0.7,39.9,37.3,43.5,30.45,Moderate,0
2023-04-11 18:00:00,29.4,67.6,4.4,527.0,1001.1,1.2,32.3,29.4,33.7,33.62,Moderate,0
2023-04-12 00:00:00,19.4,21.4,5.7,798.0,992.5,1.4,19.8,19.0,15.9,19.41,Low,0
2023-04-12 06:00:00,32.8,74.2,2.0,450.0,1010.9,2.2,36.3,32.6,40.5,37.06,Moderate,0
2023-04-12 12:00:00,32.1,82.7,12.9,363.0,1017.0,2.5,34.7,32.1,38.6,36.14,Moderate,0
2023-04-12 18:00:00,31.2,49.9,22.8,50.0,999.3,0.5,31.0,29.9,30.2,22.5,Low,0
2023-04-13 00:00:00,33.2,53.6,10.7,316.0,1010.1,1.2,34.6,32.1,36.1,28.99,Moderate,0
2023-04-13 06:00:00,35.8,83.8,9.8,313.0,1020.8,0.2,38.8,35.5,46.1,37.52,Moderate,0
2023-04-13 12:00:00,32.9,78.2,6.1,590.0,1008.4,2.8,36.1,32.9,40.6,38.54,High,0
2023-04-13 18:00:00,25.2,41.6,18.5,397.0,1001.0,2.8,25.1,24.5,22.0,22.0,Low,0
2023-04-14 00:00:00,37.4,44.3,20.5,1090.0,1015.4,0.5,37.2,36.3,38.8,32.15,Moderate,0
2023-04-14 06:00:00,20.4,70.9,2.9,286.0,997.6,0.3,23.6,21.1,21.4,28.58,Moderate,0
2023-04-14 12:00:00,19.6,62.2,11.4,900.0,992.0,0.1,21.3,20.7,18.1,28.88,Moderate,0
2023-04-14 18:00:00,39.2,32.2,18.0,605.0,1013.1,1.3,38.7,37.0,39.2,27.08,Low,0
2023-04-15 00:00:00,37.5,43.2,7.0,752.0,1000.9,0.1,38.8,36.0,41.3,31.95,Moderate,0
2023-04-15 06:00:00,33.6,87.5,2.4,737.0,1001.8,1.7,37.7,34.0,44.1,42.64,High,0
2023-04-15 12:00:00,24.2,71.6,4.2,50.0,998.7,1.7,27.3,24.3,26.5,28.92,Moderate,0
2023-04-15 18:00:00,29.0,93.9,25.2,547.0,1000.3,1.4,30.7,29.9,32.5,36.08,Moderate,0
2023-04-16 00:00:00,32.2,77.5,20.0,484.0,1019.0,3.1,33.7,32.2,36.6,34.58,Moderate,0
2023-04-16 06:00:00,22.8,90.6,21.7,267.0,1021.6,0.7,24.7,24.0,22.9,30.82,Moderate,0
2023-04-16 12:00:00,28.8,36.2,3.3,665.0,1022.9,3.5,30.2,27.9,28.9,27.56,Low,0
2023-04-16 18:00:00,38.6,77.9,17.9,979.0,1015.9,0.1,40.3,38.4,48.6,40.64,High,0
2023-04-17 00:00:00,44.0,21.5,26.3,50.0,1009.7,0.2,41.9,40.4,41.3,20.36,Low,0
2023-04-17 06:00:00,31.1,70.3,5.8,416.0,990.7,0.8,33.9,30.9,36.4,33.81,Moderate,0
2023-04-17 12:00:00,39.3,55.2,8.5,239.0,1003.1,1.4,41.0,37.5,46.5,32.07,Moderate,0
2023-04-17 18:00:00,20.6,46.0,11.7,568.0,1026.6,0.0,21.5,20.7,18.0,22.69,Low,0
2023-04-18 00:00:00,38.6,84.7,13.1,469.0,1000.6,1.3,41.3,38.2,51.1,39.9,High,0
2023-04-18 06:00:00,28.4,84.1,7.3,399.0,1020.1,0.6,31.7,28.9,33.7,35.55,Moderate,0
2023-04-18 12:00:00,36.2,21.7,19.3,722.0,1005.6,3.3,35.0,34.1,32.7,24.43,Low,0
2023-04-18 18:00:00,32.3,65.7,14.6,959.0,978.2,1.1,33.8,32.3,35.9,35.62,Moderate,0
2023-04-19 00:00:00,43.2,47.6,4.9,1100.0,1011.4,1.3,45.0,41.6,51.9,39.07,High,1
2023-04-19 06:00:00,27.9,51.2,18.5,365.0,1017.7,4.4,28.2,27.3,26.6,25.93,Low,0
2023-04-19 12:00:00,38.4,82.4,9.0,95.0,1004.5,2.2,41.4,37.5,51.0,37.56,Moderate,0
2023-04-19 18:00:00,32.0,43.2,15.0,690.0,1017.3,0.9,32.4,31.0,31.8,27.69,Low,0
2023-04-20 00:00:00,32.9,90.7,5.2,953.0,988.3,1.0,36.8,33.7,42.8,43.94,High,0
2023-04-20 06:00:00,32.7,33.5,5.5,753.0,991.1,1.6,33.7,31.4,33.1,28.2,Moderate,0
2023-04-20 12:00:00,28.1,69.7,2.3,952.0,1007.0,0.3,31.3,28.7,32.4,36.85,Moderate,0
2023-04-20 18:00:00,33.9,70.4,21.0,494.0,1009.8,0.1,34.9,33.5,38.1,32.39,Moderate,0
2023-04-21 00:00:00,33.6,38.9,17.3,398.0,1018.6,0.6,33.5,32.0,32.9,24.58,Low,0
2023-04-21 06:00:00,35.7,44.4,11.8,579.0,1011.4,2.3,36.5,34.3,37.9,29.95,Moderate,0
2023-04-21 12:00:00,34.6,82.6,3.2,467.0,993.1,0.4,38.3,34.5,44.9,39.22,High,0
2023-04-21 18:00:00,39.6,77.1,23.2,716.0,1007.1,0.2,40.7,39.1,49.4,37.89,Moderate,0
2023-04-22 00:00:00,40.5,44.7,14.9,792.0,1011.0,0.4,40.9,38.8,44.7,32.5,Moderate,0
2023-04-22 06:00:00,26.6,60.0,7.3,812.0,986.3,1.7,28.7,26.9,28.1,32.2,Moderate,0
2023-04-22 12:00:00,40.1,24.6,12.6,678.0,1004.6,1.4,39.8,37.6,39.6,27.25,Low,0
2023-04-22 18:00:00,25.7,35.7,8.8,611.0,1001.6,1.7,26.4,25.0,23.9,23.91,Low,0
2023-04-23 00:00:00,38.1,56.4,14.9,749.0,998.5,0.6,39.1,37.0,43.6,34.09,Moderate,0
2023-04-23 06:00:00,38.3,26.4,4.5,59.0,1010.0,3.5,39.1,35.5,39.3,24.6,Low,0
2023-04-23 12:00:00,20.6,83.2,1.4,603.0,993.5,0.9,24.6,22.1,23.0,34.63,Moderate,0
2023-04-23 18:00:00,34.7,73.9,13.9,563.0,1009.2,1.1,36.7,34.4,41.4,35.92,Moderate,0
2023-04-24 00:00:00,30.7,90.8,15.5,603.0,1010.6,4.5,33.4,31.4,36.9,39.51,High,0
2023-04-24 06:00:00,28.7,72.0,2.3,528.0,1015.8,5.8,32.0,28.9,33.6,36.44,Moderate,0
2023-04-24 12:00:00,43.5,90.5,0.8,658.0,993.8,1.6,47.9,43.0,65.7,47.54,High,1
2023-04-24 18:00:00,29.4,61.6,11.9,406.0,989.9,4.3,31.1,29.0,31.4,30.8,Moderate,0
2023-04-25 00:00:00,28.4,65.0,14.3,832.0,1007.8,1.2,29.9,28.7,29.9,32.83,Moderate,0
2023-04-25 06:00:00,34.5,93.3,8.5,668.0,1002.1,0.6,38.1,35.0,45.6,42.37,High,0
2023-04-25 12:00:00,38.8,68.2,4.8,588.0,1034.0,0.6,41.6,37.9,49.4,38.17,High,0
2023-04-25 18:00:00,33.0,22.3,31.1,376.0,1009.6,1.2,30.4,30.9,26.6,17.44,Low,0
2023-04-26 00:00:00,42.2,74.3,13.4,754.0,1005.6,1.4,44.3,41.3,55.8,41.03,High,1
2023-04-26 06:00:00,37.7,87.9,20.8,602.0,1003.3,0.9,39.6,37.6,48.5,39.61,High,0
2023-04-26 12:00:00,18.8,79.7,3.9,361.0,992.8,3.2,22.3,20.1,19.7,31.43,Moderate,0
2023-04-26 18:00:00,30.3,63.8,22.8,536.0,1010.6,0.8,30.8,30.0,30.9,29.33,Moderate,0
2023-04-27 00:00:00,30.1,70.3,13.1,707.0,1004.2,0.5,32.0,30.3,33.4,33.98,Moderate,0
2023-04-27 06:00:00,37.4,94.3,29.1,688.0,1004.2,0.0,38.6,37.6,47.6,39.74,High,0
2023-04-27 12:00:00,18.0,26.8,15.0,672.0,1005.9,5.3,17.5,17.8,12.9,18.7,Low,0
2023-04-27 18:00:00,50.0,70.0,10.6,573.0,1007.2,2.6,52.2,48.0,72.3,43.09,High,1
2023-04-28 00:00:00,37.7,41.3,9.3,806.0,987.6,1.4,38.6,36.2,40.7,31.96,Moderate,0
2023-04-28 06:00:00,35.0,68.0,5.9,859.0,1013.4,2.7,37.7,34.7,42.4,38.96,High,0
2023-04-28 12:00:00,42.3,65.6,9.4,734.0,996.5,2.5,44.5,41.1,54.4,39.94,High,1
2023-04-28 18:00:00,50.0,31.5,15.2,403.0,1003.6,4.0,49.8,46.5,55.8,31.76,Moderate,1
2023-04-29 00:00:00,40.1,35.5,17.0,285.0,1017.9,0.7,39.8,37.6,41.4,25.9,Low,0
2023-04-29 06:00:00,40.6,66.6,5.2,414.0,1022.8,1.2,43.3,39.3,52.3,37.4,Moderate,1
2023-04-29 12:00:00,34.9,29.6,2.9,1038.0,988.0,0.2,36.0,33.5,35.8,30.38,Moderate,0
2023-04-29 18:00:00,33.0,39.9,12.3,620.0,1005.3,5.0,33.5,31.7,33.2,28.76,Moderate,0
2023-04-30 00:00:00,30.7,82.6,2.1,1082.0,1007.7,6.3,34.6,31.6,38.3,44.36,High,0
2023-04-30 06:00:00,28.2,44.5,9.5,520.0,989.9,2.3,29.3,27.5,28.0,26.62,Low,0
2023-04-30 12:00:00,29.2,56.6,3.3,485.0,1013.0,0.9,31.6,28.7,32.1,30.58,Moderate,0
2023-04-30 18:00:00,24.5,90.6,16.6,531.0,1006.2,1.0,27.0,25.8,26.4,34.69,Moderate,0
2023-05-01 00:00:00,33.5,37.0,7.2,527.0,1006.9,0.9,34.5,32.0,34.4,27.15,Low,0
2023-05-01 06:00:00,22.2,49.2,8.0,357.0,995.8,0.5,23.7,22.1,21.0,23.54,Low,0
2023-05-01 12:00:00,35.3,65.5,2.7,263.0,1009.1,1.1,38.3,34.3,43.1,34.08,Moderate,0
2023-05-01 18:00:00,33.7,76.7,19.5,675.0,1013.4,0.1,35.2,33.7,39.1,35.54,Moderate,0
2023-05-02 00:00:00,35.0,87.6,11.4,814.0,1006.3,7.2,38.0,35.4,45.0,44.0,High,0
2023-05-02 06:00:00,30.3,88.7,11.7,1100.0,999.9,0.8,33.3,31.5,36.6,42.0,High,0
2023-05-02 12:00:00,50.0,78.2,3.4,442.0,1000.6,3.9,53.5,48.2,77.0,46.05,High,1
2023-05-02 18:00:00,43.5,37.1,1.9,462.0,1007.2,1.9,45.1,40.9,49.9,32.6,Moderate,1
2023-05-03 00:00:00,25.3,21.9,5.2,357.0,1005.5,0.5,25.8,23.9,22.6,18.67,Low,0
2023-05-03 06:00:00,35.6,48.8,7.1,831.0,1014.0,0.4,37.2,34.6,39.5,33.17,Moderate,0
2023-05-03 12:00:00,29.7,30.6,5.1,754.0,1000.2,8.2,30.6,28.6,28.9,28.52,Moderate,0
2023-05-03 18:00:00,26.9,73.3,29.2,331.0,992.8,2.2,27.1,27.1,25.8,27.84,Low,0
2023-05-04 00:00:00,24.6,69.6,19.8,324.0,1008.6,0.4,25.7,24.9,23.8,27.08,Low,0
2023-05-04 06:00:00,37.0,23.3,9.7,788.0,1000.2,0.1,37.0,34.9,35.9,26.48,Low,0
2023-05-04 12:00:00,29.2,82.7,5.5,646.0,1012.8,1.8,32.7,29.8,35.2,38.19,High,0
2023-05-04 18:00:00,40.8,38.7,4.0,740.0,1005.1,0.5,42.3,38.8,45.8,32.96,Moderate,1
2023-05-05 00:00:00,41.0,52.4,9.4,329.0,1011.5,0.4,42.5,39.1,48.6,32.28,Moderate,1
2023-05-05 06:00:00,43.6,70.1,12.0,81.0,994.9,2.0,45.7,41.8,57.8,36.05,Moderate,1
2023-05-05 12:00:00,28.0,52.2,6.8,331.0,1006.4,1.7,29.8,27.4,29.2,27.37,Low,0
2023-05-05 18:00:00,37.3,53.1,13.2,722.0,998.0,1.0,38.4,36.2,41.9,33.18,Moderate,0
2023-05-06 00:00:00,38.4,24.9,6.4,1078.0,992.8,4.3,38.9,36.5,38.7,31.82,Moderate,0
2023-05-06 06:00:00,30.7,50.1,3.9,443.0,996.4,1.7,32.7,29.8,33.2,29.48,Moderate,0
2023-05-06 12:00:00,28.6,77.4,13.2,1100.0,999.6,3.4,30.9,29.5,32.0,39.02,High,0
2023-05-06 18:00:00,45.3,88.6,1.9,757.0,1017.4,0.3,49.5,44.6,69.3,47.94,High,1
2023-05-07 00:00:00,35.6,51.0,2.9,202.0,999.3,0.5,37.8,34.0,40.8,29.88,Moderate,0
2023-05-07 06:00:00,38.5,51.8,4.5,604.0,992.3,0.2,40.6,37.1,45.2,33.98,Moderate,0
2023-05-07 12:00:00,28.2,72.7,6.0,766.0,1006.3,0.5,31.1,28.7,32.2,35.58,Moderate,0
2023-05-07 18:00:00,25.5,90.7,15.3,50.0,1005.3,5.4,28.2,26.2,28.3,33.35,Moderate,0
2023-05-08 00:00:00,30.0,40.0,2.7,711.0,1000.1,4.9,31.7,29.1,31.1,30.01,Moderate,0
2023-05-08 06:00:00,33.1,53.0,8.0,843.0,1003.4,2.1,34.8,32.5,36.4,33.6,Moderate,0
2023-05-08 12:00:00,26.6,79.7,12.1,650.0,1014.8,1.1,29.1,27.4,29.4,34.74,Moderate,0
2023-05-08 18:00:00,33.9,65.7,11.4,535.0,1011.7,2.3,35.8,33.3,39.1,34.22,Moderate,0
2023-05-09 00:00:00,22.2,28.3,15.3,507.0,1010.8,1.2,21.8,21.5,17.7,18.23,Low,0
2023-05-09 06:00:00,26.2,67.1,8.2,492.0,993.2,0.0,28.6,26.4,28.1,30.61,Moderate,0
2023-05-09 12:00:00,38.7,34.0,5.9,256.0,1033.9,1.0,39.7,36.3,41.2,27.01,Low,0
2023-05-09 18:00:00,38.2,58.3,21.8,378.0,1015.5,1.4,38.5,36.8,42.8,30.73,Moderate,0
2023-05-10 00:00:00,31.3,59.7,5.7,446.0,1010.2,0.5,33.6,30.7,35.2,31.39,Moderate,0
2023-05-10 06:00:00,26.9,85.7,5.1,578.0,993.4,0.3,30.6,27.8,31.9,36.95,Moderate,0
2023-05-10 12:00:00,26.8,54.7,4.8,411.0,1014.5,0.5,29.0,26.4,28.2,28.03,Moderate,0
2023-05-10 18:00:00,31.4,41.0,4.7,333.0,1000.0,1.5,32.9,30.0,32.7,26.46,Low,0
2023-05-11 00:00:00,38.5,37.3,25.1,740.0,1003.1,0.2,37.4,36.7,38.0,27.25,Low,0
2023-05-11 06:00:00,40.5,85.6,27.8,643.0,988.2,1.9,41.4,40.1,52.4,39.55,High,0
2023-05-11 12:00:00,30.5,32.8,16.5,415.0,992.6,0.8,30.2,29.0,28.0,22.02,Low,0
2023-05-11 18:00:00,25.9,51.9,13.6,677.0,1009.4,0.7,26.9,25.8,25.0,27.23,Low,0
2023-05-12 00:00:00,35.9,34.0,5.1,437.0,1015.1,2.5,37.0,33.9,37.5,27.79,Low,0
2023-05-12 06:00:00,28.2,78.0,6.7,566.0,1011.8,1.1,31.3,28.7,32.7,35.48,Moderate,0
2023-05-12 12:00:00,30.4,55.6,2.4,794.0,1011.5,0.7,32.9,30.1,33.9,33.3,Moderate,0
2023-05-12 18:00:00,43.3,46.3,8.0,399.0,1004.4,3.2,44.7,41.0,51.1,33.57,Moderate,1
2023-05-13 00:00:00,39.8,47.1,3.1,257.0,1000.9,0.7,41.8,37.7,46.5,31.24,Moderate,0
2023-05-13 06:00:00,35.1,83.9,10.8,514.0,1007.9,2.9,38.0,35.0,44.6,39.48,High,0
2023-05-13 12:00:00,25.1,61.5,5.4,209.0,1013.2,1.1,27.5,25.0,26.5,27.54,Low,0
2023-05-13 18:00:00,35.5,73.8,11.5,481.0,1005.0,0.3,37.8,35.0,43.3,35.84,Moderate,0
2023-05-14 00:00:00,41.4,87.3,4.7,480.0,1017.1,1.4,45.2,40.8,59.3,43.6,High,1
2023-05-14 06:00:00,31.4,87.6,2.0,50.0,1002.8,0.5,35.5,31.4,40.3,36.18,Moderate,0
2023-05-14 12:00:00,43.5,44.6,4.1,683.0,995.2,0.2,45.2,41.4,51.7,35.1,Moderate,1
2023-05-14 18:00:00,43.0,91.4,12.2,504.0,1004.9,0.1,46.1,42.4,62.6,43.58,High,1
2023-05-15 00:00:00,45.6,21.9,12.7,845.0,1006.1,0.4,45.2,42.7,46.2,29.93,Moderate,1
2023-05-15 06:00:00,36.1,48.3,11.8,604.0,1004.2,2.0,37.1,34.8,39.3,31.19,Moderate,0
2023-05-15 12:00:00,38.1,87.2,10.7,734.0,1017.8,2.7,41.2,38.1,51.1,43.26,High,0
2023-05-15 18:00:00,43.9,40.6,9.7,848.0,1013.1,3.0,44.8,41.8,50.1,35.38,Moderate,1
2023-05-16 00:00:00,37.1,40.5,14.7,517.0,990.7,0.5,37.4,35.3,38.6,27.93,Low,0
2023-05-16 06:00:00,30.5,42.7,0.9,550.0,1020.3,1.6,32.5,29.5,32.5,28.9,Moderate,0
2023-05-16 12:00:00,30.9,65.9,24.4,157.0,977.6,0.4,31.3,30.3,31.8,26.82,Low,0
2023-05-16 18:00:00,35.7,52.9,7.9,860.0,1026.5,1.5,37.4,34.8,40.3,34.68,Moderate,0
2023-05-17 00:00:00,25.0,74.5,14.7,514.0,1002.1,3.3,27.0,25.6,25.9,31.94,Moderate,0
2023-05-17 06:00:00,33.0,87.1,9.1,299.0,1003.1,0.1,36.3,33.0,41.6,37.08,Moderate,0
2023-05-17 12:00:00,41.7,70.6,5.3,735.0,1004.4,6.3,44.6,40.7,55.4,43.07,High,1
2023-05-17 18:00:00,18.7,35.3,7.4,50.0,1008.9,2.6,19.6,18.1,15.8,17.04,Low,0
2023-05-18 00:00:00,44.7,90.0,3.9,443.0,1005.0,2.2,48.7,43.8,67.8,45.93,High,1
2023-05-18 06:00:00,41.9,39.8,4.5,777.0,1003.7,1.8,43.4,39.9,47.7,34.36,Moderate,1
2023-05-18 12:00:00,30.8,31.2,13.1,441.0,1018.1,2.2,30.8,29.3,28.8,23.12,Low,0
2023-05-18 18:00:00,37.8,26.7,10.9,371.0,1010.7,7.8,37.8,35.3,37.4,27.02,Low,0
2023-05-19 00:00:00,34.0,62.3,1.8,446.0,995.4,2.2,36.9,33.2,40.5,34.63,Moderate,0
2023-05-19 06:00:00,42.6,28.5,4.6,50.0,1012.4,0.6,43.5,39.4,45.6,25.96,Low,1
2023-05-19 12:00:00,40.9,30.4,7.8,729.0,1010.2,1.4,41.5,38.6,43.1,30.4,Moderate,0
2023-05-19 18:00:00,24.2,42.5,9.2,519.0,999.5,0.6,25.2,23.8,22.6,23.78,Low,0
2023-05-20 00:00:00,38.1,41.1,30.4,482.0,1012.9,5.3,36.5,36.2,37.2,26.81,Low,0
2023-05-20 06:00:00,32.6,65.3,10.7,483.0,1003.4,3.5,34.6,32.1,37.1,33.7,Moderate,0
2023-05-20 12:00:00,34.6,81.3,1.5,554.0,1002.8,1.3,38.5,34.5,45.0,40.2,High,0
2023-05-20 18:00:00,28.9,77.1,9.5,713.0,1002.5,2.3,31.6,29.4,33.2,36.53,Moderate,0
2023-05-21 00:00:00,46.2,39.7,3.2,537.0,980.7,3.6,47.8,43.5,54.9,35.36,Moderate,1
2023-05-21 06:00:00,41.3,38.4,8.1,210.0,999.7,0.4,42.2,38.7,45.7,28.28,Moderate,1
2023-05-21 12:00:00,28.8,92.4,32.2,694.0,1012.1,1.3,29.6,29.8,30.6,35.28,Moderate,0
2023-05-21 18:00:00,24.7,20.6,6.4,675.0,1004.8,1.0,25.0,23.6,21.6,20.4,Low,0
2023-05-22 00:00:00,31.3,86.0,17.0,601.0,992.1,2.2,33.6,31.8,36.9,37.46,Moderate,0
2023-05-22 06:00:00,37.0,35.0,9.5,819.0,1014.6,0.7,37.6,35.3,38.4,29.89,Moderate,0
2023-05-22 12:00:00,35.7,91.0,23.6,558.0,1002.0,1.9,37.4,35.9,44.6,38.94,High,0
2023-05-22 18:00:00,42.8,45.7,13.7,828.0,992.8,0.8,43.4,40.9,49.0,34.43,Moderate,1
2023-05-23 00:00:00,39.5,53.0,18.5,902.0,1027.1,0.2,39.9,38.3,44.4,34.16,Moderate,0
2023-05-23 06:00:00,40.8,73.0,12.1,696.0,994.5,0.2,43.0,40.0,52.9,39.48,High,1
2023-05-23 12:00:00,36.3,64.1,6.4,363.0,1013.8,0.2,38.7,35.3,43.8,33.87,Moderate,0
2023-05-23 18:00:00,24.3,43.8,21.9,517.0,997.3,0.0,23.9,23.9,20.4,21.38,Low,0
2023-05-24 00:00:00,32.6,61.5,11.1,860.0,1006.4,1.1,34.3,32.4,36.4,34.66,Moderate,0
2023-05-24 06:00:00,41.4,74.8,6.7,176.0,996.0,1.7,44.3,40.1,55.6,37.9,Moderate,1
2023-05-24 12:00:00,33.6,23.2,5.3,452.0,992.6,0.2,34.1,31.5,32.5,23.32,Low,0
2023-05-24 18:00:00,37.5,20.8,11.4,464.0,1010.2,1.4,37.2,34.9,35.7,23.76,Low,0
2023-05-25 00:00:00,31.8,54.4,19.5,334.0,1009.1,1.4,32.2,30.9,32.4,27.0,Low,0
2023-05-25 06:00:00,26.8,29.9,12.8,768.0,1016.4,0.2,26.8,25.9,23.8,22.8,Low,0
2023-05-25 12:00:00,33.1,69.8,7.1,644.0,1004.7,0.8,35.7,32.9,39.3,36.03,Moderate,0
2023-05-25 18:00:00,36.2,36.1,12.4,372.0,1027.2,2.1,36.5,34.2,36.9,26.36,Low,0
2023-05-26 00:00:00,29.4,52.5,15.9,701.0,1007.7,0.0,30.1,29.0,29.4,28.43,Moderate,0
2023-05-26 06:00:00,32.4,34.8,2.3,510.0,1010.7,0.2,33.9,30.9,33.5,26.72,Low,0
2023-05-26 12:00:00,27.4,61.1,3.2,327.0,991.4,8.2,30.1,27.1,30.1,32.29,Moderate,0
2023-05-26 18:00:00,41.8,28.7,14.9,372.0,998.9,2.0,41.4,39.0,42.6,26.49,Low,0
2023-05-27 00:00:00,31.9,21.7,3.1,659.0,1010.2,0.9,32.6,30.1,30.7,24.42,Low,0
2023-05-27 06:00:00,44.2,23.8,8.1,785.0,1004.2,1.5,44.4,41.4,45.8,30.63,Moderate,1
2023-05-27 12:00:00,44.7,91.6,10.1,428.0,1006.9,2.8,48.1,43.9,67.1,45.18,High,1
2023-05-27 18:00:00,33.4,30.7,4.2,686.0,996.8,2.8,34.4,31.8,33.8,27.99,Low,0
2023-05-28 00:00:00,26.9,73.1,8.4,945.0,1006.2,0.6,29.5,27.7,29.8,36.0,Moderate,0
2023-05-28 06:00:00,19.4,25.1,10.3,235.0,1006.2,1.0,19.4,18.6,15.3,15.06,Low,0
2023-05-28 12:00:00,23.7,28.1,20.1,639.0,993.2,1.5,22.7,23.0,18.5,18.99,Low,0
2023-05-28 18:00:00,24.4,58.2,18.7,758.0,1011.4,0.1,25.1,24.8,22.6,27.51,Low,0
2023-05-29 00:00:00,43.6,54.9,11.4,526.0,988.0,4.4,45.0,41.7,53.5,36.55,Moderate,1
2023-05-29 06:00:00,34.8,91.4,5.9,860.0,1006.8,0.9,38.7,35.4,46.4,44.1,High,0
2023-05-29 12:00:00,36.7,90.9,19.0,1100.0,1022.7,0.7,39.0,37.3,47.5,43.94,High,0
2023-05-29 18:00:00,18.5,78.5,19.4,636.0,1011.8,3.6,20.1,20.0,16.2,30.1,Moderate,0
2023-05-30 00:00:00,25.6,65.2,5.2,492.0,1011.7,0.2,28.2,25.8,27.6,30.54,Moderate,0
2023-05-30 06:00:00,40.2,54.1,10.7,794.0,996.0,0.1,41.6,38.9,47.4,35.46,Moderate,0
2023-05-30 12:00:00,36.0,46.7,6.7,761.0,1022.7,1.7,37.5,34.8,39.8,32.84,Moderate,0
2023-05-30 18:00:00,33.0,91.0,11.7,50.0,1018.8,0.7,36.1,32.9,41.8,35.88,Moderate,0
2023-05-31 00:00:00,38.0,65.2,4.9,549.0,996.6,2.2,40.7,37.0,47.2,37.31,Moderate,0
2023-05-31 06:00:00,45.5,63.4,15.8,451.0,1000.3,0.1,46.8,43.6,58.9,36.58,Moderate,1
2023-05-31 12:00:00,32.5,37.4,11.7,649.0,1017.5,0.7,33.0,31.2,32.2,26.75,Low,0
2023-05-31 18:00:00,34.5,23.5,4.9,502.0,1023.0,0.4,35.1,32.4,33.8,24.32,Low,0
2023-06-01 00:00:00,35.3,90.9,14.9,529.0,992.4,2.0,38.1,35.5,45.5,40.3,High,0
2023-06-01 06:00:00,50.0,43.5,5.9,334.0,995.0,0.4,51.5,46.9,62.5,34.84,Moderate,1
2023-06-01 12:00:00,19.3,53.2,1.8,734.0,1003.6,0.9,21.7,20.0,18.9,27.44,Low,0
2023-06-01 18:00:00,38.8,28.6,4.1,964.0,983.3,2.6,39.7,36.9,40.5,31.93,Moderate,0
2023-06-02 00:00:00,33.2,82.8,16.9,338.0,1005.2,3.7,35.3,33.1,39.8,36.09,Moderate,0
2023-06-02 06:00:00,38.0,22.1,25.4,201.0,1016.9,1.9,36.1,35.2,33.9,19.72,Low,0
2023-06-02 12:00:00,29.4,82.5,25.8,555.0,990.6,0.8,30.4,29.9,31.5,33.14,Moderate,0
2023-06-02 18:00:00,33.7,30.5,6.1,543.0,1006.3,1.3,34.5,31.9,33.8,26.1,Low,0
2023-06-03 00:00:00,39.0,86.5,8.1,843.0,999.2,1.8,42.4,39.0,53.3,44.51,High,0
2023-06-03 06:00:00,50.0,74.7,6.8,243.0,1021.4,3.1,52.9,47.9,74.9,42.72,High,1
2023-06-03 12:00:00,39.7,32.4,9.2,416.0,999.3,3.3,40.2,37.3,41.6,28.4,Moderate,0
2023-06-03 18:00:00,28.1,62.4,3.0,50.0,1020.2,4.0,30.9,27.5,31.3,29.42,Moderate,0
